Config_Type,Treatment_Index,Row_Spacing,Plant_Spacing,Density,True_Yield,LIE,Cum_LIE,Peak_LIE,HI,Overlap_Ratio,Competition_Factor,Base_Score_No_Competition,Yield_Score,LIE_Trajectory
Virtual_2D_response_surface,,46.45883198181646,13.00888429127368,16.545948267560394,,0.4642372352285396,53.38728205128206,0.7144615384615385,0.23734787036758534,0.5978967696943,0.5047773182873206,22.808443859253735,11.513185125581007,"[0.02864102564102564, 0.07728205128205128, 0.12676923076923077, 0.21192307692307694, 0.2694358974358974, 0.46066666666666667, 0.5550512820512821, 0.48794871794871797, 0.7144615384615385, 0.15802564102564104]"
Virtual_2D_response_surface,,58.80536329190502,9.52298999142881,17.85705082728722,,0.4429432552954292,50.93847435897436,0.6806153846153846,0.20679696918099785,0.6982084028375599,0.4224877616265269,18.961059801851764,8.01081571375107,"[0.029384615384615384, 0.07771794871794872, 0.12905128205128205, 0.2093076923076923, 0.2602051282051282, 0.4451282051282051, 0.5268205128205128, 0.454, 0.6806153846153846, 0.17102564102564102]"
Virtual_2D_response_surface,,46.853180644347496,10.971992732057286,19.452499386589235,,0.49331906354515054,56.73169230769231,0.7471538461538462,0.20853283872904743,0.6562321327024678,0.41389315692099987,21.294757517086694,8.813754414614206,"[0.033025641025641025, 0.08476923076923076, 0.144, 0.23435897435897435, 0.30343589743589744, 0.4939230769230769, 0.5996666666666667, 0.5185128205128205, 0.7471538461538462, 0.18228205128205127]"
Virtual_2D_response_surface,,22.82277396642554,26.461207234743945,16.558535247783105,,0.5151111482720178,59.23778205128204,0.8004615384615384,0.2694721506657314,0.324546834125303,0.689788236583172,28.733278554048297,19.819877545050048,"[0.02846153846153846, 0.08023076923076923, 0.1336153846153846, 0.21907692307692309, 0.2904102564102564, 0.5015897435897436, 0.6458461538461538, 0.5405128205128205, 0.8004615384615384, 0.16028205128205128]"
Virtual_2D_response_surface,,28.266088572605188,19.947671936371446,17.735444083984408,,0.5352188405797101,61.55016666666667,0.8178205128205128,0.2555262783097987,0.40356240845749575,0.6098099761456562,28.309833031826088,17.26361860582538,"[0.03169230769230769, 0.08387179487179487, 0.14051282051282052, 0.23374358974358975, 0.31751282051282054, 0.521948717948718, 0.6726410256410257, 0.5764615384615385, 0.8178205128205128, 0.1621794871794872]"
Virtual_2D_response_surface,,71.12466002707828,8.841384499963349,15.902284488819824,,0.39529977703455965,45.45947435897436,0.6165897435897436,0.21068929922358914,0.7181133930617776,0.45422969799460183,17.24008463237705,7.8309584359660045,"[0.027641025641025642, 0.06987179487179487, 0.1127948717948718, 0.17515384615384616, 0.22441025641025641, 0.38856410256410256, 0.4551282051282051, 0.4016153846153846, 0.6165897435897436, 0.15107692307692308]"
Virtual_2D_response_surface,,74.81937059610422,7.4237489871945606,18.003737431254937,,0.40068762541806024,46.079076923076926,0.6221282051282051,0.18630920623059594,0.7598919709499737,0.38851804817176866,15.45292124167866,6.0037387993690565,"[0.03248717948717949, 0.07894871794871795, 0.12458974358974359, 0.19076923076923077, 0.23887179487179488, 0.39471794871794874, 0.46415384615384614, 0.3924102564102564, 0.6221282051282051, 0.17623076923076922]"
Virtual_2D_response_surface,,55.66067816762235,9.437898894607578,19.036021471145204,,0.45757123745819395,52.6206923076923,0.695,0.19744129741099922,0.7006874100290942,0.39782594366941654,18.70109596781236,7.4397811510472724,"[0.03453846153846154, 0.0823076923076923, 0.14148717948717948, 0.22415384615384615, 0.27315384615384614, 0.4674102564102564, 0.5453846153846154, 0.4746153846153846, 0.695, 0.1753846153846154]"
Virtual_2D_response_surface,,62.8964893396231,8.246604015980395,19.27961927832673,,0.43084180602006683,49.54680769230769,0.6431025641025641,0.17963390225449502,0.7355759373180661,0.37530419282846855,16.02051553804007,6.012566652700067,"[0.034102564102564105, 0.08156410256410257, 0.1386153846153846, 0.21207692307692308, 0.2661282051282051, 0.44771794871794873, 0.5224102564102564, 0.45453846153846156, 0.6431025641025641, 0.16674358974358974]"
Virtual_2D_response_surface,,30.726833175312613,20.85570804923827,15.60476593439613,,0.494541806020067,56.8723076923077,0.7683076923076924,0.2750780653773857,0.378526222588509,0.6648530875793135,28.159783872385347,18.722119253121555,"[0.02653846153846154, 0.07546153846153845, 0.12135897435897436, 0.19887179487179488, 0.2743076923076923, 0.4803076923076923, 0.6192307692307693, 0.5271282051282051, 0.7683076923076924, 0.14594871794871794]"
Virtual_2D_response_surface,,57.494058298516094,10.235847079450535,16.992342217036732,,0.44022318840579716,50.625666666666675,0.683,0.2191732723893057,0.6775030212005535,0.45132858070754434,19.97242745440235,9.014127336279806,"[0.030794871794871795, 0.07558974358974359, 0.12812820512820514, 0.1983076923076923, 0.2613333333333333, 0.4351025641025641, 0.5187948717948718, 0.45082051282051283, 0.683, 0.1585897435897436]"
Virtual_2D_response_surface,,42.891225344611726,12.015969097707064,19.403172451505224,,0.49679163879598665,57.131038461538466,0.7355384615384616,0.2055831545541256,0.6262432883192793,0.43184010807197765,21.141322397777085,9.129670949040579,"[0.03430769230769231, 0.09364102564102564, 0.1493076923076923, 0.24228205128205127, 0.31174358974358973, 0.5055128205128205, 0.6099230769230769, 0.5422307692307692, 0.7355384615384616, 0.1723846153846154]"
Virtual_2D_response_surface,,53.403463646716176,11.244130420730812,16.65346851080558,,0.43885484949832776,50.46830769230769,0.6747179487179488,0.22110349400632068,0.648395521945775,0.4741668138230341,20.085694501239544,9.523969765075591,"[0.028538461538461537, 0.07528205128205129, 0.12892307692307692, 0.2123846153846154, 0.26569230769230767, 0.44487179487179485, 0.5380769230769231, 0.4530769230769231, 0.6747179487179488, 0.14743589743589744]"
Virtual_2D_response_surface,,52.229933879962765,10.492233077320925,18.247887482503923,,0.45455618729096986,52.273961538461535,0.691,0.20534392286183992,0.670082427104778,0.4295637293920207,19.321452586505938,8.299795230330595,"[0.03225641025641025, 0.07887179487179487, 0.1412820512820513, 0.22235897435897437, 0.2791025641025641, 0.4706153846153846, 0.5478205128205128, 0.476, 0.691, 0.15515384615384614]"
Virtual_2D_response_surface,,58.344459312757074,9.502464443737416,18.03699260572033,,0.444979375696767,51.172628205128206,0.6758974358974359,0.20303392571665285,0.6988062349503066,0.41852356854052714,18.70160326870661,7.827061737448277,"[0.033615384615384616, 0.079, 0.13343589743589743, 0.21110256410256412, 0.2643846153846154, 0.43953846153846154, 0.5306666666666666, 0.4655128205128205, 0.6758974358974359, 0.17148717948717948]"
Virtual_2D_response_surface,,26.129253780245318,20.237686590656676,18.910896906401096,,0.5515061315496098,63.423205128205126,0.8302820512820512,0.2418154212660854,0.3955576805451149,0.5963496135024514,27.606076319020087,16.462872943166804,"[0.03338461538461539, 0.08902564102564102, 0.1434102564102564, 0.241, 0.3322307692307692, 0.5516923076923077, 0.6978205128205128, 0.6025641025641025, 0.8302820512820512, 0.1747948717948718]"
Virtual_2D_response_surface,,67.51294895951222,7.417428422898166,19.969149001688614,,0.4287554069119287,49.3068717948718,0.645,0.17385366778881012,0.7600795051443066,0.35032902046308456,15.42992491571597,5.405550481541718,"[0.036, 0.08443589743589744, 0.14125641025641025, 0.21066666666666667, 0.2651282051282051, 0.4306153846153846, 0.511051282051282, 0.4411794871794872, 0.645, 0.18276923076923077]"
Virtual_2D_response_surface,,56.48941617362948,8.64075013714866,20.48714620821432,,0.46956477146042364,53.99994871794872,0.7104102564102565,0.18698623884877055,0.7239938733462861,0.35879582577975666,18.175045155832297,6.5211303352712156,"[0.03397435897435897, 0.09130769230769231, 0.15033333333333335, 0.22628205128205128, 0.2866666666666667, 0.4756923076923077, 0.5557435897435897, 0.48725641025641026, 0.7104102564102565, 0.18535897435897436]"
Virtual_2D_response_surface,,41.89235451037665,14.478418784469806,16.487093300375996,,0.48298550724637673,55.54333333333332,0.7433076923076923,0.24912432586300537,0.5562258890627712,0.5306094831131041,24.906951851131545,13.21586484765188,"[0.030615384615384614, 0.07874358974358975, 0.12584615384615386, 0.21046153846153845, 0.27589743589743587, 0.47305128205128205, 0.5875128205128205, 0.5139230769230769, 0.7433076923076923, 0.15633333333333332]"
Virtual_2D_response_surface,,51.74828239849438,10.93425844983597,17.673181009285447,,0.45499052396878487,52.32391025641026,0.6874871794871795,0.2114388548934425,0.6573198614137634,0.44807891451749055,19.913953802692745,8.923022803662018,"[0.030358974358974358, 0.07853846153846154, 0.13453846153846155, 0.2133076923076923, 0.27676923076923077, 0.4601794871794872, 0.5561794871794872, 0.48415384615384616, 0.6874871794871795, 0.15817948717948718]"
Virtual_2D_response_surface,,42.18102451036188,10.263925312248817,23.097734926647973,,0.5456794871794872,62.75314102564103,0.8079487179487179,0.18869910067806278,0.6766896918164645,0.3395588227025021,21.314630297271794,7.237570770080692,"[0.044384615384615383, 0.10733333333333334, 0.17694871794871794, 0.2815128205128205, 0.3421025641025641, 0.5568205128205128, 0.6536666666666666, 0.5803846153846154, 0.8079487179487179, 0.21743589743589745]"
Virtual_2D_response_surface,,51.605648953032414,11.399983467162308,16.998027781891036,,0.4454080267558528,51.22192307692307,0.6778717948717948,0.2172814111775743,0.6439137540977139,0.4693669740708057,20.033229112889405,9.40293612958407,"[0.030358974358974358, 0.0767948717948718, 0.13156410256410256, 0.21556410256410258, 0.2678974358974359, 0.4513076923076923, 0.5356923076923077, 0.47215384615384615, 0.6778717948717948, 0.14661538461538462]"
Virtual_2D_response_surface,,67.67260849246304,8.50420801934808,17.376136043820356,,0.41039453734671133,47.195371794871804,0.6269230769230769,0.194965294360815,0.728001642950932,0.4172098952472006,16.56262719801952,6.910091958304159,"[0.030717948717948716, 0.07658974358974359, 0.12884615384615383, 0.19587179487179487, 0.25, 0.416, 0.4862051282051282, 0.4186666666666667, 0.6269230769230769, 0.1631025641025641]"
Virtual_2D_response_surface,,24.260008991262495,22.209185093453343,18.55993363369466,,0.5504477146042365,63.30148717948719,0.8371282051282052,0.24924760393187886,0.34134855118728386,0.6454503137903028,28.399939208661117,18.33074967385584,"[0.033025641025641025, 0.0861025641025641, 0.1402051282051282, 0.23343589743589743, 0.3231282051282051, 0.5587435897435897, 0.6892051282051282, 0.5956410256410256, 0.8371282051282052, 0.17148717948717948]"
Virtual_2D_response_surface,,56.45804367294697,10.85732278197566,16.313660697507373,,0.43259219620958755,49.74810256410257,0.6697179487179488,0.22435163795298654,0.6595384612327934,0.47543159921603284,20.089922931557243,9.551384187477112,"[0.028, 0.07538461538461538, 0.12194871794871795, 0.1975897435897436, 0.24825641025641026, 0.4317692307692308, 0.5188974358974359, 0.44758974358974357, 0.6697179487179488, 0.14856410256410257]"
Virtual_2D_response_surface,,69.89367640927244,7.618107897352864,18.78083925686357,,0.4202810479375696,48.3323205128205,0.6466153846153846,0.18560208042376908,0.7541310545804438,0.37578196358414734,16.14704262999821,6.067767385577662,"[0.03274358974358974, 0.08058974358974359, 0.1296153846153846, 0.20041025641025642, 0.255025641025641, 0.4148205128205128, 0.4907948717948718, 0.4227435897435897, 0.6466153846153846, 0.1742820512820513]"
Virtual_2D_response_surface,,52.622050228024705,11.282074609204537,16.84392378957053,,0.44392285395763653,51.0511282051282,0.6761025641025641,0.21884076169624703,0.6473039698284421,0.4707353155046625,20.109722007353426,9.46635633384257,"[0.029615384615384616, 0.07782051282051282, 0.12833333333333333, 0.21235897435897436, 0.2602564102564103, 0.441, 0.5388461538461539, 0.472, 0.6761025641025641, 0.147]"
Virtual_2D_response_surface,,46.16823273413986,9.98394950193072,21.69473620316222,,0.510738127090301,58.734884615384615,0.7611538461538462,0.1892940152504129,0.684807018449358,0.3581978029777381,20.012691859408545,7.168502255710606,"[0.03664102564102564, 0.09748717948717948, 0.16225641025641024, 0.25556410256410256, 0.3204871794871795, 0.5209230769230769, 0.6205641025641025, 0.5432564102564102, 0.7611538461538462, 0.19115384615384615]"
Virtual_2D_response_surface,,71.69258282399922,9.438408878017896,14.778385324017691,,0.38365172798216274,44.119948717948716,0.6022307692307692,0.22252570698010615,0.7006725474880184,0.48891478067101435,17.67208100469762,8.640141608412137,"[0.02494871794871795, 0.06592307692307692, 0.10953846153846154, 0.17592307692307693, 0.2159230769230769, 0.3688461538461538, 0.4430769230769231, 0.38653846153846155, 0.6022307692307692, 0.14461538461538462]"
Virtual_2D_response_surface,,54.191073167845204,10.356282355212072,17.81838612182092,,0.45331560758082495,52.13129487179487,0.687025641025641,0.2094072308562246,0.6740155775442354,0.4360755617113549,19.65000618009336,8.568887482615807,"[0.03223076923076923, 0.07941025641025641, 0.14017948717948717, 0.21561538461538463, 0.2743333333333333, 0.4533846153846154, 0.5407948717948718, 0.4807948717948718, 0.687025641025641, 0.15894871794871795]"
Virtual_2D_response_surface,,72.21827714354126,6.492367192314916,21.32798378759601,,0.43075061315496094,49.53632051282051,0.649948717948718,0.1641083558960023,0.7876627433935117,0.3132011920131917,14.632783409693499,4.58300520638686,"[0.0362051282051282, 0.08738461538461538, 0.14456410256410257, 0.21266666666666667, 0.27094871794871794, 0.42430769230769233, 0.49223076923076925, 0.438, 0.649948717948718, 0.19728205128205129]"
Virtual_2D_response_surface,,34.775871362167905,17.12538834958687,16.79119288806279,,0.5038149386845038,57.93871794871794,0.7727948717948718,0.2549748987908555,0.48190904823224084,0.5716752446473349,26.591253741083303,15.201561487913157,"[0.029897435897435896, 0.07582051282051282, 0.1255897435897436, 0.22071794871794873, 0.2956410256410256, 0.49043589743589744, 0.6194102564102564, 0.5436410256410257, 0.7727948717948718, 0.15233333333333332]"
Virtual_2D_response_surface,,64.37810920047886,8.482957986397334,18.31110136279825,,0.42062408026755854,48.37176923076923,0.6341538461538462,0.18674039409948565,0.7286258006004223,0.3977258780413688,16.259333848997795,6.466757831460396,"[0.032871794871794875, 0.07746153846153846, 0.1346153846153846, 0.2102051282051282, 0.25646153846153846, 0.43323076923076925, 0.5029743589743589, 0.4368717948717949, 0.6341538461538462, 0.1655897435897436]"
Virtual_2D_response_surface,,29.83992184382558,19.08761629813576,17.557012669318535,,0.5329926421404683,61.29415384615385,0.8125641025641026,0.2565825058673331,0.42734943067124703,0.5954177931560003,28.308613659955178,16.855452272716317,"[0.03125641025641026, 0.08202564102564103, 0.1413846153846154, 0.227, 0.30612820512820516, 0.5191025641025641, 0.6644102564102564, 0.5776666666666667, 0.8125641025641026, 0.1682820512820513]"
Virtual_2D_response_surface,,64.61608363092512,7.8699129362343445,19.66479576134537,,0.43153901895206237,49.62698717948717,0.648974358974359,0.1776823757719256,0.7466837477525539,0.36251392698256724,15.872113772017514,5.753862293008157,"[0.03471794871794872, 0.08551282051282051, 0.1355897435897436, 0.21166666666666667, 0.26697435897435895, 0.4491538461538462, 0.5089743589743589, 0.4481025641025641, 0.648974358974359, 0.17451282051282052]"
Virtual_2D_response_surface,,25.526961925288443,22.181757781554825,17.660577902653973,,0.5337099219620959,61.37664102564102,0.8145897435897436,0.2556045225461149,0.34210033232156245,0.6586850393966796,28.23866464471787,18.600385934015613,"[0.031794871794871796, 0.08184615384615385, 0.13015384615384615, 0.22441025641025641, 0.30748717948717946, 0.5282051282051282, 0.6795384615384615, 0.5787179487179487, 0.8145897435897436, 0.16079487179487179]"
Virtual_2D_response_surface,,36.70965080361662,16.283080104303618,16.729508706248744,,0.5048527313266443,58.058064102564096,0.7816410256410257,0.2593361666790592,0.5054626264891959,0.5574625091346266,27.10180042049892,15.108237664477205,"[0.028179487179487178, 0.07771794871794872, 0.12879487179487178, 0.2177948717948718, 0.29556410256410254, 0.4939230769230769, 0.6117948717948718, 0.5353076923076923, 0.7816410256410257, 0.15587179487179487]"
Virtual_2D_response_surface,,45.16582746300328,12.543664773782906,17.650848597992052,,0.47790078037904127,54.95858974358975,0.7308974358974359,0.22651167581659998,0.6111579495167103,0.4745135510945722,22.407772074007532,10.632791498955102,"[0.029923076923076924, 0.08235897435897437, 0.1341025641025641, 0.22046153846153846, 0.2886923076923077, 0.4765128205128205, 0.5864358974358974, 0.5002564102564102, 0.7308974358974359, 0.1655128205128205]"
Virtual_2D_response_surface,,43.843320554868555,10.89227439200526,20.94006318898322,,0.5122089186176143,58.90402564102564,0.7571794871794871,0.19542368635974294,0.658530416891187,0.3856086079875677,20.720235297956492,7.989901090419868,"[0.03512820512820513, 0.09617948717948718, 0.160025641025641, 0.2597948717948718, 0.325, 0.5313333333333333, 0.6312564102564102, 0.5514102564102564, 0.7571794871794871, 0.187]"
Virtual_2D_response_surface,,65.52196025124516,7.351285095644172,20.761075714127983,,0.4392779264214047,50.51696153846154,0.6576153846153846,0.17048574136741226,0.7620427329475946,0.3351104168244685,15.5023589511246,5.195001969873895,"[0.03679487179487179, 0.09148717948717949, 0.1488205128205128, 0.21397435897435899, 0.27492307692307694, 0.44674358974358974, 0.5247435897435897, 0.45566666666666666, 0.6576153846153846, 0.1819230769230769]"
Virtual_2D_response_surface,,54.18293606838745,9.108465044496405,20.262464599897065,,0.47152742474916387,54.22565384615385,0.7053589743589743,0.1877480015070139,0.7103007331680801,0.3698761578891191,18.325364652047714,6.778115469416482,"[0.03664102564102564, 0.09194871794871795, 0.14833333333333334, 0.23043589743589743, 0.2886923076923077, 0.4827692307692308, 0.5673076923076923, 0.4978717948717949, 0.7053589743589743, 0.18343589743589744]"
Virtual_2D_response_surface,,21.133794169164624,21.392232994893725,22.11904675226219,,0.5978075808249722,68.7478717948718,0.8751282051282051,0.21539622489842597,0.37087428100199804,0.5672850421702222,26.65445769794945,15.120675159205659,"[0.03741025641025641, 0.10651282051282052, 0.17158974358974358, 0.2803333333333333, 0.3852820512820513, 0.6151282051282051, 0.7739230769230769, 0.6611538461538462, 0.8751282051282051, 0.20361538461538461]"
Virtual_2D_response_surface,,56.60319504299295,8.54725726759634,20.669609776282936,,0.46911973244147154,53.94876923076923,0.7089487179487179,0.1848712983349312,0.7267375526211051,0.3541447013554595,17.952442220275014,6.357762288700437,"[0.03651282051282051, 0.09133333333333334, 0.1477948717948718, 0.2327179487179487, 0.2896153846153846, 0.4733076923076923, 0.5552564102564103, 0.48433333333333334, 0.7089487179487179, 0.19012820512820514]"
Virtual_2D_response_surface,,60.64851417205258,8.338071805616936,19.774895793131115,,0.4340659977703456,49.917589743589744,0.6476153846153846,0.17630036537933869,0.7328845306292181,0.36732204881780417,15.840880759171442,5.8187047755373875,"[0.033256410256410254, 0.08766666666666667, 0.14197435897435898, 0.21505128205128204, 0.2644102564102564, 0.4428205128205128, 0.5205128205128206, 0.45866666666666667, 0.6476153846153846, 0.171]"
Virtual_2D_response_surface,,45.86045845849863,12.466481562681745,17.491123609824545,,0.4727938684503901,54.371294871794866,0.7172051282051282,0.22405706227877953,0.6133614823225613,0.4764546465137092,21.928090682281734,10.447740694747104,"[0.03058974358974359, 0.0807948717948718, 0.13202564102564102, 0.2204871794871795, 0.28005128205128205, 0.47512820512820514, 0.577974358974359, 0.5021794871794871, 0.7172051282051282, 0.1662051282051282]"
Virtual_2D_response_surface,,50.23069271627157,9.370619657887532,21.245283063461006,,0.48254425863991085,55.49258974358975,0.7156923076923077,0.18146191345967555,0.7026486631381554,0.3564381742332265,18.125624731868214,6.4606645862637215,"[0.038205128205128204, 0.0941025641025641, 0.15630769230769231, 0.24915384615384614, 0.30948717948717946, 0.5066410256410256, 0.5907948717948718, 0.5103076923076924, 0.7156923076923077, 0.1823076923076923]"
Virtual_2D_response_surface,,61.74504831452766,8.96677055416651,18.06183240806988,,0.42163221850613153,48.48770512820513,0.6355897435897436,0.18988854796190843,0.7144434423792072,0.4099421044470092,16.573067857440094,6.793998314622078,"[0.032435897435897434, 0.08005128205128205, 0.1311794871794872, 0.20307692307692307, 0.2542307692307692, 0.43146153846153845, 0.5102820512820513, 0.4412051282051282, 0.6355897435897436, 0.16176923076923078]"
Virtual_2D_response_surface,,62.1118761272881,9.450683826887847,17.035783742191754,,0.4121745819397993,47.40007692307692,0.6241794871794871,0.1981898696873722,0.7003148342753158,0.4384766002308175,16.909587123400858,7.414458273175618,"[0.030871794871794873, 0.07815384615384616, 0.12694871794871795, 0.2018974358974359, 0.24656410256410258, 0.42033333333333334, 0.5010769230769231, 0.4313076923076923, 0.6241794871794871, 0.1494102564102564]"
Virtual_2D_response_surface,,57.346686696533766,10.305966217391681,16.920101136701454,,0.44070981047937563,50.6816282051282,0.6842307692307692,0.22064399929882583,0.6754722174428442,0.45393426983707663,20.128674848680184,9.137095320223569,"[0.03005128205128205, 0.07851282051282052, 0.128025641025641, 0.2038974358974359, 0.2584102564102564, 0.43323076923076925, 0.5192820512820513, 0.4514871794871795, 0.6842307692307692, 0.15635897435897436]"
Virtual_2D_response_surface,,29.021885588970818,20.506777627026562,16.802617934050506,,0.5212698996655518,59.946038461538464,0.8045128205128205,0.26658257052165657,0.3881376517121351,0.6371929242354587,28.76502424620063,18.328869915140448,"[0.027564102564102563, 0.07764102564102564, 0.13443589743589743, 0.21415384615384617, 0.2989230769230769, 0.5152051282051282, 0.6534871794871795, 0.5561794871794872, 0.8045128205128205, 0.15735897435897436]"
Virtual_2D_response_surface,,71.89474466372863,6.494478103681087,21.416998065798722,,0.42985429208472686,49.43324358974359,0.655025641025641,0.1646886134801856,0.7875994765405603,0.31171653861379,14.65396622392166,4.5678836282842505,"[0.03792307692307692, 0.08748717948717949, 0.13935897435897435, 0.20992307692307693, 0.26135897435897437, 0.4318974358974359, 0.5039743589743589, 0.4268461538461538, 0.655025641025641, 0.1991794871794872]"
Virtual_2D_response_surface,,38.38494772699757,14.638414971544083,17.796925894098006,,0.5040347826086956,57.964,0.7626923076923077,0.23534917076018505,0.5517078511696609,0.507367526315634,24.55520280109806,12.458512503371848,"[0.031102564102564102, 0.08515384615384615, 0.13992307692307693, 0.23387179487179488, 0.3017692307692308, 0.5049230769230769, 0.6211282051282051, 0.5458717948717948, 0.7626923076923077, 0.15702564102564104]"
Virtual_2D_response_surface,,24.58141801202737,25.667864641445615,15.849053356478692,,0.5070801560758083,58.31421794871795,0.8031025641025641,0.28408244408375,0.2765609235871821,0.7386713454455075,29.818882007467703,22.026353692137004,"[0.029153846153846155, 0.07512820512820513, 0.12579487179487178, 0.20461538461538462, 0.2785641025641026, 0.4866923076923077, 0.6355641025641026, 0.520025641025641, 0.8031025641025641, 0.15366666666666667]"
Virtual_2D_response_surface,,71.91917191177299,6.912217806462275,20.11582771184925,,0.4214505016722408,48.46680769230769,0.644025641025641,0.17231765017139333,0.7751092692161071,0.34045248438854564,15.03303554312509,5.118034298558246,"[0.035102564102564106, 0.08253846153846153, 0.13841025641025642, 0.20843589743589744, 0.2582564102564103, 0.41017948717948716, 0.48956410256410254, 0.42284615384615387, 0.644025641025641, 0.18546153846153846]"
Virtual_2D_response_surface,,56.38668470093132,11.304581764595566,15.68804910165482,,0.4265360089186176,49.051641025641025,0.661025641025641,0.2309411127251715,0.6466566261933594,0.49606260842933386,20.390473007022983,10.114951226971744,"[0.027641025641025642, 0.06984615384615385, 0.11905128205128206, 0.193, 0.2473076923076923, 0.429, 0.5176923076923077, 0.4398974358974359, 0.661025641025641, 0.1456923076923077]"
Virtual_2D_response_surface,,35.33635024149138,14.12478615387662,20.03532666385438,,0.5400328874024526,62.103782051282046,0.8088461538461539,0.22023480836439724,0.5662246797210728,0.45659465828844614,24.61934616978311,11.241061951677084,"[0.03338461538461539, 0.09141025641025641, 0.15666666666666668, 0.264, 0.3218974358974359, 0.5448717948717948, 0.6651538461538462, 0.5898205128205128, 0.8088461538461539, 0.17361538461538462]"
Virtual_2D_response_surface,,18.790847316246634,30.0,17.739132659820623,,0.5064250836120401,58.23888461538461,0.7945641025641026,0.24730685891011248,0.4355746545231788,0.58628265256236,25.925176117186638,15.199481022130527,"[0.029923076923076924, 0.0792051282051282, 0.13946153846153847, 0.2153076923076923, 0.29607692307692307, 0.49428205128205127, 0.6323589743589744, 0.517974358974359, 0.7945641025641026, 0.15830769230769232]"
Virtual_2D_response_surface,,47.98012449578501,12.149660415642025,17.15435881723592,,0.46696878483835,53.701410256410256,0.7183076923076923,0.22933932875991517,0.6224169636455567,0.4781439887789659,22.168521686998712,10.599745384754575,"[0.02828205128205128, 0.07697435897435898, 0.12992307692307692, 0.2149230769230769, 0.2753846153846154, 0.4706153846153846, 0.5671794871794872, 0.48633333333333334, 0.7183076923076923, 0.161]"
Virtual_2D_response_surface,,23.377906842829027,21.795507802556003,19.62580070640747,,0.5611149386845038,64.52821794871794,0.8364102564102565,0.2338926928146443,0.35269433588043003,0.6198131775644848,27.166821585400623,16.838354011174594,"[0.03353846153846154, 0.09156410256410256, 0.15074358974358976, 0.25233333333333335, 0.3373076923076923, 0.566025641025641, 0.7203846153846154, 0.618948717948718, 0.8364102564102565, 0.17884615384615385]"
Virtual_2D_response_surface,,32.062754176146704,16.926479932380726,18.426061824488652,,0.5381623188405797,61.888666666666666,0.8181794871794872,0.24489943458214863,0.4874635865896652,0.5375670701662907,27.281699052677528,14.665743028906327,"[0.032, 0.08315384615384615, 0.14712820512820513, 0.24015384615384616, 0.3151538461538462, 0.5288974358974359, 0.6605384615384615, 0.5836153846153846, 0.8181794871794872, 0.1698974358974359]"
Virtual_2D_response_surface,,46.936923787551514,13.364057252256607,15.942155820009534,,0.45986956521739136,52.885000000000005,0.7101538461538461,0.2457812057390764,0.5877955960444294,0.523319855016653,23.396650317919903,12.243931652249172,"[0.026794871794871795, 0.07412820512820513, 0.1270769230769231, 0.2031025641025641, 0.26005128205128203, 0.4511025641025641, 0.5501025641025641, 0.48512820512820515, 0.7101538461538461, 0.1534102564102564]"
Virtual_2D_response_surface,,35.262949807416824,17.427096969644037,16.272576176592807,,0.4964217391304348,57.0885,0.7644102564102564,0.26091843353887567,0.47349250418991856,0.5871654784159681,26.81179558755139,15.742960783355755,"[0.029871794871794873, 0.07479487179487179, 0.12923076923076923, 0.21023076923076922, 0.2959230769230769, 0.4887435897435897, 0.6126410256410256, 0.5287692307692308, 0.7644102564102564, 0.1528974358974359]"
Virtual_2D_response_surface,,38.43640060980313,17.829248277768915,14.59231701538155,,0.45982586399108133,52.87997435897435,0.7139230769230769,0.2731288024777243,0.4622899703553063,0.6273988196150715,25.99747932909498,16.31078784404141,"[0.02582051282051282, 0.07174358974358974, 0.11607692307692308, 0.192, 0.2622820512820513, 0.4542307692307692, 0.5674615384615385, 0.48823076923076925, 0.7139230769230769, 0.13428205128205128]"
Virtual_2D_response_surface,,19.3670919040695,30.0,17.21132604649291,,0.5019348940914158,57.72251282051282,0.7871282051282051,0.2531628102833812,0.41961172807401625,0.6070888923251246,26.30374841206715,15.968713487480603,"[0.030282051282051282, 0.08302564102564103, 0.13582051282051283, 0.21184615384615385, 0.2909230769230769, 0.481, 0.6117179487179487, 0.5173589743589744, 0.7871282051282051, 0.1590769230769231]"
Virtual_2D_response_surface,,62.78084466456816,7.7715896843427705,20.495710703216943,,0.43974214046822735,50.570346153846145,0.654025641025641,0.17174885578179197,0.7495895674424178,0.345873287135259,15.633718359141996,5.40728555902329,"[0.03679487179487179, 0.09110256410256411, 0.14425641025641026, 0.21397435897435899, 0.28194871794871795, 0.4503589743589744, 0.5205641025641026, 0.46176923076923077, 0.654025641025641, 0.18171794871794872]"
Virtual_2D_response_surface,,68.85864431369045,7.665404688884293,18.945516247829882,,0.41921226309921966,48.20941025641026,0.6411538461538462,0.1823216968165964,0.7527308290549287,0.37325443296050337,15.82131866485706,5.90537732693865,"[0.03256410256410256, 0.08205128205128205, 0.13546153846153847, 0.20292307692307693, 0.2541538461538462, 0.42705128205128207, 0.4888717948717949, 0.42235897435897435, 0.6411538461538462, 0.17556410256410257]"
Virtual_2D_response_surface,,64.8864886787165,8.89971154270743,17.3168859412195,,0.41490992196209586,47.71464102564102,0.6337179487179487,0.19793589889847027,0.716405729399952,0.42430257390072584,16.99999265165055,7.213140638388754,"[0.029871794871794873, 0.07751282051282052, 0.1255128205128205, 0.20143589743589743, 0.2484102564102564, 0.42246153846153844, 0.49723076923076925, 0.427025641025641, 0.6337179487179487, 0.15602564102564104]"
Virtual_2D_response_surface,,55.14368426277988,8.610359155033494,21.061192326922416,,0.47764035674470473,54.92864102564104,0.7124615384615385,0.18224491045165409,0.7248854958330893,0.3481855190862012,18.018837476908207,6.27389828022718,"[0.03420512820512821, 0.09202564102564102, 0.15623076923076923, 0.23992307692307693, 0.30005128205128206, 0.48815384615384616, 0.5666923076923077, 0.5037179487179487, 0.7124615384615385, 0.18992307692307692]"
Virtual_2D_response_surface,,58.824901790861716,8.405446849758325,20.224508816188383,,0.4627541806020066,53.216730769230765,0.7018974358974359,0.18715167984611014,0.730903453562909,0.36004777244698283,17.927281006883486,6.454677592559503,"[0.0348974358974359, 0.0878974358974359, 0.1413076923076923, 0.22533333333333333, 0.2831025641025641, 0.4634102564102564, 0.5403589743589744, 0.47846153846153844, 0.7018974358974359, 0.18797435897435896]"
Virtual_2D_response_surface,,66.66894098602793,8.182813376707681,18.330478290384008,,0.4195530657748049,48.24860256410256,0.6391282051282051,0.18806310585758051,0.7374542715131461,0.39291925138186284,16.332807692687673,6.417474571574771,"[0.031615384615384615, 0.0777948717948718, 0.1326153846153846, 0.20674358974358975, 0.2508974358974359, 0.4272051282051282, 0.4965897435897436, 0.4288461538461538, 0.6391282051282051, 0.1692051282051282]"
Virtual_2D_response_surface,,68.67221887788574,7.520564796856968,19.362813497466608,,0.4263164994425864,49.02639743589744,0.6467692307692308,0.17988800800061275,0.7570208929906562,0.36314901177427367,15.87466975354189,5.7648706332416895,"[0.03397435897435897, 0.07874358974358975, 0.13805128205128206, 0.20364102564102565, 0.2633076923076923, 0.4327179487179487, 0.5025128205128205, 0.43643589743589745, 0.6467692307692308, 0.17694871794871794]"
Virtual_2D_response_surface,,73.41393023555153,6.251656751030238,21.788453213200153,,0.43018394648829433,49.47115384615385,0.6512564102564102,0.16105832573243523,0.7948875555996888,0.3021439392325604,14.341934178923871,4.333328489034155,"[0.037333333333333336, 0.09, 0.1456923076923077, 0.21146153846153845, 0.2663076923076923, 0.4257435897435897, 0.4928717948717949, 0.4317692307692308, 0.6512564102564102, 0.20294871794871794]"
Virtual_2D_response_surface,,55.78214954217201,8.954643225991374,20.019649384806357,,0.46615774804905247,53.60814102564103,0.7064615384615385,0.1904488237281628,0.7147982324954778,0.37198918824602384,18.377293321056243,6.836154424658787,"[0.03453846153846154, 0.08907692307692308, 0.14717948717948717, 0.22387179487179487, 0.28205128205128205, 0.4697692307692308, 0.5575641025641026, 0.4807179487179487, 0.7064615384615385, 0.18833333333333332]"
Virtual_2D_response_surface,,28.192418018586977,19.86769999182906,17.853364854400166,,0.5333581939799332,61.336192307692315,0.8055641025641026,0.2493537962360696,0.40577115326007396,0.606153807295886,27.529942317459643,16.68737935036429,"[0.030564102564102563, 0.08723076923076924, 0.1447948717948718, 0.2362051282051282, 0.32266666666666666, 0.532974358974359, 0.6670769230769231, 0.5795128205128205, 0.8055641025641026, 0.1681025641025641]"
Virtual_2D_response_surface,,45.50662095618232,11.976185877060265,18.348766899249497,,0.4849973244147158,55.77469230769232,0.7342820512820513,0.21811290321537483,0.6273825031087291,0.4513494117776195,21.89732411731501,9.88334435985401,"[0.030820512820512822, 0.08548717948717949, 0.14833333333333334, 0.2362820512820513, 0.28746153846153844, 0.4860769230769231, 0.6006153846153847, 0.512948717948718, 0.7342820512820513, 0.1677179487179487]"
Virtual_2D_response_surface,,18.766080437640838,26.21106788325588,20.3302028185829,,0.5550554069119287,63.8313717948718,0.8336153846153846,0.22405610895320985,0.4362615025694666,0.5417718957930238,25.743255828308357,13.946972513987426,"[0.03725641025641026, 0.10307692307692308, 0.15502564102564104, 0.258025641025641, 0.3418974358974359, 0.5656666666666667, 0.7128974358974359, 0.5944871794871794, 0.8336153846153846, 0.18243589743589744]"
Virtual_2D_response_surface,,68.66893254746051,7.436555504735846,19.582488486043072,,0.42224414715719066,48.558076923076925,0.6384871794871795,0.1755126713794892,0.7595120321960863,0.35779138805195704,15.340604036075925,5.48873601162306,"[0.033512820512820514, 0.08243589743589744, 0.13653846153846153, 0.20907692307692308, 0.26284615384615384, 0.4296923076923077, 0.494, 0.4308205128205128, 0.6384871794871795, 0.18069230769230768]"
Virtual_2D_response_surface,,32.454540540212385,18.37384419560324,16.76966957356187,,0.5141384615384615,59.12592307692308,0.7918974358974359,0.2624613604592446,0.4471477753047641,0.5956012894337127,27.93288637652018,16.636863143460808,"[0.030666666666666665, 0.08346153846153846, 0.13241025641025642, 0.22446153846153846, 0.29715384615384616, 0.5057948717948718, 0.6406666666666667, 0.5479487179487179, 0.7918974358974359, 0.1545128205128205]"
Virtual_2D_response_surface,,51.9199889963309,12.278815134841246,15.685882136653861,,0.4349651059085842,50.020987179487186,0.6755641025641026,0.23665796867748712,0.6187233804061554,0.5113620119011195,21.308157390852113,10.896182233291846,"[0.02646153846153846, 0.07641025641025641, 0.12164102564102564, 0.1956923076923077, 0.2551538461538462, 0.4317948717948718, 0.5244358974358975, 0.44971794871794873, 0.6755641025641026, 0.1423076923076923]"
Virtual_2D_response_surface,,60.575977766900614,9.287481394888752,17.77467261397262,,0.4172729096989966,47.98638461538461,0.6226410256410256,0.18898248113131202,0.7050736614810351,0.42060850731870614,16.323454845246246,6.865783976743325,"[0.031538461538461536, 0.07907692307692307, 0.133, 0.20864102564102563, 0.257974358974359, 0.43205128205128207, 0.5139230769230769, 0.44161538461538463, 0.6226410256410256, 0.1554102564102564]"
Virtual_2D_response_surface,,68.23561942105307,7.92225122560089,18.498659194281437,,0.4197989966555184,48.27688461538462,0.6405384615384615,0.18670666767906513,0.7451380664814318,0.38575821948902045,16.22450925443734,6.258737802074883,"[0.03415384615384615, 0.07869230769230769, 0.13402564102564102, 0.20253846153846153, 0.25335897435897436, 0.4158205128205128, 0.49038461538461536, 0.4296923076923077, 0.6405384615384615, 0.17092307692307693]"
Virtual_2D_response_surface,,43.428666806224186,10.984823075098522,20.961889929280183,,0.5094140468227424,58.58261538461538,0.7515641025641026,0.19367178898074786,0.6558623474854275,0.3867175112655199,20.42243986447718,7.897715118360357,"[0.038538461538461535, 0.10084615384615385, 0.15684615384615386, 0.25733333333333336, 0.3212307692307692, 0.5301282051282051, 0.6233589743589744, 0.5516153846153846, 0.7515641025641026, 0.18374358974358973]"
Virtual_2D_response_surface,,16.034115025524876,30.0,20.789007238796557,,0.5357152731326644,61.60725641025641,0.8213333333333334,0.2150592529284449,0.5124408617459798,0.4789385542967556,23.848578969409605,11.422003933641045,"[0.036717948717948715, 0.09464102564102564, 0.15576923076923077, 0.24384615384615385, 0.32887179487179485, 0.5225641025641026, 0.6702820512820513, 0.5527692307692308, 0.8213333333333334, 0.19197435897435897]"
Virtual_2D_response_surface,,20.78626158553906,26.52814921462591,18.134962419267993,,0.5360073578595317,61.64084615384615,0.8257948717948718,0.2519352157933772,0.38043825136691595,0.620785171308585,27.953099779420068,17.35286983517326,"[0.03420512820512821, 0.09017948717948718, 0.14584615384615385, 0.23266666666666666, 0.3171538461538462, 0.5277692307692308, 0.6734102564102564, 0.5632051282051282, 0.8257948717948718, 0.1693076923076923]"
Virtual_2D_response_surface,,33.18459305770152,17.699828751452127,17.025286904018152,,0.5195935340022297,59.75325641025642,0.7976153846153846,0.2601273947400137,0.46589317859598167,0.578025716970199,27.978226051017643,16.172134172693774,"[0.03171794871794872, 0.07758974358974359, 0.13, 0.223, 0.29835897435897435, 0.5087435897435898, 0.6457435897435897, 0.5588974358974359, 0.7976153846153846, 0.1600769230769231]"
Virtual_2D_response_surface,,58.1124902587818,9.481078066093202,18.149839591412,,0.44549464882943146,51.231884615384615,0.6796153846153846,0.20286958037404593,0.6994292412943548,0.4159239061693326,18.70810368065031,7.7811475598769455,"[0.032, 0.07774358974358975, 0.13612820512820512, 0.21105128205128204, 0.27097435897435895, 0.44753846153846155, 0.5326153846153846, 0.4587948717948718, 0.6796153846153846, 0.17364102564102565]"
Virtual_2D_response_surface,,53.40252358960777,9.719018174689074,19.26707665313625,,0.46075373467112596,52.98667948717949,0.6911538461538461,0.1937773211822968,0.6925035991271336,0.39770996367151434,18.481710256867075,7.350360314846059,"[0.033615384615384616, 0.08743589743589744, 0.14623076923076922, 0.23056410256410256, 0.28294871794871795, 0.4704871794871795, 0.5564615384615385, 0.48612820512820515, 0.6911538461538461, 0.17233333333333334]"
Virtual_2D_response_surface,,74.22255520220448,6.334274207784168,21.269987700160137,,0.426536231884058,49.05166666666667,0.6497692307692308,0.16450062645587138,0.792405485341758,0.3120088061659807,14.524253811668252,4.531695092230306,"[0.035333333333333335, 0.0871025641025641, 0.13597435897435897, 0.2098974358974359, 0.25969230769230767, 0.4209230769230769, 0.49115384615384616, 0.42694871794871797, 0.6497692307692308, 0.1971794871794872]"
Virtual_2D_response_surface,,64.41440195146907,6.461228615608651,24.02713083183472,,0.4542288740245263,52.23632051282052,0.6704615384615384,0.150941543279354,0.7885961902793678,0.26998809052510336,14.19233550019219,3.831761561788527,"[0.042102564102564105, 0.09820512820512821, 0.1588974358974359, 0.2312820512820513, 0.295974358974359, 0.4695897435897436, 0.5434358974358975, 0.46925641025641024, 0.6704615384615384, 0.205]"
Virtual_2D_response_surface,,41.91918239223108,11.876024538672134,20.087047673807927,,0.5209624303232999,59.91067948717949,0.7906410256410257,0.2141800039564833,0.6302518990573939,0.41692040482904263,23.09700522527947,9.62961276886203,"[0.037641025641025644, 0.0924871794871795, 0.15474358974358973, 0.249, 0.316025641025641, 0.5342564102564102, 0.6267179487179487, 0.5490512820512821, 0.7906410256410257, 0.18146153846153845]"
Virtual_2D_response_surface,,48.80438733582848,9.618896225637613,21.3017800170752,,0.49992720178372346,57.4916282051282,0.7510256410256411,0.1902675514523124,0.6954162718091166,0.3592663346139771,19.6898243896736,7.073891037670923,"[0.03643589743589744, 0.09794871794871794, 0.14905128205128204, 0.2539230769230769, 0.31666666666666665, 0.5069743589743589, 0.5966410256410256, 0.5243846153846153, 0.7510256410256411, 0.19123076923076923]"
Virtual_2D_response_surface,,29.445963020481447,17.76446048831269,19.11710895148217,,0.5545652173913045,63.77500000000001,0.8356923076923077,0.24063836289969642,0.46409351496863893,0.5416655246887985,27.624080869070657,14.963012257990957,"[0.032871794871794875, 0.09205128205128205, 0.14735897435897435, 0.252, 0.34292307692307694, 0.5527948717948717, 0.6916923076923077, 0.6032564102564103, 0.8356923076923077, 0.17464102564102565]"
Virtual_2D_response_surface,,39.84401778280885,12.877238013590752,19.490103786884436,,0.5190541806020067,59.69123076923077,0.7785384615384615,0.21767646200869112,0.6016458421416053,0.4447101117586639,23.38807666822286,10.400914188945587,"[0.03356410256410256, 0.09264102564102564, 0.1477948717948718, 0.24546153846153845, 0.32043589743589745, 0.5236666666666666, 0.6286666666666667, 0.5604871794871795, 0.7785384615384615, 0.1797948717948718]"
Virtual_2D_response_surface,,26.44278636255698,20.214141950339773,18.708435570587078,,0.5491966555183946,63.15761538461538,0.830025641025641,0.24467023058308401,0.3962072376554377,0.5991557539528858,27.815018974616844,16.66552866495038,"[0.03197435897435898, 0.08441025641025642, 0.14412820512820512, 0.2438205128205128, 0.32271794871794873, 0.5594615384615385, 0.6913076923076923, 0.5977179487179487, 0.830025641025641, 0.17148717948717948]"
Virtual_2D_response_surface,,20.889134694296587,25.20046795542487,18.996384190006232,,0.5462687848383501,62.82091025641026,0.835,0.24212924577794787,0.3776060650650859,0.6091448787635363,27.379403315043778,16.678023312960306,"[0.031384615384615386, 0.09094871794871795, 0.1468974358974359, 0.23974358974358975, 0.32561538461538464, 0.5448974358974359, 0.693974358974359, 0.5792564102564103, 0.835, 0.17405128205128206]"
Virtual_2D_response_surface,,28.368429206013477,19.13391502311603,18.42302197326338,,0.5422552954292085,62.35935897435897,0.8218974358974359,0.24619579092251068,0.4260670335769749,0.5813314503707491,27.63470106740353,16.06492085207578,"[0.03169230769230769, 0.08874358974358974, 0.13943589743589743, 0.24192307692307694, 0.32892307692307693, 0.5438974358974359, 0.6853333333333333, 0.5855641025641025, 0.8218974358974359, 0.1683076923076923]"
Virtual_2D_response_surface,,44.16020528037847,12.842020156950746,17.633380101943168,,0.48393623188405793,55.65266666666666,0.733051282051282,0.2275036620408892,0.6026492580774431,0.47981289091986123,22.790133844213667,10.93500000424273,"[0.03148717948717949, 0.0838974358974359, 0.14017948717948717, 0.2261025641025641, 0.28617948717948716, 0.4828717948717949, 0.591974358974359, 0.5184871794871795, 0.733051282051282, 0.16182051282051282]"
Virtual_2D_response_surface,,25.67793341975799,19.410268995130902,20.063577668901033,,0.5651469342251951,64.99189743589744,0.8353076923076923,0.2278763168360534,0.4184170076887775,0.559825102103669,26.65820558138193,14.923932661497739,"[0.035564102564102563, 0.09666666666666666, 0.1585897435897436, 0.26033333333333336, 0.3527179487179487, 0.5731794871794872, 0.7273333333333334, 0.6261794871794871, 0.8353076923076923, 0.18046153846153845]"
Virtual_2D_response_surface,,25.211868797576187,22.913296536984095,17.310411260335236,,0.528564994425864,60.78497435897437,0.8096666666666666,0.2596555655685386,0.322070758622919,0.6802658819840437,28.40968241144749,19.3261376625099,"[0.028512820512820513, 0.08438461538461539, 0.13464102564102565, 0.22441025641025641, 0.2987692307692308, 0.5320769230769231, 0.6587692307692308, 0.5704102564102564, 0.8096666666666666, 0.15879487179487178]"
Virtual_2D_response_surface,,23.246604092125885,26.278676920289833,16.369559209818576,,0.5068860646599777,58.29189743589743,0.7906923076923077,0.2692294386552199,0.3129595845750486,0.701857664936596,28.249010684665773,19.82678467590847,"[0.027897435897435898, 0.08, 0.12633333333333333, 0.2174102564102564, 0.28823076923076923, 0.4918205128205128, 0.6525641025641026, 0.5295641025641026, 0.7906923076923077, 0.147]"
Virtual_2D_response_surface,,39.43788314673846,15.85653861474931,15.991088051487203,,0.4791393534002229,55.101025641025636,0.7371538461538462,0.25543632642403064,0.5174228523624368,0.564517526425654,25.334646429491833,14.301851935245256,"[0.02823076923076923, 0.07492307692307693, 0.12635897435897436, 0.21033333333333334, 0.27253846153846156, 0.4813846153846154, 0.5926923076923077, 0.5108205128205128, 0.7371538461538462, 0.1462051282051282]"
Virtual_2D_response_surface,,37.34339765314741,18.101783656390793,14.793291007883662,,0.47545496098104795,54.677320512820515,0.7464871794871795,0.2827621033778548,0.4547082527846066,0.6282339960115482,27.82921347948646,17.48325799007622,"[0.02517948717948718, 0.06928205128205128, 0.11974358974358974, 0.19666666666666666, 0.2547948717948718, 0.45874358974358975, 0.5804615384615385, 0.4986153846153846, 0.7464871794871795, 0.1452820512820513]"
Virtual_2D_response_surface,,21.9588677561628,26.17633813468422,17.39727244612995,,0.5250214046822742,60.37746153846153,0.8139487179487179,0.259734348886246,0.3482121427869573,0.6579456935733261,28.227781188174003,18.572347071889233,"[0.03005128205128205, 0.08502564102564103, 0.1407179487179487, 0.2338974358974359, 0.3036153846153846, 0.5167692307692308, 0.660974358974359, 0.5490769230769231, 0.8139487179487179, 0.15966666666666668]"
Virtual_2D_response_surface,,30.943693556425856,16.97238537650999,19.040790040624167,,0.5416150501672241,62.285730769230774,0.8095128205128205,0.23326009312709883,0.4861812635595743,0.5274389084523746,26.151795647496318,13.79347455038502,"[0.031871794871794874, 0.08638461538461538, 0.14828205128205127, 0.2509230769230769, 0.33194871794871794, 0.5344358974358975, 0.6808205128205128, 0.5961025641025641, 0.8095128205128205, 0.17361538461538462]"
Virtual_2D_response_surface,,24.95384337635212,24.32595704612097,16.473755635524558,,0.5255479375696768,60.438012820512824,0.8222564102564103,0.27932701231766277,0.2835162014575381,0.7241481363554055,30.387545192826803,22.00508421980119,"[0.029564102564102565, 0.07853846153846154, 0.13146153846153846, 0.2175897435897436, 0.2897692307692308, 0.5074615384615384, 0.6581538461538462, 0.5491282051282051, 0.8222564102564103, 0.16215384615384615]"
Virtual_2D_response_surface,,45.68895869694398,11.230863107970993,19.488374029061905,,0.49420802675585285,56.83392307692308,0.7469743589743589,0.2080612138103828,0.6487772501894931,0.41738989486582984,21.284883037782976,8.884095093371721,"[0.031230769230769232, 0.08948717948717949, 0.14774358974358975, 0.23707692307692307, 0.29953846153846153, 0.5040769230769231, 0.6062820512820513, 0.5208461538461538, 0.7469743589743589, 0.17697435897435898]"
Virtual_2D_response_surface,,19.545798813975956,24.924420846602064,20.52681178046938,,0.5662901895206243,65.12337179487179,0.849051282051282,0.22623473169342934,0.4146680754579276,0.5553219531595279,26.519703380971674,14.726973478732527,"[0.034846153846153846, 0.09774358974358974, 0.15805128205128205, 0.25035897435897436, 0.3506666666666667, 0.5695641025641026, 0.7207948717948718, 0.6133589743589744, 0.849051282051282, 0.18764102564102564]"
Virtual_2D_response_surface,,34.233115023777145,17.77535843117771,16.433694674489754,,0.5044511705685618,58.01188461538461,0.7688974358974359,0.2597460130835668,0.46379010857432995,0.5905493997366803,27.12304033255811,16.01749518742596,"[0.029461538461538463, 0.076, 0.12823076923076923, 0.21894871794871795, 0.29235897435897434, 0.5056153846153846, 0.6271282051282051, 0.5488717948717948, 0.7688974358974359, 0.15035897435897436]"
Virtual_2D_response_surface,,33.62067480238239,16.47726882033922,18.05129430604646,,0.5229913043478261,60.144000000000005,0.7913333333333333,0.2414020128110816,0.5000249859071376,0.5359326498238001,26.133988785317445,14.006057860180652,"[0.031871794871794874, 0.08035897435897436, 0.14661538461538462, 0.23517948717948717, 0.3130769230769231, 0.5231025641025641, 0.6478461538461538, 0.5694871794871795, 0.7913333333333333, 0.16035897435897437]"
Virtual_2D_response_surface,,36.59095372317461,12.870664166310391,21.233682161485344,,0.5489510590858417,63.1293717948718,0.818974358974359,0.20948096899569332,0.6018331270276001,0.4134992610228668,23.803923556222447,9.842904799942794,"[0.038128205128205125, 0.09802564102564103, 0.1628974358974359, 0.26771794871794874, 0.34212820512820513, 0.5612564102564103, 0.6844102564102564, 0.5878205128205128, 0.818974358974359, 0.19653846153846155]"
Virtual_2D_response_surface,,43.52820802721942,13.409603158473104,17.13220592773172,,0.47686309921962095,54.83925641025641,0.7255641025641025,0.23225733887548167,0.58650167457841,0.4993890787940855,22.926275567561436,11.449131635863855,"[0.030615384615384614, 0.07730769230769231, 0.13497435897435897, 0.22174358974358974, 0.28084615384615386, 0.47702564102564105, 0.5929230769230769, 0.5080769230769231, 0.7255641025641025, 0.156]"
Virtual_2D_response_surface,,28.21011047782038,19.977537463316295,17.74407070212478,,0.5335476031215162,61.35797435897436,0.8073589743589744,0.25171197796225764,0.40273771190782576,0.6102801155035071,27.80016676137886,16.96588898215105,"[0.030871794871794873, 0.08307692307692308, 0.14035897435897435, 0.2348974358974359, 0.30425641025641026, 0.5364871794871795, 0.675923076923077, 0.5843333333333334, 0.8073589743589744, 0.16038461538461538]"
Virtual_2D_response_surface,,15.0,30.0,22.22222222222222,,0.5492192865105908,63.16021794871795,0.8361025641025641,0.2039212314131633,0.5415102217768836,0.43536222935502433,23.183476956767418,10.093210212099098,"[0.03971794871794872, 0.1036923076923077, 0.16092307692307692, 0.2592051282051282, 0.3397948717948718, 0.5434102564102564, 0.6912564102564103, 0.5662307692307692, 0.8361025641025641, 0.20317948717948717]"
Virtual_2D_response_surface,,39.138169828808145,12.937418631971267,19.74930674127349,,0.5197010033444817,59.76561538461539,0.7772307692307693,0.21414481745848898,0.5999316538323952,0.4409737408551132,23.0372942342989,10.158841817678717,"[0.036743589743589745, 0.0888974358974359, 0.1547948717948718, 0.2523076923076923, 0.3153846153846154, 0.534025641025641, 0.6416666666666667, 0.558974358974359, 0.7772307692307693, 0.18194871794871795]"
Virtual_2D_response_surface,,46.810975333180735,12.24015313832421,17.452813933358343,,0.4724692307692307,54.33396153846153,0.7233846153846154,0.22675105146675356,0.6198287442365622,0.47352104086206676,22.176509236560538,10.501043736383384,"[0.03017948717948718, 0.0801025641025641, 0.13651282051282052, 0.22266666666666668, 0.28497435897435897, 0.47205128205128205, 0.5732307692307692, 0.49212820512820515, 0.7233846153846154, 0.16674358974358974]"
Virtual_2D_response_surface,,48.453434110174,11.747434571270697,17.568407739834885,,0.47182307692307685,54.25965384615384,0.7233076923076923,0.22506890856681103,0.6339382932345112,0.46317976624235846,21.98188992666027,10.181566637795758,"[0.030615384615384614, 0.07971794871794871, 0.1305128205128205, 0.21982051282051282, 0.27184615384615385, 0.4665897435897436, 0.570923076923077, 0.49541025641025643, 0.7233076923076923, 0.16584615384615384]"
Virtual_2D_response_surface,,32.17166555931818,17.15158096056189,18.122674784000676,,0.5342205128205129,61.43535897435898,0.8117692307692308,0.24731564860030486,0.4811779585445846,0.5473811427519857,27.34906617312507,14.970363095044878,"[0.029076923076923077, 0.08376923076923076, 0.1363076923076923, 0.23143589743589743, 0.32058974358974357, 0.5254615384615384, 0.6634615384615384, 0.5776923076923077, 0.8117692307692308, 0.1727948717948718]"
Virtual_2D_response_surface,,40.82451746545424,13.082440576846778,18.723635115277418,,0.5091920847268673,58.55708974358974,0.7734358974358975,0.22590053713003586,0.5958032008629576,0.4625939013825937,23.810540446527543,11.01461079918722,"[0.03292307692307692, 0.08753846153846154, 0.1433846153846154, 0.23658974358974358, 0.30756410256410255, 0.5127692307692308, 0.6213589743589744, 0.5398974358974359, 0.7734358974358975, 0.1752051282051282]"
Virtual_2D_response_surface,,30.369514694577134,16.773186433208394,19.631187627218676,,0.5479832775919733,63.018076923076926,0.8125128205128205,0.22639168510547575,0.4917474793270271,0.5131899263639875,25.680183528099384,13.178811493799008,"[0.03517948717948718, 0.09382051282051282, 0.15656410256410255, 0.2509230769230769, 0.3405128205128205, 0.5635384615384615, 0.687076923076923, 0.6051538461538462, 0.8125128205128205, 0.17702564102564103]"
Virtual_2D_response_surface,,27.169100755350506,17.398233202894943,21.155319461554793,,0.5836240802675586,67.11676923076924,0.8658205128205129,0.2235903354180066,0.47429724656235994,0.4998779025731055,27.01198970006515,13.502696755594897,"[0.03605128205128205, 0.09733333333333333, 0.1595897435897436, 0.26956410256410257, 0.3588717948717949, 0.5927435897435898, 0.7357692307692307, 0.6422564102564102, 0.8658205128205129, 0.19784615384615384]"
Virtual_2D_response_surface,,24.358860868413245,24.734701807121883,16.59725804164217,,0.5219098104793757,60.0196282051282,0.8106666666666666,0.27261980674687425,0.28262006720599525,0.7231409110872079,29.45257099614233,21.298359024011038,"[0.02935897435897436, 0.07966666666666666, 0.1258974358974359, 0.2174871794871795, 0.29443589743589743, 0.5018717948717949, 0.6618205128205128, 0.5510512820512821, 0.8106666666666666, 0.1601025641025641]"
Virtual_2D_response_surface,,50.079381061567226,9.630207599044207,20.735064847690307,,0.47684459308807137,54.83712820512821,0.714,0.18562954751737923,0.6950870981467328,0.369359369688735,18.322904332566836,6.767736395143878,"[0.03587179487179487, 0.09374358974358975, 0.15446153846153846, 0.23623076923076924, 0.30715384615384617, 0.48843589743589744, 0.5821025641025641, 0.49884615384615383, 0.714, 0.18066666666666667]"
Virtual_2D_response_surface,,37.170458840956265,16.670793287969875,16.137855090066324,,0.49400234113712377,56.81026923076924,0.7718717948717949,0.2662673486927344,0.49461047251376683,0.5760324591679559,27.228095579875234,15.68426685533568,"[0.02705128205128205, 0.07748717948717948, 0.12684615384615386, 0.21058974358974358, 0.2822051282051282, 0.4774871794871795, 0.6032051282051282, 0.516974358974359, 0.7718717948717949, 0.15074358974358976]"
Virtual_2D_response_surface,,36.35140505005972,16.88829191310361,16.288949282024166,,0.5014629877369008,57.6682435897436,0.7775128205128206,0.2656575460639433,0.4885305188748542,0.5770007035260902,27.576007340164225,15.911375635715386,"[0.02841025641025641, 0.07638461538461538, 0.1294102564102564, 0.2094871794871795, 0.2883846153846154, 0.48543589743589743, 0.6038974358974359, 0.5364102564102564, 0.7775128205128206, 0.14876923076923076]"
Virtual_2D_response_surface,,34.85294503756293,19.091379211725073,15.028762262589831,,0.4822358974358975,55.457128205128214,0.7487948717948718,0.2787691120419621,0.4272451961129451,0.6416452783707416,27.82752189505352,17.85539803271952,"[0.02523076923076923, 0.07130769230769231, 0.12192307692307693, 0.20335897435897435, 0.2724615384615385, 0.47335897435897434, 0.5873846153846154, 0.5136410256410257, 0.7487948717948718, 0.1434102564102564]"
Virtual_2D_response_surface,,16.05822860654383,30.0,20.757789760042265,,0.538652508361204,61.94503846153846,0.826,0.216759239877899,0.5117646475698208,0.4799336147073829,24.16888701203453,11.599461307140052,"[0.03707692307692308, 0.09497435897435898, 0.15671794871794872, 0.24794871794871795, 0.3273589743589744, 0.5413333333333333, 0.6704871794871795, 0.5543333333333333, 0.826, 0.19235897435897437]"
Virtual_2D_response_surface,,39.53307774789122,15.562853013025947,16.253622087462528,,0.4822946488294314,55.463884615384615,0.743,0.25303654204982395,0.5256710904071975,0.5540858883121601,25.261901229109235,13.99726298298504,"[0.028974358974358974, 0.07741025641025641, 0.12943589743589742, 0.2169230769230769, 0.27874358974358976, 0.4748205128205128, 0.5907435897435898, 0.5144358974358975, 0.743, 0.14376923076923076]"
Virtual_2D_response_surface,,32.78494611752906,15.47003651929319,19.716698110455255,,0.5536810479375698,63.673320512820524,0.8365641025641025,0.23273679547006354,0.5282801650884104,0.48685372148397954,26.6744242315658,12.986542705580252,"[0.035333333333333335, 0.09566666666666666, 0.15528205128205128, 0.25851282051282054, 0.33005128205128204, 0.5552051282051282, 0.678974358974359, 0.596974358974359, 0.8365641025641025, 0.18207692307692308]"
Virtual_2D_response_surface,,30.812320316404858,21.88654827831755,14.828537557087934,,0.48220958751393533,55.45410256410256,0.7652820512820513,0.2899451087468622,0.35019612286525637,0.6984762485257919,28.94156243713506,20.214993957565074,"[0.025102564102564104, 0.07015384615384615, 0.11833333333333333, 0.1956923076923077, 0.26656410256410257, 0.463, 0.597974358974359, 0.4970512820512821, 0.7652820512820513, 0.13848717948717948]"
Virtual_2D_response_surface,,39.183562606209435,15.020018919378842,16.991260581724354,,0.49330969899665555,56.73061538461539,0.7484615384615385,0.24271078188436318,0.5409461542292839,0.5298470162579704,24.78443763020595,13.131960327996385,"[0.02717948717948718, 0.07838461538461539, 0.13407692307692307, 0.22133333333333333, 0.2925641025641026, 0.4917948717948718, 0.6025384615384616, 0.5380769230769231, 0.7484615384615385, 0.14969230769230768]"
Virtual_2D_response_surface,,23.41975746792963,25.27790399132016,16.89182396009992,,0.5172422519509478,59.48285897435899,0.8076153846153846,0.2661491785770538,0.308229910980752,0.6978167821314396,28.496365299792682,19.885241935943345,"[0.02782051282051282, 0.07858974358974359, 0.12930769230769232, 0.2194871794871795, 0.2956666666666667, 0.4999230769230769, 0.6463589743589744, 0.5411025641025641, 0.8076153846153846, 0.15633333333333332]"
Virtual_2D_response_surface,,33.18413040186676,17.823117063733786,16.907753169076393,,0.5202788182831661,59.832064102564104,0.8045384615384615,0.26472731980751146,0.4624606295392784,0.5825488401360246,28.510527543161427,16.60877475193487,"[0.030153846153846153, 0.07853846153846154, 0.1321025641025641, 0.2276923076923077, 0.2996410256410256, 0.5115897435897436, 0.632948717948718, 0.5534615384615384, 0.8045384615384615, 0.15915384615384615]"
Virtual_2D_response_surface,,29.325271795662147,16.26729992638365,20.962471252091536,,0.5760968784838351,66.25114102564103,0.8533846153846154,0.22228002670753466,0.5059047022271119,0.4805339638678879,26.50734971385144,12.737681829629356,"[0.037384615384615384, 0.09315384615384616, 0.16533333333333333, 0.2673846153846154, 0.349, 0.5823333333333334, 0.7193846153846154, 0.6387179487179487, 0.8533846153846154, 0.19202564102564101]"
Virtual_2D_response_surface,,47.94347062489551,11.19249548526418,18.63560955557255,,0.48281505016722404,55.52373076923077,0.7341538461538462,0.21438565364344442,0.6498813520528208,0.43304057720550393,21.4262843646315,9.278450548629289,"[0.03307692307692308, 0.0841025641025641, 0.14097435897435898, 0.22889743589743589, 0.2938717948717949, 0.48738461538461536, 0.5765897435897436, 0.5081538461538462, 0.7341538461538462, 0.1721025641025641]"
Virtual_2D_response_surface,,29.08040967658834,19.617541517929013,17.528909513163487,,0.5325769230769231,61.24634615384615,0.8148717948717948,0.2578679106464218,0.4126843176856827,0.6065927186265818,28.42824117135567,17.244364097904757,"[0.03241025641025641, 0.08543589743589744, 0.1402820512820513, 0.22856410256410256, 0.313025641025641, 0.5251282051282051, 0.667025641025641, 0.5724615384615385, 0.8148717948717948, 0.16156410256410256]"
Virtual_2D_response_surface,,28.792095698005244,16.476540707922283,21.079518534368034,,0.5774869565217391,66.411,0.8543076923076923,0.22118004875909233,0.5000453658547553,0.4826738454359565,26.439818792652147,12.76180900927928,"[0.03582051282051282, 0.09766666666666667, 0.16138461538461538, 0.26994871794871794, 0.35620512820512823, 0.5918974358974359, 0.7181794871794872, 0.6398461538461538, 0.8543076923076923, 0.19176923076923078]"
Virtual_2D_response_surface,,26.111904105933093,20.776962121058666,18.432294887805256,,0.5447263099219621,62.64352564102565,0.8251282051282052,0.24714397188841347,0.38069432193723785,0.6157505964779177,27.86754553203015,17.159457783723095,"[0.03151282051282051, 0.08461538461538462, 0.1386923076923077, 0.23766666666666666, 0.3191794871794872, 0.5452564102564103, 0.6915384615384615, 0.5922564102564103, 0.8251282051282052, 0.16994871794871794]"
Virtual_2D_response_surface,,34.74885833100226,15.426659284727004,18.654670042175436,,0.5276391304347826,60.6785,0.7932564102564102,0.2333124250897664,0.5294998831354916,0.505305137118078,25.482686374456904,12.876532332581924,"[0.032769230769230766, 0.0882051282051282, 0.14305128205128206, 0.2438205128205128, 0.3178974358974359, 0.5318461538461539, 0.6574871794871795, 0.5751282051282052, 0.7932564102564102, 0.16807692307692307]"
Virtual_2D_response_surface,,15.0,30.0,22.22222222222222,,0.5516441471571907,63.439076923076925,0.8488974358974359,0.20730170164650982,0.5415102217768836,0.43536222935502433,23.671851474667825,10.305830030972405,"[0.03892307692307692, 0.10407692307692308, 0.16166666666666665, 0.2563846153846154, 0.33782051282051284, 0.550974358974359, 0.6737692307692308, 0.5615641025641026, 0.8488974358974359, 0.20353846153846153]"
Virtual_2D_response_surface,,50.49005255683627,11.514179598997831,17.2012963423993,,0.445222519509476,51.20058974358974,0.6768717948717948,0.21411623802286972,0.640632726261776,0.46695836779965216,19.733179788809572,9.214573425679603,"[0.03, 0.08033333333333334, 0.13092307692307692, 0.21051282051282053, 0.269025641025641, 0.45056410256410256, 0.5372307692307692, 0.4711025641025641, 0.6768717948717948, 0.15035897435897436]"
Virtual_2D_response_surface,,50.83435244155133,11.974599244905852,16.427887368615302,,0.44424358974358974,51.08801282051282,0.6781794871794872,0.2257439951208827,0.6274279429033751,0.4905220430808432,20.75906181040099,10.182777411679401,"[0.028692307692307694, 0.07417948717948718, 0.1270769230769231, 0.20856410256410257, 0.2590769230769231, 0.4448974358974359, 0.5415641025641026, 0.4738205128205128, 0.6781794871794872, 0.14092307692307693]"
Virtual_2D_response_surface,,31.7850771259722,15.376136766119464,20.461124463608364,,0.5601141583054627,64.41312820512822,0.8307692307692308,0.22162927490683082,0.5309208269906448,0.4720351091726384,25.69650281744994,12.129651512789993,"[0.03682051282051282, 0.09646153846153846, 0.1586153846153846, 0.26187179487179485, 0.34374358974358976, 0.5617692307692308, 0.6997179487179487, 0.6170256410256411, 0.8307692307692308, 0.1896923076923077]"
Virtual_2D_response_surface,,45.157041441082555,11.913986664139234,18.58734713724388,,0.4902579710144928,56.37966666666667,0.7423589743589744,0.21763819689647598,0.6291641637924031,0.4456837449484597,22.086664190923834,9.843667210029976,"[0.03397435897435897, 0.08717948717948718, 0.14564102564102563, 0.2346923076923077, 0.2925897435897436, 0.4928205128205128, 0.5881282051282052, 0.5211794871794871, 0.7423589743589744, 0.1718974358974359]"
Virtual_2D_response_surface,,43.13147347629114,14.391965765574687,16.109630814142296,,0.4680312151616499,53.82358974358974,0.7154102564102565,0.24493333313592736,0.5586686719159056,0.5369020833256405,23.72974422702867,12.740549112276284,"[0.028179487179487178, 0.07771794871794872, 0.12884615384615383, 0.2096923076923077, 0.2782307692307692, 0.47292307692307695, 0.5666666666666667, 0.5014358974358974, 0.7154102564102565, 0.14446153846153847]"
Virtual_2D_response_surface,,40.28825582206572,12.04565856312645,20.605871397903076,,0.5258594202898551,60.47383333333333,0.7861538461538462,0.20701637937684417,0.6253932924105599,0.4104348701930803,22.534333242669682,9.248876139342745,"[0.036333333333333336, 0.09541025641025641, 0.16141025641025641, 0.2612051282051282, 0.32584615384615384, 0.5312564102564102, 0.6461025641025641, 0.5611538461538461, 0.7861538461538462, 0.19074358974358974]"
Virtual_2D_response_surface,,29.395080223505307,17.061357002433134,19.93938594926399,,0.5642840579710146,64.89266666666667,0.8381282051282052,0.23031929342191734,0.48369662875555675,0.5135082520770552,26.902859642875217,13.814840431087202,"[0.03412820512820513, 0.09151282051282052, 0.15494871794871795, 0.261, 0.35135897435897434, 0.574076923076923, 0.7101282051282052, 0.6200769230769231, 0.8381282051282052, 0.18930769230769232]"
Virtual_2D_response_surface,,15.0,30.0,22.22222222222222,,0.5548838350055741,63.81164102564102,0.8498717948717949,0.2075600425388486,0.5415102217768836,0.43536222935502433,23.84054446636042,10.379272587912261,"[0.04176923076923077, 0.10051282051282051, 0.1571025641025641, 0.25543589743589745, 0.34335897435897433, 0.5518974358974359, 0.6898974358974359, 0.5688461538461539, 0.8498717948717949, 0.20553846153846153]"
Virtual_2D_response_surface,,21.48319218946365,24.47113388595219,19.021602120305182,,0.548739353400223,63.105025641025634,0.8296666666666667,0.24003799070004017,0.3612700374503122,0.6219573606890061,27.265686404303352,16.95809435339463,"[0.03387179487179487, 0.09261538461538461, 0.15017948717948718, 0.24523076923076922, 0.3243333333333333, 0.5563589743589744, 0.6871794871794872, 0.5927179487179487, 0.8296666666666667, 0.17597435897435898]"
Virtual_2D_response_surface,,39.3504232971409,13.039587010215536,19.488874317714124,,0.5206560758082497,59.875448717948714,0.7783333333333333,0.21762844663038913,0.5970228011439731,0.44751047642505315,23.455081612412467,10.496394746959208,"[0.034256410256410255, 0.08874358974358974, 0.15543589743589745, 0.2477948717948718, 0.30605128205128207, 0.5282051282051282, 0.6385897435897436, 0.5667948717948718, 0.7783333333333333, 0.17871794871794872]"
Virtual_2D_response_surface,,36.43617502085889,14.651101813110845,18.73255145100098,,0.5288876254180602,60.82207692307692,0.8046923076923077,0.23597331105569141,0.5513497468120767,0.4898150485344387,25.834296378280357,12.654027134380467,"[0.03535897435897436, 0.0872051282051282, 0.15074358974358976, 0.24225641025641026, 0.3189230769230769, 0.5204358974358975, 0.6484871794871795, 0.5671282051282052, 0.8046923076923077, 0.16838461538461538]"
Virtual_2D_response_surface,,41.94288328105654,13.718179501675014,17.379818504331013,,0.49221850613154966,56.60512820512821,0.7500769230769231,0.237209273431898,0.5777435559076619,0.49963033986144473,24.169070401304218,12.075600858738811,"[0.030794871794871795, 0.08038461538461539, 0.13746153846153847, 0.22607692307692306, 0.28487179487179487, 0.4900769230769231, 0.5976153846153847, 0.5256153846153846, 0.7500769230769231, 0.1657179487179487]"
Virtual_2D_response_surface,,47.24101896736736,12.625914682643632,16.765553393316615,,0.4647546265328874,53.44678205128205,0.7193076923076923,0.2356477559311274,0.6088108458366067,0.49393256521295886,22.670305653824414,11.197602225755338,"[0.030435897435897436, 0.07507692307692308, 0.12815384615384615, 0.21415384615384617, 0.27097435897435895, 0.4646923076923077, 0.5565897435897436, 0.4814102564102564, 0.7193076923076923, 0.15956410256410256]"
Virtual_2D_response_surface,,18.984132410031002,27.057592166537123,19.46794448845338,,0.5424696767001115,62.38401282051282,0.825974358974359,0.2327256872797522,0.43021655264425124,0.560580393287449,26.1330520660609,14.6496766049938,"[0.03469230769230769, 0.09397435897435898, 0.15312820512820513, 0.2454102564102564, 0.327025641025641, 0.5441538461538461, 0.6843076923076923, 0.5714358974358974, 0.825974358974359, 0.18312820512820513]"
Virtual_2D_response_surface,,35.13523097989869,16.070308284382094,17.71058794776247,,0.5142151616499442,59.134743589743586,0.7852307692307692,0.24448698212231718,0.5114259258270233,0.5347652428814367,26.023814997900214,13.916631748053682,"[0.030717948717948716, 0.08253846153846153, 0.13897435897435897, 0.23492307692307693, 0.3036923076923077, 0.5132051282051282, 0.6320256410256411, 0.5510512820512821, 0.7852307692307692, 0.16015384615384615]"
Virtual_2D_response_surface,,15.0,28.916432509252893,23.054941734369958,,0.5643121516164995,64.89589743589744,0.8601794871794872,0.2020835563860434,0.5415102217768836,0.4220050295771676,23.605908747678125,9.961812219259826,"[0.03930769230769231, 0.10512820512820513, 0.15933333333333333, 0.26053846153846155, 0.34717948717948716, 0.570923076923077, 0.6943333333333334, 0.5823076923076923, 0.8601794871794872, 0.21269230769230768]"
Virtual_2D_response_surface,,38.76953231367907,12.866576993763982,20.046862647653253,,0.5235905239687848,60.212910256410254,0.7767435897435897,0.21052769648167988,0.6019495715577063,0.4343513275304901,22.8176735305323,9.91088678914403,"[0.03428205128205128, 0.09446153846153846, 0.15274358974358973, 0.25276923076923075, 0.3152051282051282, 0.5322051282051282, 0.651974358974359, 0.5742564102564103, 0.7767435897435897, 0.17776923076923076]"
Virtual_2D_response_surface,,37.26484101610043,16.149705843378936,16.61636834613285,,0.4995089186176143,57.443525641025644,0.7739230769230769,0.258421639385213,0.5092000186374052,0.5572732506375574,26.72037012279666,14.890547516569562,"[0.028256410256410257, 0.0746923076923077, 0.12587179487179487, 0.21215384615384617, 0.2917948717948718, 0.4878461538461539, 0.6084615384615385, 0.5304871794871795, 0.7739230769230769, 0.15246153846153845]"
Virtual_2D_response_surface,,23.49995369359892,20.08304271406338,21.18865948044841,,0.5761528428093645,66.25757692307693,0.845948717948718,0.2175521747343702,0.39982501643858587,0.5568613026098147,25.946063914041368,14.448358948770583,"[0.035333333333333335, 0.1, 0.15976923076923077, 0.2704615384615385, 0.36228205128205127, 0.5979230769230769, 0.7434615384615385, 0.6415641025641026, 0.845948717948718, 0.18505128205128205]"
Virtual_2D_response_surface,,28.160188792151818,19.928470930969798,17.819292650857182,,0.5343085841694538,61.44548717948719,0.81,0.2514389351155806,0.4040926642224493,0.6079885565798131,27.809618155322973,16.90792960129058,"[0.031153846153846153, 0.086, 0.14446153846153847, 0.23561538461538462, 0.3198974358974359, 0.5340769230769231, 0.6755384615384615, 0.5775641025641025, 0.81, 0.1657179487179487]"
Virtual_2D_response_surface,,25.58293997664886,24.486863768533073,15.963068712445187,,0.5047093645484951,58.04157692307694,0.7911282051282051,0.2771125407785139,0.2791347083800927,0.7349738066537773,28.95128793350174,21.278438300015342,"[0.027102564102564102, 0.07723076923076923, 0.12164102564102564, 0.20723076923076922, 0.28512820512820514, 0.49335897435897436, 0.6333076923076923, 0.5268461538461539, 0.7911282051282051, 0.14851282051282053]"
Virtual_2D_response_surface,,43.810539577535394,11.150953241400558,20.469602220364948,,0.5036144927536231,57.91566666666666,0.7465641025641025,0.19722267222137918,0.6510771213432502,0.3981287668758417,20.56010857826878,8.185570675099564,"[0.03884615384615384, 0.09523076923076923, 0.15766666666666668, 0.2522820512820513, 0.321025641025641, 0.5342307692307692, 0.6176666666666667, 0.5376153846153846, 0.7465641025641025, 0.1845897435897436]"
Virtual_2D_response_surface,,44.30389534228138,12.971246652567356,17.40108665908501,,0.4747758082497213,54.59921794871795,0.7221282051282051,0.22706111273858154,0.5989683475826644,0.4866263554153093,22.315246527766014,10.859187088000912,"[0.03258974358974359, 0.08361538461538462, 0.13887179487179488, 0.22238461538461538, 0.2877692307692308, 0.47933333333333333, 0.5812820512820512, 0.5022051282051282, 0.7221282051282051, 0.15792307692307692]"
Virtual_2D_response_surface,,40.6758539489781,13.53314593849013,18.166219421792306,,0.5029835005574136,57.843102564102566,0.7616410256410256,0.22966280342725998,0.5829935175951211,0.4810065558307677,23.911936368844184,11.501798156022215,"[0.03135897435897436, 0.08566666666666667, 0.14412820512820512, 0.23223076923076924, 0.29833333333333334, 0.5059743589743589, 0.6085897435897436, 0.5387948717948718, 0.7616410256410256, 0.17266666666666666]"
Virtual_2D_response_surface,,49.60805589300781,9.498917319476794,21.221383065127334,,0.5047238573021182,58.04324358974359,0.7601282051282051,0.1934723781427567,0.6989095590185889,0.3588141954481746,20.21357587036862,7.252917963056952,"[0.035666666666666666, 0.09397435897435898, 0.159025641025641, 0.2479230769230769, 0.30751282051282053, 0.5092564102564102, 0.6093076923076923, 0.5295128205128206, 0.7601282051282051, 0.19312820512820514]"
Virtual_2D_response_surface,,23.711446983696188,25.51816876133899,16.526939499510586,,0.5117432552954292,58.85047435897436,0.8005641025641026,0.2700903509717436,0.3002679002046525,0.7096855749455468,28.61090149404417,20.30474407651114,"[0.030282051282051282, 0.07635897435897436, 0.12756410256410255, 0.21807692307692308, 0.28733333333333333, 0.5157948717948718, 0.6542307692307693, 0.529051282051282, 0.8005641025641026, 0.15320512820512822]"
Virtual_2D_response_surface,,35.21391793715041,17.21099839108299,16.4998345036233,,0.4981314381270903,57.28511538461539,0.7657692307692308,0.25738959764979485,0.4795197887044684,0.5788238715240795,26.54026704030281,15.362140119550995,"[0.02887179487179487, 0.07230769230769231, 0.1255897435897436, 0.20933333333333334, 0.29194871794871796, 0.4918205128205128, 0.6245128205128205, 0.533051282051282, 0.7657692307692308, 0.15256410256410258]"
Virtual_2D_response_surface,,24.554997798817205,20.072655625629135,20.288748877381956,,0.5714439241917503,65.71605128205128,0.8485128205128205,0.22902628947840084,0.4001117262973151,0.570651446726125,27.09126609174092,15.45967018889437,"[0.034589743589743586, 0.09628205128205128, 0.15925641025641027, 0.2581538461538462, 0.35643589743589743, 0.5864102564102565, 0.7293333333333333, 0.6281538461538462, 0.8485128205128205, 0.1857948717948718]"
Virtual_2D_response_surface,,17.156517597577412,26.71624550056552,21.817020229013426,,0.5723136008918617,65.8160641025641,0.8587692307692307,0.21418962844328346,0.4810401757047848,0.4842056787759769,25.374812968309556,12.28662853713379,"[0.03858974358974359, 0.10335897435897436, 0.1706153846153846, 0.27156410256410257, 0.35733333333333334, 0.5828205128205128, 0.7237435897435898, 0.6072307692307692, 0.8587692307692307, 0.2016153846153846]"
Virtual_2D_response_surface,,26.982859578681307,22.048606594867927,16.808574297469345,,0.5169426978818283,59.44841025641026,0.8000769230769231,0.2648233565631435,0.3457509201097268,0.6692429569918374,28.33798958360167,18.96499994413347,"[0.026897435897435897, 0.07848717948717948, 0.12412820512820513, 0.21505128205128204, 0.29935897435897435, 0.5107948717948718, 0.6597179487179488, 0.5468461538461539, 0.8000769230769231, 0.15564102564102564]"
Virtual_2D_response_surface,,28.897404326667186,18.93609147860804,18.27472382673521,,0.5425172798216277,62.38948717948718,0.820974358974359,0.24812914502560152,0.4315479467460646,0.5798478681618751,27.86517020237739,16.157559537816333,"[0.03182051282051282, 0.08366666666666667, 0.1472051282051282, 0.23715384615384616, 0.31951282051282054, 0.5480512820512821, 0.6856410256410257, 0.5881025641025641, 0.820974358974359, 0.17138461538461539]"
Virtual_2D_response_surface,,35.47520346987829,16.559384847349342,17.022796425903064,,0.5057423634336677,58.16037179487179,0.7762564102564102,0.2523395168110238,0.4977269588266565,0.5568248011043203,26.417088209281403,14.709689887888402,"[0.031025641025641027, 0.08246153846153846, 0.13653846153846153, 0.2214102564102564, 0.30133333333333334, 0.5010256410256411, 0.6276410256410256, 0.5365128205128206, 0.7762564102564102, 0.15884615384615386]"
Virtual_2D_response_surface,,34.23798035368678,17.430730669142594,16.756228310407487,,0.5038727982162764,57.94537179487179,0.7732820512820513,0.255755411324138,0.47339120074698726,0.5780142926923839,26.67571631590957,15.418945298403154,"[0.029794871794871794, 0.07756410256410257, 0.13066666666666665, 0.22156410256410256, 0.29543589743589743, 0.5033076923076923, 0.6181025641025641, 0.5401282051282051, 0.7732820512820513, 0.15294871794871795]"
Virtual_2D_response_surface,,16.198116157530485,30.0,20.57852469334016,,0.5334497212931996,61.34671794871795,0.8216923076923077,0.2175821842657986,0.5078432197566326,0.48568687999729165,24.026315199875864,11.669266067259214,"[0.03538461538461538, 0.0963076923076923, 0.15602564102564104, 0.2427948717948718, 0.3285128205128205, 0.5364871794871795, 0.6627692307692308, 0.5436153846153846, 0.8216923076923077, 0.19043589743589742]"
Virtual_2D_response_surface,,48.359638333068034,11.13117307239361,18.57701878902439,,0.4860550724637681,55.89633333333333,0.7423076923076923,0.21775483050424937,0.6516465962373652,0.4331987329218153,21.909053863456244,9.490974373165047,"[0.032769230769230766, 0.08476923076923076, 0.13982051282051283, 0.23523076923076924, 0.28892307692307695, 0.4808205128205128, 0.5805897435897436, 0.511102564102564, 0.7423076923076923, 0.17012820512820512]"
Virtual_2D_response_surface,,47.785131148615996,13.041994671743977,16.04586741163445,,0.457196209587514,52.57756410256411,0.7088205128205128,0.24348313156713142,0.5969542721189891,0.5158544101366317,23.043149924155024,11.886910511814959,"[0.028435897435897434, 0.07217948717948718, 0.12546153846153846, 0.20633333333333334, 0.2559230769230769, 0.4535897435897436, 0.5473846153846154, 0.4775897435897436, 0.7088205128205128, 0.1531025641025641]"
Virtual_2D_response_surface,,49.285162388612704,11.845322980650087,17.129192941525208,,0.4692516164994426,53.963935897435896,0.7276666666666667,0.23305438719634042,0.6311317808901654,0.4737494241817971,22.637757620303134,10.724624637385698,"[0.030384615384615385, 0.07782051282051282, 0.1322051282051282, 0.2169230769230769, 0.2723076923076923, 0.46676923076923077, 0.5661025641025641, 0.48194871794871796, 0.7276666666666667, 0.16415384615384615]"
Virtual_2D_response_surface,,49.42017221701765,12.083306939894758,16.745955699023384,,0.463954403567447,53.35475641025641,0.7184871794871794,0.23565520342011365,0.6243156551985205,0.4855493548574765,22.631986755521257,10.9889465682863,"[0.029128205128205128, 0.07707692307692307, 0.1294871794871795, 0.21423076923076922, 0.2666923076923077, 0.45715384615384613, 0.5544102564102564, 0.48102564102564105, 0.7184871794871794, 0.16033333333333333]"
Virtual_2D_response_surface,,20.47408401380673,27.42562175570717,17.808979617989007,,0.5245794871794872,60.326641025641024,0.8113846153846154,0.25208686098098554,0.3890387936665838,0.6195358933523785,27.37359642542506,16.95892551569319,"[0.03251282051282051, 0.0858974358974359, 0.13846153846153847, 0.2232051282051282, 0.30623076923076925, 0.5176666666666667, 0.6564358974358975, 0.5508717948717948, 0.8113846153846154, 0.1637948717948718]"
Virtual_2D_response_surface,,31.834258855972887,18.851397760008876,16.663326333797233,,0.5149208472686734,59.21589743589743,0.7952307692307692,0.2656004074160401,0.4338957060260524,0.6067503658921943,28.30997967206544,17.17709052442629,"[0.03012820512820513, 0.08228205128205128, 0.12723076923076923, 0.21664102564102564, 0.29346153846153844, 0.5100256410256411, 0.6430769230769231, 0.5481538461538461, 0.7952307692307692, 0.15553846153846154]"
Virtual_2D_response_surface,,39.966781912291125,11.497842516991476,21.761281321642283,,0.536532441471572,61.701230769230776,0.7942564102564103,0.19737709199578296,0.6411019694707765,0.3813281399124118,21.921137103224694,8.359146436337628,"[0.03702564102564103, 0.10517948717948718, 0.16825641025641025, 0.2674615384615385, 0.3382051282051282, 0.553025641025641, 0.6587179487179488, 0.5741282051282052, 0.7942564102564103, 0.20366666666666666]"
Virtual_2D_response_surface,,30.330521458151928,19.16978991336587,17.19898309597234,,0.5233153846153846,60.18126923076923,0.7995897435897436,0.2578880084942467,0.42507350925333554,0.6033766523789446,27.936049807042494,16.85596021326476,"[0.03133333333333333, 0.08153846153846153, 0.13938461538461538, 0.22494871794871796, 0.3004102564102564, 0.5215897435897436, 0.6618717948717948, 0.5632564102564103, 0.7995897435897436, 0.15935897435897436]"
Virtual_2D_response_surface,,39.65894954779051,14.452085272895957,17.447301973330365,,0.4954070234113713,56.9718076923077,0.7574102564102564,0.23876935334150792,0.5569698474778615,0.5109240454977344,24.485619026500302,12.51029152953583,"[0.031871794871794874, 0.08292307692307692, 0.13643589743589743, 0.22656410256410256, 0.2937692307692308, 0.494948717948718, 0.6065128205128205, 0.5275897435897436, 0.7574102564102564, 0.15679487179487178]"
Virtual_2D_response_surface,,29.796557679082508,20.150380726549454,16.655230586476552,,0.5218744704570791,60.015564102564106,0.8051794871794872,0.26948854698723246,0.3979665690527556,0.6325207755492518,29.112312899914393,18.41414273348634,"[0.02758974358974359, 0.07897435897435898, 0.13648717948717948, 0.21523076923076923, 0.3048717948717949, 0.5090769230769231, 0.6466923076923077, 0.5568717948717948, 0.8051794871794872, 0.15971794871794873]"
Virtual_2D_response_surface,,15.0,30.0,22.22222222222222,,0.5529433667781494,63.588487179487174,0.8418717948717949,0.2054427169690136,0.5415102217768836,0.43536222935502433,23.51482483338564,10.23746656235566,"[0.039, 0.1044102564102564, 0.1637948717948718, 0.2581282051282051, 0.3437179487179487, 0.5498205128205128, 0.6812820512820513, 0.5733333333333334, 0.8418717948717949, 0.2018974358974359]"
Virtual_2D_response_surface,,20.94834265946589,29.422101925150965,16.22469850026183,,0.4932810479375697,56.72732051282052,0.7830769230769231,0.2689906116752833,0.375976460353415,0.6560314408047311,27.466409958198188,18.01882849861017,"[0.029, 0.07694871794871795, 0.12517948717948718, 0.2077948717948718, 0.27087179487179486, 0.46805128205128205, 0.6067692307692307, 0.5020256410256411, 0.7830769230769231, 0.15371794871794872]"
Virtual_2D_response_surface,,25.30751894110692,25.333885897352936,15.597271044830585,,0.4980370122630992,57.274256410256406,0.7833846153846153,0.28128667699009546,0.25681889203632435,0.7581975384986852,28.998873472895458,21.986874486384156,"[0.028564102564102564, 0.07661538461538461, 0.12187179487179488, 0.20461538461538462, 0.2775384615384615, 0.48953846153846153, 0.629051282051282, 0.515, 0.7833846153846153, 0.14756410256410257]"
Virtual_2D_response_surface,,48.05886126396696,10.942180354126103,19.016152655280663,,0.4833424749163879,55.58438461538461,0.7339230769230769,0.20962963585358327,0.65709148180792,0.42168828792762275,20.973841750923466,8.84442341921181,"[0.03397435897435897, 0.08428205128205128, 0.1438974358974359, 0.2358974358974359, 0.29220512820512823, 0.49335897435897436, 0.5856923076923077, 0.5049230769230769, 0.7339230769230769, 0.1758205128205128]"
Virtual_2D_response_surface,,35.958026914860646,12.544566881976877,22.16912108920865,,0.5595189520624304,64.34467948717949,0.8267435897435897,0.2019820773766323,0.6111322007041912,0.39209537634158886,23.39364965571737,9.172541865761783,"[0.03892307692307692, 0.1032051282051282, 0.1686923076923077, 0.2833333333333333, 0.3498974358974359, 0.5776153846153846, 0.692025641025641, 0.6086923076923076, 0.8267435897435897, 0.19592307692307692]"
Virtual_2D_response_surface,,44.68517495805531,13.034679708308094,17.16865103118207,,0.4767235228539576,54.823205128205124,0.7311025641025641,0.23368234789027498,0.5971624800079609,0.49238455101378853,23.060187527812445,11.354480082175696,"[0.031205128205128205, 0.07548717948717949, 0.1385897435897436, 0.22056410256410255, 0.2785384615384615, 0.47605128205128205, 0.5736923076923077, 0.5041282051282051, 0.7311025641025641, 0.1565897435897436]"
Virtual_2D_response_surface,,45.25955798732992,13.074922002944083,16.898594508968884,,0.46912664437012264,53.9495641025641,0.7192307692307692,0.23354750082530643,0.5960171564407215,0.49856893575892786,22.67961456018332,11.307351294693284,"[0.029128205128205128, 0.07869230769230769, 0.13228205128205128, 0.2137948717948718, 0.27802564102564103, 0.46274358974358976, 0.5691794871794872, 0.4941794871794872, 0.7192307692307692, 0.15866666666666668]"
Virtual_2D_response_surface,,28.61981627240722,22.189210553011712,15.746763590044411,,0.5042788182831661,57.9920641025641,0.7917179487179488,0.28161500435399944,0.34189604586262956,0.6893242994298734,29.396583692533806,20.263779459487505,"[0.02666666666666667, 0.07405128205128206, 0.12087179487179488, 0.20312820512820512, 0.2787179487179487, 0.4847692307692308, 0.6267948717948718, 0.5306923076923077, 0.7917179487179488, 0.1458974358974359]"
Virtual_2D_response_surface,,36.548642386549766,16.471517363602228,16.610975666308462,,0.5020321070234114,57.73369230769231,0.7828717948717949,0.2618843744329554,0.5001859715649111,0.5631762661795934,27.21519340866852,15.326951007249416,"[0.027564102564102563, 0.07733333333333334, 0.13092307692307692, 0.21666666666666667, 0.2908974358974359, 0.48435897435897435, 0.608897435897436, 0.5272564102564102, 0.7828717948717949, 0.15246153846153845]"
Virtual_2D_response_surface,,33.637447901138124,15.55659466115579,19.110076513098264,,0.5310658862876255,61.07257692307693,0.793,0.22704532433761232,0.5258469779158759,0.4993577267109603,24.959237464140802,12.463588080532384,"[0.03505128205128205, 0.0908974358974359, 0.1487948717948718, 0.24607692307692308, 0.32282051282051283, 0.5455641025641026, 0.6517435897435897, 0.5851538461538461, 0.793, 0.1671025641025641]"
Virtual_2D_response_surface,,36.71388859936203,14.841497082450688,18.352359298051113,,0.5208656633221851,59.89955128205129,0.7938461538461539,0.23781164730220375,0.5459782216652214,0.5003590301183111,25.640659733485407,12.82953563584039,"[0.032358974358974356, 0.08443589743589744, 0.13917948717948717, 0.23887179487179488, 0.3116153846153846, 0.5312307692307693, 0.636948717948718, 0.556923076923077, 0.7938461538461539, 0.16497435897435897]"
Virtual_2D_response_surface,,33.92581946316481,16.37539552865359,18.00022172281735,,0.5201801560758081,59.82071794871794,0.783974358974359,0.23964643320797246,0.502877053819595,0.5349779740156739,25.80447903903071,13.804827916830574,"[0.03174358974358974, 0.08092307692307692, 0.1387948717948718, 0.23853846153846153, 0.31153846153846154, 0.5261794871794871, 0.6553333333333333, 0.567025641025641, 0.783974358974359, 0.16094871794871796]"
Virtual_2D_response_surface,,30.44025640115099,20.545238076487202,15.989707364711789,,0.49584526198439244,57.02220512820513,0.7668461538461538,0.2670745569033109,0.3870776857092371,0.6520020664673182,27.41252430287716,17.87302249256149,"[0.028666666666666667, 0.0742051282051282, 0.12461538461538461, 0.20325641025641025, 0.2856923076923077, 0.4804871794871795, 0.6218717948717949, 0.5285384615384615, 0.7668461538461538, 0.14943589743589744]"
Virtual_2D_response_surface,,28.700600973001404,17.778334939825065,19.598278521282676,,0.5647817168338908,64.94989743589744,0.8446153846153847,0.23683087192199384,0.4637072427655949,0.533650006649447,27.687853513777796,14.775623211736434,"[0.03397435897435897, 0.09417948717948718, 0.15574358974358973, 0.25351282051282054, 0.3446666666666667, 0.563923076923077, 0.6984102564102564, 0.6224358974358974, 0.8446153846153847, 0.18197435897435899]"
Virtual_2D_response_surface,,40.945533773362705,14.16607494708764,17.24026463265373,,0.4931964325529543,56.71758974358975,0.7587948717948718,0.2424829417928656,0.5650563412506673,0.5100738568310823,24.755486422367706,12.627126437186588,"[0.03, 0.07997435897435898, 0.13507692307692307, 0.2215897435897436, 0.28707692307692306, 0.48338461538461536, 0.599025641025641, 0.5212307692307693, 0.7587948717948718, 0.1618974358974359]"
Virtual_2D_response_surface,,34.28862788088159,15.6719392782663,18.609176426876868,,0.5223654403567447,60.07202564102565,0.7846923076923077,0.2311325929780843,0.522606089622176,0.5106540934486123,24.992285493341207,12.76241289181106,"[0.03333333333333333, 0.08974358974358974, 0.14758974358974358, 0.2402820512820513, 0.31866666666666665, 0.5287948717948718, 0.6515128205128206, 0.5681282051282052, 0.7846923076923077, 0.1655897435897436]"
Virtual_2D_response_surface,,36.25990807310152,15.267295551914454,18.063886188126677,,0.5161964325529543,59.362589743589744,0.7867692307692308,0.23965396285749155,0.533983115941767,0.5134657960434519,25.60766377956258,13.14865946738617,"[0.03264102564102564, 0.08394871794871794, 0.13841025641025642, 0.236, 0.313, 0.5156153846153846, 0.6313333333333333, 0.5536153846153846, 0.7867692307692308, 0.16117948717948719]"
Virtual_2D_response_surface,,44.00843215885499,14.05385654107644,16.16845742051201,,0.46463221850613157,53.43270512820513,0.71,0.24186305209175027,0.5682323299332717,0.5299904505150044,23.262114858887177,12.328698733993392,"[0.02794871794871795, 0.07423076923076923, 0.12458974358974359, 0.20625641025641026, 0.26661538461538464, 0.46912820512820513, 0.5715384615384616, 0.49646153846153845, 0.71, 0.1508974358974359]"
Virtual_2D_response_surface,,52.68310744876672,10.30709822508433,18.41586835653837,,0.45959241917502786,52.8531282051282,0.6900512820512821,0.20302006322418753,0.6754394403637736,0.4233393626500816,19.31444177364219,8.176563470395797,"[0.03241025641025641, 0.08276923076923078, 0.14205128205128206, 0.22264102564102564, 0.2797948717948718, 0.46297435897435896, 0.554, 0.49266666666666664, 0.6900512820512821, 0.1618974358974359]"
Virtual_2D_response_surface,,47.72778826098914,12.929174007993335,16.205331153716067,,0.4613189520624304,53.0516794871795,0.7104102564102565,0.2414021373279697,0.6001664600704912,0.5106319570297896,23.052219870678368,11.771200146445498,"[0.027923076923076922, 0.07492307692307693, 0.122, 0.20984615384615385, 0.26743589743589746, 0.4550769230769231, 0.5496410256410257, 0.48705128205128206, 0.7104102564102565, 0.15507692307692308]"
Virtual_2D_response_surface,,35.23193799570831,15.718911369422313,18.056808900084267,,0.5178591973244147,59.553807692307686,0.784974358974359,0.23914635876980164,0.5212867820502338,0.5218014841397342,25.6357372688863,13.376765753921166,"[0.03094871794871795, 0.08487179487179487, 0.14092307692307693, 0.23851282051282052, 0.3089230769230769, 0.5167179487179487, 0.6414871794871795, 0.5601025641025641, 0.784974358974359, 0.16164102564102564]"
Virtual_2D_response_surface,,42.918867638630644,13.109232501431366,17.773562218287168,,0.48232419175027874,55.467282051282055,0.727974358974359,0.22378051656290351,0.5950408569120436,0.4814985069245192,22.342494653597097,10.757877816676054,"[0.03064102564102564, 0.0838974358974359, 0.13474358974358974, 0.22666666666666666, 0.2858205128205128, 0.4847692307692308, 0.5971282051282051, 0.5202307692307693, 0.727974358974359, 0.15792307692307692]"
Virtual_2D_response_surface,,17.011523988751435,30.0,19.594560343549702,,0.5260470457079153,60.49541025641026,0.8074102564102564,0.2252806057320715,0.48508815943922134,0.5184833507640443,24.531196799833694,12.719017115029974,"[0.03541025641025641, 0.09538461538461539, 0.1495128205128205, 0.2353076923076923, 0.31558974358974357, 0.5144871794871795, 0.6615641025641026, 0.5461538461538461, 0.8074102564102564, 0.1815128205128205]"
Virtual_2D_response_surface,,28.60342873579615,19.900129273684737,17.568149017108933,,0.5324105908584169,61.22721794871795,0.815923076923077,0.2575931450259374,0.4048754140711702,0.6116858844873669,28.389080938677804,17.36520008375858,"[0.0318974358974359, 0.08448717948717949, 0.14166666666666666, 0.2256923076923077, 0.30766666666666664, 0.5198974358974359, 0.6760512820512821, 0.5698974358974359, 0.815923076923077, 0.16441025641025642]"
Virtual_2D_response_surface,,32.31561091706313,18.17959727766901,17.02171721183142,,0.5178375696767001,59.55132051282051,0.798923076923077,0.26066920439178176,0.4525450233091307,0.5872405256486762,27.94175160940245,16.40852890265024,"[0.03130769230769231, 0.08343589743589744, 0.13853846153846153, 0.22892307692307692, 0.29743589743589743, 0.5168717948717949, 0.6404871794871795, 0.5464871794871795, 0.798923076923077, 0.1616923076923077]"
Virtual_2D_response_surface,,38.102182488970314,11.00405773070891,23.85048896787776,,0.5591101449275362,64.29766666666666,0.8107179487179487,0.183154662964511,0.6553080417586735,0.33957247754903014,21.19755144192805,7.1981050611085236,"[0.040025641025641025, 0.10976923076923077, 0.1828974358974359, 0.2877179487179487, 0.35825641025641025, 0.584974358974359, 0.6986153846153846, 0.6135384615384616, 0.8107179487179487, 0.21066666666666667]"
Virtual_2D_response_surface,,21.547589045034393,22.553398673662908,20.577344048934542,,0.5701734671125975,65.56994871794872,0.8437692307692307,0.22406202940595207,0.3595010926339078,0.5997705087775486,26.44512440001803,15.861005716084378,"[0.03420512820512821, 0.0941025641025641, 0.15602564102564104, 0.2560769230769231, 0.35015384615384615, 0.5853076923076923, 0.7388717948717949, 0.6292051282051282, 0.8437692307692307, 0.18843589743589745]"
Virtual_2D_response_surface,,32.13980962822748,17.187426093008387,18.102804291697783,,0.5358470457079153,61.622410256410255,0.8166410256410256,0.2492926539115654,0.48017757524941335,0.5484288453551803,27.651625547846006,15.164949071398992,"[0.029948717948717948, 0.0833076923076923, 0.1377948717948718, 0.23107692307692307, 0.3170769230769231, 0.5345641025641026, 0.6526666666666666, 0.5797179487179487, 0.8166410256410256, 0.17056410256410257]"
Virtual_2D_response_surface,,15.0,30.0,22.22222222222222,,0.550184949832776,63.271269230769235,0.8356923076923077,0.20381321292507923,0.5415102217768836,0.43536222935502433,23.21193720198741,10.105600727906065,"[0.038974358974358976, 0.10071794871794872, 0.1615897435897436, 0.26053846153846155, 0.3403076923076923, 0.5545384615384615, 0.683025641025641, 0.5685384615384615, 0.8356923076923077, 0.20756410256410257]"
Virtual_2D_response_surface,,44.76479526898281,10.941703787193855,20.416366064215257,,0.5052685618729098,58.105884615384625,0.7565641025641026,0.20060953690866046,0.657105220355604,0.39570376392007856,20.981870287848665,8.30260504698458,"[0.03769230769230769, 0.0953076923076923, 0.15528205128205128, 0.25358974358974357, 0.3101282051282051, 0.517948717948718, 0.6307435897435898, 0.5353589743589744, 0.7565641025641026, 0.18007692307692308]"
Virtual_2D_response_surface,,57.924703951107276,10.07027709707292,17.143313070143094,,0.43928528428093644,50.51780769230769,0.68,0.21600098920193828,0.6823023623771932,0.445608901061679,19.641413580933147,8.752388721097557,"[0.03128205128205128, 0.07810256410256411, 0.12461538461538461, 0.20212820512820512, 0.25643589743589745, 0.42853846153846153, 0.5251282051282051, 0.45169230769230767, 0.68, 0.15782051282051282]"
Virtual_2D_response_surface,,34.86637146377091,16.43310904745153,17.45313749474443,,0.5120859531772576,58.889884615384624,0.7827179487179488,0.24764974448797464,0.5012611386993914,0.5463098850582392,26.25131678026736,14.341353852855287,"[0.030897435897435897, 0.07766666666666666, 0.13743589743589743, 0.22753846153846155, 0.3027435897435897, 0.5066153846153846, 0.6370769230769231, 0.5493333333333333, 0.7827179487179488, 0.1586153846153846]"
Virtual_2D_response_surface,,36.058624735049705,16.036720456755294,17.293196736550076,,0.507335562987737,58.343589743589746,0.7777692307692308,0.2484484678752267,0.512367794474084,0.5421017501897547,26.091675867844195,14.144343153342126,"[0.030205128205128204, 0.08041025641025641, 0.12846153846153846, 0.2298974358974359, 0.3018205128205128, 0.5108717948717949, 0.6290769230769231, 0.537923076923077, 0.7777692307692308, 0.16138461538461538]"
Virtual_2D_response_surface,,30.812424443066647,16.633316938596746,19.51170699013091,,0.5486727982162765,63.09737179487179,0.8195641025641026,0.2301356069411426,0.49565865243433976,0.512567580741893,26.137713517926752,13.397344584008389,"[0.03335897435897436, 0.09282051282051282, 0.1494102564102564, 0.25443589743589745, 0.3314102564102564, 0.5468461538461539, 0.6883076923076923, 0.6035128205128205, 0.8195641025641026, 0.17707692307692308]"
Virtual_2D_response_surface,,28.063235094659326,22.864051713715444,15.585081286991791,,0.4953455964325529,56.964743589743584,0.780025641025641,0.2801820296856946,0.32341767417520634,0.7058714477276133,28.728895463099136,20.27890703215305,"[0.026282051282051282, 0.07338461538461538, 0.12297435897435897, 0.20425641025641025, 0.26797435897435895, 0.47802564102564105, 0.6315897435897436, 0.5164358974358975, 0.780025641025641, 0.1392820512820513]"
Virtual_2D_response_surface,,25.57225306339222,23.278101475067498,16.7990007458843,,0.5211632107023413,59.933769230769244,0.8055641025641026,0.26703922331268526,0.31209905427017215,0.6960643216680759,28.8084009340554,20.052500054505234,"[0.029871794871794873, 0.08012820512820513, 0.12894871794871796, 0.21902564102564104, 0.3067948717948718, 0.5096410256410256, 0.6541538461538462, 0.5545128205128205, 0.8055641025641026, 0.15374358974358973]"
Virtual_2D_response_surface,,31.097794583446635,17.711385973326745,18.155903343717892,,0.531823076923077,61.159653846153844,0.8045128205128205,0.24432946025530297,0.4655713349694078,0.5575886200422859,26.89758938453748,14.997789747388293,"[0.03323076923076923, 0.08187179487179487, 0.14, 0.23407692307692307, 0.32253846153846155, 0.5336923076923077, 0.6743333333333333, 0.5762051282051283, 0.8045128205128205, 0.16607692307692307]"
Virtual_2D_response_surface,,41.2460561864041,14.18588589610496,17.09074949683205,,0.49057012263099214,56.4155641025641,0.7554871794871795,0.24366757777048714,0.5644958427005249,0.5134002700605225,24.743958936169392,12.703555200195844,"[0.029333333333333333, 0.08061538461538462, 0.1326923076923077, 0.22328205128205128, 0.29125641025641025, 0.48746153846153845, 0.5970769230769231, 0.5145641025641026, 0.7554871794871795, 0.1615128205128205]"
Virtual_2D_response_surface,,42.913970215120536,14.689117686507908,15.863740397257386,,0.4592749163879599,52.81661538461539,0.7075641025641025,0.24613428483378197,0.5502768269755935,0.5470326025665794,23.399963739059825,12.80054306414148,"[0.02941025641025641, 0.07561538461538461, 0.1292051282051282, 0.20497435897435898, 0.26784615384615384, 0.45094871794871794, 0.563974358974359, 0.48446153846153844, 0.7075641025641025, 0.14551282051282052]"
Virtual_2D_response_surface,,43.94462341521907,11.814866322341365,19.260406134912323,,0.4970022296544036,57.15525641025641,0.7457179487179487,0.21035749100173742,0.6320048079448142,0.431197106452758,21.641465404840513,9.331737261964694,"[0.03307692307692308, 0.08902564102564102, 0.15294871794871795, 0.2463076923076923, 0.3139230769230769, 0.5053846153846154, 0.6048461538461538, 0.5287179487179487, 0.7457179487179487, 0.1752820512820513]"
Virtual_2D_response_surface,,16.892524553213594,30.0,19.7325942776221,,0.5271298773690077,60.619935897435894,0.8191282051282052,0.22713651234558335,0.48841225502896957,0.5137557510593961,24.784201473041556,12.733026042189856,"[0.0337948717948718, 0.09194871794871795, 0.15407692307692308, 0.23853846153846153, 0.319025641025641, 0.5132564102564102, 0.6408974358974359, 0.5382307692307692, 0.8191282051282052, 0.18061538461538462]"
Virtual_2D_response_surface,,33.709323035443646,15.14656555154102,19.585551283128055,,0.5381196209587514,61.88375641025641,0.7996666666666666,0.2230010038391955,0.537381725212085,0.48320108412260465,24.840251641489374,12.002836523045975,"[0.03446153846153846, 0.09084615384615384, 0.1534871794871795, 0.26105128205128203, 0.3283076923076923, 0.5469487179487179, 0.6617435897435897, 0.5951794871794872, 0.7996666666666666, 0.17187179487179488]"
Virtual_2D_response_surface,,30.876449369321087,15.303432121727875,21.163320329655786,,0.5659091415830546,65.07955128205128,0.833,0.21417890157367794,0.5329662275055688,0.4586553254078171,25.08960025529566,11.507478769444683,"[0.037717948717948716, 0.09743589743589744, 0.1626923076923077, 0.2742307692307692, 0.3507948717948718, 0.5842307692307692, 0.7144615384615385, 0.626948717948718, 0.833, 0.18738461538461537]"
Virtual_2D_response_surface,,30.68846786525898,20.143628338443467,16.176594290427104,,0.5022317725752509,57.75665384615385,0.7750769230769231,0.26679101986411147,0.3981529071165342,0.6407683049747365,27.736121850396916,17.772427784651583,"[0.02841025641025641, 0.07525641025641025, 0.12487179487179487, 0.21246153846153845, 0.28812820512820514, 0.48833333333333334, 0.6264615384615385, 0.5384102564102564, 0.7750769230769231, 0.14869230769230768]"
Virtual_2D_response_surface,,40.034151328523784,15.249871656711752,16.379595966486484,,0.4816924191750278,55.3946282051282,0.7435897435897436,0.2510715395144167,0.5344734883334226,0.5460879363596394,25.03442625172248,13.67099816975071,"[0.030153846153846153, 0.07630769230769231, 0.12643589743589745, 0.20976923076923076, 0.28012820512820513, 0.4784871794871795, 0.5908974358974359, 0.5086666666666667, 0.7435897435897436, 0.152]"
Virtual_2D_response_surface,,41.81443073551829,11.820518784488828,20.231928142909247,,0.5229416945373467,60.13829487179487,0.7897435897435897,0.21223771942753472,0.631842770185243,0.41337743064057303,22.97450619693063,9.497142341923107,"[0.036564102564102564, 0.0942051282051282, 0.15594871794871795, 0.2518974358974359, 0.3241282051282051, 0.5281025641025641, 0.639102564102564, 0.5490769230769231, 0.7897435897435897, 0.19276923076923078]"
Virtual_2D_response_surface,,39.78802610265454,13.602780670312702,18.476508673072367,,0.506521850613155,58.25001282051282,0.7734615384615384,0.22927042836561515,0.5810171670126806,0.47623122758932257,24.03900970499079,11.448127101839402,"[0.03125641025641026, 0.08643589743589744, 0.14623076923076922, 0.23817948717948717, 0.3006666666666667, 0.5038974358974359, 0.6174615384615385, 0.5357948717948718, 0.7734615384615384, 0.16802564102564102]"
Virtual_2D_response_surface,,40.78127729750749,11.521651183487846,21.282588747835458,,0.5315664437012263,61.130141025641024,0.7872051282051282,0.20021146481404514,0.6404181392180004,0.38989349792360833,22.030119142258943,8.589400212049181,"[0.036, 0.09333333333333334, 0.16448717948717947, 0.2653333333333333, 0.3332307692307692, 0.5433589743589744, 0.6562307692307693, 0.5734615384615385, 0.7872051282051282, 0.196]"
Virtual_2D_response_surface,,54.55119538798128,8.971902873304133,20.432013402620033,,0.4706000000000001,54.11900000000001,0.7101282051282052,0.18743542802993765,0.7142933049340875,0.36474868855371284,18.258872273193955,6.659899716117245,"[0.03661538461538461, 0.08961538461538461, 0.15174358974358976, 0.2305897435897436, 0.2928974358974359, 0.4784871794871795, 0.5583333333333333, 0.48946153846153845, 0.7101282051282052, 0.18333333333333332]"
Virtual_2D_response_surface,,38.44572562275341,12.131837321414244,21.44002856823699,,0.5354269788182832,61.57410256410257,0.7940769230769231,0.20049549057688928,0.6229268938471425,0.39735145045646353,22.221593820758592,8.829782536132814,"[0.035897435897435895, 0.10012820512820512, 0.16676923076923078, 0.26887179487179486, 0.3282564102564103, 0.557, 0.6647435897435897, 0.5786923076923077, 0.7940769230769231, 0.18669230769230769]"
Virtual_2D_response_surface,,27.97320651643436,17.552595031614892,20.366500648856412,,0.5677296544035674,65.28891025641025,0.8388717948717949,0.22517729647137152,0.4699946229253368,0.516086292306727,26.46284454198083,13.657111323560192,"[0.03587179487179487, 0.09064102564102564, 0.1538974358974359, 0.26164102564102565, 0.3563846153846154, 0.5846410256410256, 0.7105384615384616, 0.6302820512820513, 0.8388717948717949, 0.18797435897435896]"
Virtual_2D_response_surface,,32.83222086409181,16.08552134555934,18.934968983047025,,0.5422497212931996,62.35871794871795,0.8184358974358974,0.23761286147342076,0.5109993678235217,0.5124042886175887,26.671020137295905,13.66634510015649,"[0.03356410256410256, 0.0848974358974359, 0.1448205128205128, 0.2510769230769231, 0.3281025641025641, 0.5443333333333333, 0.6657435897435897, 0.5893846153846154, 0.8184358974358974, 0.17407692307692307]"
Virtual_2D_response_surface,,32.72093020924412,19.651304147827613,15.551883027481516,,0.49644827201783714,57.09155128205127,0.7713333333333333,0.27734777445309655,0.4117509233628182,0.6424201256907432,28.50158643867315,18.309992742317988,"[0.02758974358974359, 0.07533333333333334, 0.12525641025641027, 0.20551282051282052, 0.2835128205128205, 0.48025641025641025, 0.6111794871794872, 0.5264102564102564, 0.7713333333333333, 0.1505128205128205]"
Virtual_2D_response_surface,,25.024406737818303,22.672273444913504,17.62548753810981,,0.5248444816053511,60.357115384615376,0.806076923076923,0.2531655702862256,0.3286650056220372,0.670108308722488,27.504618366919814,18.431073295914118,"[0.03164102564102564, 0.08038461538461539, 0.13425641025641025, 0.22643589743589743, 0.3027435897435897, 0.5337435897435897, 0.6798717948717948, 0.5552051282051282, 0.806076923076923, 0.1606923076923077]"
Virtual_2D_response_surface,,48.290401964650385,10.461218753842504,19.795063345711256,,0.49143534002229655,56.515064102564104,0.7434358974358974,0.203523573313513,0.6709793624511313,0.3993745765771803,20.703866025952966,8.268597727625634,"[0.035102564102564106, 0.09115384615384615, 0.14756410256410257, 0.2342051282051282, 0.2976153846153846, 0.49541025641025643, 0.5921538461538461, 0.5175641025641026, 0.7434358974358974, 0.18028205128205127]"
Virtual_2D_response_surface,,38.69252928224695,12.6593374163482,20.41558855335995,,0.5253723522853958,60.41782051282052,0.775974358974359,0.20617505764655047,0.607857403076334,0.4241896918586146,22.42196572879748,9.511166733363021,"[0.03612820512820513, 0.09235897435897436, 0.1611025641025641, 0.2581025641025641, 0.3332051282051282, 0.5477948717948717, 0.6507692307692308, 0.571923076923077, 0.775974358974359, 0.18353846153846154]"
Virtual_2D_response_surface,,35.6821855385876,15.562978056257498,18.00760052259798,,0.5165940914158307,59.408320512820524,0.7843333333333333,0.23965931022314851,0.5256675761879256,0.5198853774850257,25.627962808112926,13.323603118667988,"[0.03148717948717949, 0.08553846153846154, 0.1386923076923077, 0.2317948717948718, 0.2991025641025641, 0.5228205128205128, 0.6432820512820513, 0.5586153846153846, 0.7843333333333333, 0.16046153846153846]"
Virtual_2D_response_surface,,34.116475440043764,13.20640391819458,22.19480153499228,,0.5607497212931996,64.48621794871795,0.817923076923077,0.19942118775373469,0.5922768594200799,0.4031627335079096,23.14785271874317,9.332351576926994,"[0.039846153846153844, 0.10064102564102564, 0.17166666666666666, 0.2835384615384615, 0.35646153846153844, 0.5856923076923077, 0.718, 0.6192051282051282, 0.817923076923077, 0.1918974358974359]"
Virtual_2D_response_surface,,21.728886914402104,24.215203577068905,19.00528540299345,,0.5532551839464882,63.62434615384615,0.8343846153846154,0.24180190933492454,0.354522919218243,0.6277489124667439,27.69207908433509,17.38367252913442,"[0.03348717948717949, 0.09676923076923077, 0.15287179487179486, 0.250025641025641, 0.33153846153846156, 0.558076923076923, 0.7021025641025641, 0.5985641025641025, 0.8343846153846154, 0.17374358974358975]"
Virtual_2D_response_surface,,30.28753067165103,16.44801147035405,20.073482922816254,,0.5538473801560758,63.69244871794872,0.8175128205128205,0.22237602683771635,0.5008439527839682,0.4991953393639628,25.49461263383239,12.726791805698733,"[0.03569230769230769, 0.09184615384615384, 0.15897435897435896, 0.2632307692307692, 0.3445128205128205, 0.5647179487179487, 0.7008461538461539, 0.6128717948717949, 0.8175128205128205, 0.1831025641025641]"
Virtual_2D_response_surface,,38.98825138264018,13.009345900632221,19.715635541030096,,0.5185570791527313,59.634064102564096,0.7758461538461539,0.21412682329107355,0.5978836286463609,0.4428236445763879,22.98465487119293,10.17814863939208,"[0.034846153846153846, 0.09048717948717949, 0.14776923076923076, 0.2538205128205128, 0.3218974358974359, 0.5325897435897435, 0.6467692307692308, 0.5567948717948717, 0.7758461538461539, 0.17794871794871794]"
Virtual_2D_response_surface,,39.96488456484866,15.033884516932325,16.643713341556857,,0.4874813823857302,56.06035897435897,0.7471538461538462,0.24792432123233707,0.5405554986370891,0.5370169385595689,25.017707604166386,13.43493274736788,"[0.028307692307692308, 0.07430769230769231, 0.13235897435897437, 0.2177948717948718, 0.28923076923076924, 0.47828205128205126, 0.597974358974359, 0.5231538461538462, 0.7471538461538462, 0.14794871794871794]"
Virtual_2D_response_surface,,34.09797124092865,16.98280811113996,17.268791952544724,,0.5090652173913044,58.542500000000004,0.7814102564102564,0.2501541049505808,0.485890149081502,0.5599878507303147,26.360364040324882,14.761483603410204,"[0.029256410256410258, 0.08123076923076923, 0.13225641025641025, 0.2266923076923077, 0.2967179487179487, 0.5117948717948718, 0.6408205128205128, 0.5402564102564102, 0.7814102564102564, 0.15723076923076923]"
Virtual_2D_response_surface,,23.603443751309683,22.24435944360592,19.046041421886695,,0.5538439241917503,63.69205128205128,0.8342820512820512,0.24118829436439512,0.34038451868383834,0.6389015385080119,27.651198983917563,17.666393572416105,"[0.03182051282051282, 0.08879487179487179, 0.1472051282051282, 0.2381025641025641, 0.3311282051282051, 0.5604102564102564, 0.7014358974358974, 0.6041025641025641, 0.8342820512820512, 0.17607692307692308]"
Virtual_2D_response_surface,,25.400608596342217,23.173056650053635,16.98918534187042,,0.5232644370122632,60.175410256410274,0.806,0.2638379363012314,0.31496926673670805,0.6908830274009884,28.577800904636238,19.74391760545779,"[0.029051282051282053, 0.07961538461538462, 0.13182051282051283, 0.22071794871794873, 0.29212820512820514, 0.5239230769230769, 0.673923076923077, 0.5575641025641026, 0.806, 0.15615384615384614]"
Virtual_2D_response_surface,,22.169064292282982,26.951367538983522,16.73677703300329,,0.5177158305462655,59.53732051282053,0.8113333333333334,0.27031684128485095,0.342448282066369,0.672957661959811,28.969092755260935,19.4949729296773,"[0.031025641025641027, 0.08107692307692307, 0.1358974358974359, 0.2155897435897436, 0.29815384615384616, 0.508948717948718, 0.6449230769230769, 0.5341538461538462, 0.8113333333333334, 0.15938461538461537]"
Virtual_2D_response_surface,,43.32828134393398,10.761913748125751,21.445640932770488,,0.5146277591973244,59.182192307692304,0.7598205128205128,0.19125393965626647,0.6622913780520281,0.37474339607259427,20.373889385413694,7.634980499497308,"[0.0378974358974359, 0.10028205128205128, 0.16476923076923078, 0.2581025641025641, 0.3294102564102564, 0.5328205128205128, 0.6347948717948718, 0.5523846153846154, 0.7598205128205128, 0.1910769230769231]"
Virtual_2D_response_surface,,43.22654773430364,12.206745093938371,18.95176105882469,,0.49156187290969894,56.529615384615376,0.7371282051282051,0.21140886117616517,0.6207840991833019,0.44351895442644174,21.51155090013869,9.540780563320693,"[0.034333333333333334, 0.08846153846153847, 0.14715384615384616, 0.23587179487179488, 0.30856410256410255, 0.49923076923076926, 0.6094358974358974, 0.5256923076923077, 0.7371282051282051, 0.16856410256410256]"
Virtual_2D_response_surface,,46.668248691439246,12.432648616802599,17.23514085670465,,0.46828193979933114,53.85242307692308,0.7156923076923077,0.22722011875584222,0.6143277031673542,0.48109842848480405,22.025437140290975,10.596403194884825,"[0.02930769230769231, 0.07805128205128205, 0.13292307692307692, 0.2163846153846154, 0.2784615384615385, 0.4716923076923077, 0.5672307692307692, 0.49233333333333335, 0.7156923076923077, 0.1625897435897436]"
Virtual_2D_response_surface,,34.73614880073327,16.16927554153353,17.804417579474865,,0.5167113712374583,59.421807692307695,0.7831025641025641,0.2423015643501656,0.508651502707154,0.5348173547696674,25.916394528649544,13.860537566979431,"[0.033025641025641025, 0.08153846153846153, 0.13692307692307693, 0.23264102564102565, 0.3142820512820513, 0.5113333333333333, 0.642948717948718, 0.5601538461538461, 0.7831025641025641, 0.16028205128205128]"
Virtual_2D_response_surface,,15.0,30.0,22.22222222222222,,0.5513746934225194,63.408089743589734,0.8374871794871794,0.2042859671895231,0.5415102217768836,0.43536222935502433,23.316089293636757,10.150944614718513,"[0.03869230769230769, 0.09961538461538462, 0.16415384615384615, 0.25361538461538463, 0.33987179487179486, 0.5475128205128205, 0.6777179487179488, 0.5759230769230769, 0.8374871794871794, 0.2027948717948718]"
Virtual_2D_response_surface,,45.7365726246725,11.237688293643066,19.456261813446226,,0.49342040133779264,56.743346153846154,0.7440769230769231,0.2075561521338721,0.6485808712626313,0.4181016259990692,21.199375056406787,8.863493181247787,"[0.03207692307692308, 0.08943589743589743, 0.1452820512820513, 0.23851282051282052, 0.3007692307692308, 0.5067948717948718, 0.6033589743589743, 0.5220769230769231, 0.7440769230769231, 0.17574358974358975]"
Virtual_2D_response_surface,,41.16305068914823,16.16061896010756,15.032612258121562,,0.46685752508361206,53.68861538461539,0.7316923076923076,0.27155552755818124,0.508894130811803,0.5893987425801245,26.242992494347533,15.46758677770808,"[0.026076923076923077, 0.0706923076923077, 0.11592307692307692, 0.18756410256410255, 0.25771794871794873, 0.45143589743589746, 0.5626153846153846, 0.49366666666666664, 0.7316923076923076, 0.13787179487179488]"
Virtual_2D_response_surface,,52.44162112510334,9.696111125837906,19.666465166137847,,0.4707791527313266,54.13960256410256,0.7035128205128205,0.19320496026967332,0.6931697977161969,0.3898276589914619,18.82807157234401,7.339703064370559,"[0.0337948717948718, 0.09210256410256411, 0.1474871794871795, 0.23243589743589743, 0.29546153846153844, 0.489974358974359, 0.5733333333333334, 0.49943589743589745, 0.7035128205128205, 0.1705897435897436]"
Virtual_2D_response_surface,,33.01579661749604,17.36701793101069,17.440260467351887,,0.5247986622073578,60.351846153846154,0.808025641025641,0.25689214021746865,0.47516765691765417,0.5640147711149551,27.907046864166496,15.739986649587193,"[0.029, 0.07746153846153846, 0.13228205128205128, 0.2262051282051282, 0.29435897435897435, 0.512102564102564, 0.6393846153846154, 0.5624615384615385, 0.808025641025641, 0.1685897435897436]"
Virtual_2D_response_surface,,41.57942212489449,12.694462266652868,18.94555105569269,,0.510964325529543,58.76089743589744,0.7723846153846153,0.2226336976955037,0.6068556007035103,0.45180132308512816,23.54788057690816,10.638963600497698,"[0.032871794871794875, 0.08905128205128206, 0.14333333333333334, 0.2469230769230769, 0.30156410256410254, 0.518948717948718, 0.6261794871794871, 0.5433846153846154, 0.7723846153846153, 0.18005128205128204]"
Virtual_2D_response_surface,,34.608232641331895,16.812451672774017,17.186582595292514,,0.5086861761426978,58.498910256410255,0.7780769230769231,0.25029402162115405,0.49064992153391357,0.5583703183894259,26.35546951535742,14.71611190459293,"[0.02935897435897436, 0.07841025641025641, 0.12974358974358974, 0.22423076923076923, 0.3007692307692308, 0.5151794871794871, 0.6306666666666667, 0.5453846153846154, 0.7780769230769231, 0.15617948717948718]"
Virtual_2D_response_surface,,28.011479881149715,17.42579447957117,20.48666937486048,,0.5682364548494983,65.3471923076923,0.841076923076923,0.22436529316741144,0.4735288165076973,0.5115102291592558,26.390955527608675,13.499243709658842,"[0.034102564102564105, 0.09435897435897436, 0.1554871794871795, 0.25987179487179485, 0.3588205128205128, 0.5809230769230769, 0.7182820512820512, 0.6282820512820513, 0.841076923076923, 0.18638461538461537]"
Virtual_2D_response_surface,,51.98862440376186,10.04261184499424,19.15336109714192,,0.4667895206243032,53.680794871794866,0.7012820512820512,0.1980437924909927,0.6831048524199995,0.40488577135225223,19.136066760614316,7.747921151019522,"[0.03456410256410256, 0.08630769230769231, 0.14353846153846153, 0.23397435897435898, 0.28846153846153844, 0.4817948717948718, 0.5613846153846154, 0.4948974358974359, 0.7012820512820512, 0.16643589743589743]"
Virtual_2D_response_surface,,36.72812785798119,15.811457374065485,17.219847729847398,,0.5112910813823857,58.79847435897435,0.7863846153846153,0.2527527696846605,0.5186882587184184,0.5394389397673798,26.75065904543387,14.430347153547515,"[0.029974358974358975, 0.08251282051282051, 0.13438461538461538, 0.22430769230769232, 0.29720512820512823, 0.5, 0.6251538461538462, 0.5469487179487179, 0.7863846153846153, 0.1565897435897436]"
Virtual_2D_response_surface,,57.959794707741324,10.82996897141691,15.931106801038231,,0.43209041248606467,49.69039743589744,0.6717948717948717,0.2311435659379869,0.6603275419516916,0.48337370713347594,20.674108181176443,9.993320313213781,"[0.027487179487179488, 0.07005128205128205, 0.11879487179487179, 0.19033333333333333, 0.25143589743589745, 0.4236153846153846, 0.507, 0.44561538461538464, 0.6717948717948717, 0.15487179487179487]"
Virtual_2D_response_surface,,25.381116895977893,20.511866032635606,19.20808634512649,,0.5555874024526197,63.89255128205127,0.8366410256410256,0.2396656392800638,0.3879974078032923,0.5974907053867854,27.563128466844738,16.468713070321648,"[0.03307692307692308, 0.08864102564102565, 0.14710256410256412, 0.24682051282051282, 0.32261538461538464, 0.5601794871794872, 0.7106923076923077, 0.6078205128205129, 0.8366410256410256, 0.17243589743589743]"
Virtual_2D_response_surface,,36.42610616323062,13.827159636880017,19.854286024839723,,0.5365957636566332,61.70851282051282,0.809923076923077,0.222783028492097,0.5746538480986423,0.4545531749372349,24.745696865815034,11.248235076390607,"[0.035564102564102563, 0.09028205128205129, 0.15664102564102564, 0.2530512820512821, 0.33156410256410257, 0.5452307692307692, 0.664, 0.5729487179487179, 0.809923076923077, 0.17905128205128204]"
Virtual_2D_response_surface,,34.11091429285503,14.981855662497594,19.567756307419703,,0.5386528428093645,61.945076923076925,0.8051025641025641,0.22490773182161966,0.542021516252189,0.48049636924550704,25.077468146912977,12.04963239446154,"[0.033512820512820514, 0.0904102564102564, 0.15256410256410258, 0.26135897435897437, 0.33282051282051284, 0.5447435897435897, 0.6664615384615384, 0.5913589743589743, 0.8051025641025641, 0.16633333333333333]"
Virtual_2D_response_surface,,40.39339272506069,12.381823498344279,19.994247286321606,,0.5223257525083612,60.067461538461544,0.7835641025641026,0.21315951934199437,0.6157795546067678,0.4270638449759503,23.047112213337954,9.84258835742029,"[0.0371025641025641, 0.0957948717948718, 0.15469230769230768, 0.2520769230769231, 0.31423076923076926, 0.5307692307692308, 0.6452820512820513, 0.5563333333333333, 0.7835641025641026, 0.18979487179487178]"
Virtual_2D_response_surface,,38.238665818710196,13.457112852668795,19.43324717581567,,0.519208695652174,59.709,0.7757692307692308,0.2175227495003159,0.5851523009752537,0.4557462685129667,23.378518529845852,10.654672583338495,"[0.0338974358974359, 0.09233333333333334, 0.14912820512820513, 0.24846153846153846, 0.32356410256410256, 0.5334871794871795, 0.6434358974358975, 0.5616410256410257, 0.7757692307692308, 0.17415384615384616]"
Virtual_2D_response_surface,,42.10694985698673,13.201430090169675,17.989754497953058,,0.5048122630992196,58.05341025641025,0.7758974358974359,0.23703725229264347,0.5924183020078376,0.4787954965654409,24.769477536114696,11.85951429657057,"[0.03076923076923077, 0.08325641025641026, 0.13843589743589743, 0.2283076923076923, 0.29838461538461536, 0.505051282051282, 0.5992820512820513, 0.5314871794871795, 0.7758974358974359, 0.1716923076923077]"
Virtual_2D_response_surface,,24.33525985433736,21.83325375945486,18.821123719573134,,0.5532502787068004,63.62378205128205,0.8327435897435898,0.24391955192612758,0.35165847292624464,0.6329412917018207,27.93435193762977,17.680804798256645,"[0.0327948717948718, 0.08997435897435897, 0.141, 0.24387179487179486, 0.3306923076923077, 0.5511282051282052, 0.7097692307692308, 0.6033589743589743, 0.8327435897435898, 0.17633333333333334]"
Virtual_2D_response_surface,,17.101764527781988,30.0,19.49116611866746,,0.527766889632107,60.69319230769231,0.8126410256410257,0.22824005513887988,0.4825685056674818,0.522052258869494,24.9347116059522,13.017222518146735,"[0.033256410256410254, 0.08817948717948718, 0.14494871794871794, 0.23787179487179488, 0.31525641025641027, 0.5208461538461538, 0.6517948717948718, 0.5487435897435897, 0.8126410256410257, 0.18092307692307694]"
Virtual_2D_response_surface,,41.333148356656906,13.764180469593068,17.577259113258794,,0.4946900780379041,56.88935897435897,0.7562564102564102,0.2363900318229664,0.576439162857066,0.4964933689140448,24.206539281006375,12.018386237377014,"[0.03107692307692308, 0.08025641025641025, 0.13715384615384615, 0.22256410256410256, 0.2886410256410256, 0.5002820512820513, 0.5978974358974359, 0.5228717948717949, 0.7562564102564102, 0.17143589743589743]"
Virtual_2D_response_surface,,52.421402982420005,9.061411636030979,21.052103682512957,,0.4760229654403568,54.742641025641035,0.7046153846153846,0.1802604101598109,0.7116758959793317,0.3551030621902521,17.762275664124022,6.307438479797835,"[0.03776923076923077, 0.09738461538461539, 0.15605128205128205, 0.23925641025641026, 0.3014871794871795, 0.4977948717948718, 0.5797692307692308, 0.5058461538461538, 0.7046153846153846, 0.18228205128205127]"
Virtual_2D_response_surface,,33.571903724379396,16.104384593140324,18.496088616652006,,0.5267624303232998,60.57767948717948,0.7863333333333333,0.23325290977123808,0.5104705023446442,0.5207592733140001,25.4338560136333,13.244916375232588,"[0.033512820512820514, 0.08451282051282051, 0.14143589743589743, 0.23597435897435898, 0.3167179487179487, 0.5477435897435897, 0.6524615384615384, 0.583076923076923, 0.7863333333333333, 0.16476923076923078]"
Virtual_2D_response_surface,,48.239413555452614,12.58211950887554,16.475711349017875,,0.46101950947603126,53.01724358974359,0.7136153846153847,0.23816485166315407,0.6100604574715326,0.4992816761165474,22.728319119253058,11.347833265172437,"[0.02835897435897436, 0.07461538461538461, 0.127, 0.2073846153846154, 0.2651794871794872, 0.4576923076923077, 0.5644102564102564, 0.4763076923076923, 0.7136153846153847, 0.16074358974358974]"
Virtual_2D_response_surface,,34.48143559718481,16.118996971101552,17.99188420808891,,0.5190230769230769,59.68765384615385,0.782974358974359,0.2394281614029978,0.5100608480283655,0.5303745838339236,25.723629393917737,13.643159234497203,"[0.03271794871794872, 0.08425641025641026, 0.13687179487179488, 0.23484615384615384, 0.30538461538461537, 0.5213846153846153, 0.6439230769230769, 0.5654102564102564, 0.782974358974359, 0.16738461538461538]"
Virtual_2D_response_surface,,25.780788822579506,23.340803185063862,16.618353847535673,,0.5184617614269789,59.62310256410257,0.8056153846153846,0.2703254203519021,0.31038624041533663,0.7001574174075451,29.01175247398608,20.312793686653052,"[0.028846153846153848, 0.08069230769230769, 0.1305128205128205, 0.21712820512820513, 0.30028205128205127, 0.5122051282051282, 0.6512051282051282, 0.5443333333333333, 0.8056153846153846, 0.15671794871794872]"
Virtual_2D_response_surface,,35.02087070828238,18.738913456023926,15.238024060974706,,0.4798849498327759,55.18676923076923,0.7472307692307693,0.273835231264797,0.4370149849209709,0.6311663416976698,27.201747087116413,17.168827196760514,"[0.025, 0.0711025641025641, 0.12305128205128205, 0.1997948717948718, 0.27092307692307693, 0.4743076923076923, 0.5968205128205128, 0.5054871794871795, 0.7472307692307693, 0.14361538461538462]"
Virtual_2D_response_surface,,27.576777381003314,20.08558897165157,18.05393671098479,,0.5358779264214046,61.62596153846153,0.8085641025641026,0.2472722810448049,0.39975473488797864,0.6072956531646444,27.429105746150633,16.65757668983065,"[0.03238461538461539, 0.08341025641025641, 0.1427948717948718, 0.23423076923076924, 0.32374358974358974, 0.5406923076923077, 0.686, 0.582076923076923, 0.8085641025641026, 0.16687179487179488]"
Virtual_2D_response_surface,,15.0,30.0,22.22222222222222,,0.5532109253065775,63.61925641025641,0.8385128205128205,0.2045563137841496,0.5415102217768836,0.43536222935502433,23.424697038547226,10.198228324667957,"[0.03784615384615385, 0.10202564102564103, 0.16641025641025642, 0.25787179487179485, 0.3485641025641026, 0.5545897435897436, 0.6742820512820513, 0.5748461538461539, 0.8385128205128205, 0.21025641025641026]"
Virtual_2D_response_surface,,40.85765835277024,13.786125953787847,17.753512301525895,,0.5013391304347826,57.654,0.767974358974359,0.23782267949501132,0.5758169922170223,0.4933961710459932,24.68057177448969,12.177299612759027,"[0.030666666666666665, 0.08074358974358975, 0.13687179487179488, 0.2291794871794872, 0.2998461538461539, 0.49848717948717947, 0.6051538461538462, 0.5297948717948718, 0.767974358974359, 0.16894871794871794]"
Virtual_2D_response_surface,,31.834676161657608,15.960207337689887,19.681628711648838,,0.5540093645484949,63.71107692307692,0.833025641025641,0.23209917385498646,0.5145138973332902,0.4966906579203129,26.617118974663764,13.22047433546899,"[0.034, 0.09017948717948718, 0.15133333333333332, 0.25956410256410256, 0.3417179487179487, 0.5537435897435897, 0.6861538461538461, 0.6009230769230769, 0.833025641025641, 0.1818974358974359]"
Virtual_2D_response_surface,,43.579543476132386,12.162815145582103,18.866147143985483,,0.49239152731326635,56.62502564102563,0.7383846153846154,0.2128535571391713,0.6220406331781003,0.4444222433981901,21.69510863542036,9.641788850520964,"[0.03358974358974359, 0.0888974358974359, 0.1432051282051282, 0.23392307692307693, 0.2958974358974359, 0.49456410256410255, 0.605, 0.5303589743589744, 0.7383846153846154, 0.1727948717948718]"
Virtual_2D_response_surface,,31.01966926280238,16.723672714634368,19.2766329198978,,0.5467942028985507,62.88133333333333,0.8158205128205128,0.23207896777617462,0.4931317666685974,0.5184535830512987,26.26818287830121,13.618833533502041,"[0.03412820512820513, 0.09110256410256411, 0.15433333333333332, 0.24987179487179487, 0.32974358974358975, 0.5507179487179488, 0.6893333333333334, 0.6014871794871794, 0.8158205128205128, 0.17592307692307693]"
Virtual_2D_response_surface,,37.18369284595754,14.198389374505286,18.94123965525797,,0.5235288740245262,60.205820512820516,0.7980769230769231,0.23093339990411257,0.5641421186842945,0.4778669407448771,25.02636268507633,11.959271374289173,"[0.033256410256410254, 0.08728205128205128, 0.1468205128205128, 0.2378205128205128, 0.31243589743589745, 0.5240769230769231, 0.6477435897435897, 0.5568974358974359, 0.7980769230769231, 0.16992307692307693]"
Virtual_2D_response_surface,,25.713702110447787,22.00310398189895,17.674675151131577,,0.5319312151616499,61.17208974358974,0.8145128205128205,0.2553478458001307,0.3469988103930131,0.6545377016344704,28.116290410412237,18.40317210371853,"[0.030974358974358976, 0.08274358974358974, 0.13535897435897437, 0.22689743589743588, 0.31261538461538463, 0.5251538461538462, 0.6701794871794872, 0.5722820512820512, 0.8145128205128205, 0.15984615384615386]"
Virtual_2D_response_surface,,23.77033890551011,20.764535101810303,20.260138698437718,,0.5693536231884058,65.47566666666667,0.8454871794871794,0.22847618851989646,0.38103652553633016,0.5865608019288274,26.92733536943862,15.794519428104396,"[0.03579487179487179, 0.09207692307692307, 0.15312820512820513, 0.2551282051282051, 0.34602564102564104, 0.5846410256410256, 0.7267948717948718, 0.6286666666666667, 0.8454871794871794, 0.18635897435897436]"
Virtual_2D_response_surface,,15.0,30.0,22.22222222222222,,0.5517315496098105,63.449128205128204,0.8446410256410256,0.20617465615817127,0.5415102217768836,0.43536222935502433,23.546883944210464,10.251423888315497,"[0.03669230769230769, 0.10282051282051283, 0.16430769230769232, 0.2611282051282051, 0.3444102564102564, 0.5435384615384615, 0.6941282051282052, 0.5627948717948718, 0.8446410256410256, 0.20333333333333334]"
Virtual_2D_response_surface,,33.01348535293954,17.583699647032542,17.22655227578697,,0.5218602006688964,60.01392307692308,0.8037435897435897,0.2589296747355918,0.4691279492587697,0.5720850889460288,27.970894047446137,16.001731409033173,"[0.03012820512820513, 0.08151282051282051, 0.13266666666666665, 0.2149230769230769, 0.3017948717948718, 0.5168205128205128, 0.6502820512820513, 0.5554358974358974, 0.8037435897435897, 0.16441025641025642]"
Virtual_2D_response_surface,,55.738623405919945,10.593242891468117,16.93615544460835,,0.4409074693422519,50.70435897435897,0.6797948717948717,0.21883728379797338,0.6671625640689002,0.45802711503074234,19.972807550399004,9.148087421373484,"[0.02882051282051282, 0.07561538461538461, 0.12276923076923077, 0.2026153846153846, 0.26182051282051283, 0.44325641025641027, 0.5334102564102564, 0.45492307692307693, 0.6797948717948717, 0.15612820512820513]"
Virtual_2D_response_surface,,30.694667258219297,19.509831997404437,16.698733762100343,,0.515166220735786,59.244115384615384,0.7878205128205128,0.26218887252456685,0.41566278627567466,0.6189941935603961,27.959666069533778,17.30687095092903,"[0.03051282051282051, 0.08143589743589744, 0.13305128205128205, 0.2195897435897436, 0.302974358974359, 0.5077435897435898, 0.6465128205128206, 0.5549487179487179, 0.7878205128205128, 0.15630769230769231]"
Virtual_2D_response_surface,,45.77546969426119,12.820735635991754,17.03939794286028,,0.4697505016722408,54.021307692307694,0.7166153846153847,0.23045713906154636,0.6032557862707061,0.49147888858967326,22.40927283443893,11.013684506772803,"[0.029923076923076924, 0.07682051282051282, 0.12587179487179487, 0.2192051282051282, 0.2826923076923077, 0.47087179487179487, 0.5683589743589743, 0.498974358974359, 0.7166153846153847, 0.15705128205128205]"
Virtual_2D_response_surface,,30.99164992673123,19.156487120779254,16.843774955062432,,0.5179885172798215,59.56867948717948,0.7938717948717948,0.26189485561721426,0.42544190342778077,0.6094439183923833,28.081315284485367,17.113986820588686,"[0.028692307692307694, 0.07958974358974359, 0.1341794871794872, 0.21823076923076923, 0.29174358974358977, 0.5153846153846153, 0.6393076923076924, 0.5608717948717948, 0.7938717948717948, 0.15623076923076923]"
Virtual_2D_response_surface,,30.608855310534885,22.29812093402558,14.651586216740748,,0.47614470457079144,54.75664102564102,0.7525384615384615,0.2884036406669458,0.33891126847785197,0.7095346253751494,28.425626320478244,20.16896612235452,"[0.024666666666666667, 0.06961538461538462, 0.11112820512820513, 0.19112820512820514, 0.25833333333333336, 0.45256410256410257, 0.5996410256410256, 0.4978205128205128, 0.7525384615384615, 0.13253846153846155]"
Virtual_2D_response_surface,,27.878410036051182,20.458547756865983,17.53303890014427,,0.527891861761427,60.707564102564106,0.8003846153846154,0.25264525642720753,0.38946705855008407,0.6238252369801883,27.607460579574205,17.222230638474088,"[0.030717948717948716, 0.08274358974358974, 0.13402564102564102, 0.22446153846153846, 0.31143589743589745, 0.5225384615384615, 0.672, 0.5752307692307692, 0.8003846153846154, 0.16182051282051282]"
Virtual_2D_response_surface,,32.99994730467988,15.609286661935727,19.413493613213817,,0.5507462653288739,63.335820512820504,0.8313076923076923,0.23513947128470267,0.5243662558511025,0.4948642454499765,26.80695242778139,13.265802285987453,"[0.036, 0.09079487179487179, 0.1515128205128205, 0.25343589743589745, 0.3332307692307692, 0.5501538461538461, 0.6753076923076923, 0.5958974358974359, 0.8313076923076923, 0.1812051282051282]"
Virtual_2D_response_surface,,49.10570914052705,10.756650872051317,18.931757805949537,,0.48581438127090304,55.86865384615385,0.7375897435897436,0.2117976078174745,0.6624432840754149,0.42035389841619764,21.299125025876275,8.953170237481089,"[0.03307692307692308, 0.08197435897435898, 0.13907692307692307, 0.2321025641025641, 0.3047179487179487, 0.49166666666666664, 0.5736923076923077, 0.5104871794871795, 0.7375897435897436, 0.17792307692307693]"
Virtual_2D_response_surface,,33.86651546039106,19.852467572531296,14.873562080412452,,0.47502173913043483,54.627500000000005,0.7429743589743589,0.2795750905761293,0.4061919279836384,0.6586927189281883,27.490478868805507,18.107778270731405,"[0.025615384615384616, 0.07417948717948718, 0.11794871794871795, 0.19812820512820511, 0.26382051282051283, 0.4657948717948718, 0.5824615384615385, 0.5024871794871795, 0.7429743589743589, 0.1336923076923077]"
Virtual_2D_response_surface,,34.7900687444596,15.866135865931932,18.116468539354308,,0.5203274247491639,59.83765384615385,0.7873589743589744,0.23907527219921065,0.5171534957521801,0.5233825650778334,25.750266085856477,13.477240315452304,"[0.032435897435897434, 0.0835897435897436, 0.14217948717948717, 0.23141025641025642, 0.31384615384615383, 0.5186666666666667, 0.6458717948717949, 0.5661794871794872, 0.7873589743589744, 0.16]"
Measured_50cm_transect,1.0,50.0,7.0,28.571428571428573,193.778,0.5430593088071348,62.451820512820504,0.7871025641025641,0.1491712286024581,0.7724920031381188,0.21757187179444526,16.768826629843733,3.6484249976516403,"[0.05030769230769231, 0.11743589743589744, 0.19541025641025642, 0.2924102564102564, 0.3638461538461538, 0.5601282051282052, 0.6416923076923077, 0.5737948717948718, 0.7871025641025641, 0.2502820512820513]"
Measured_50cm_transect,2.0,50.0,8.0,25.0,179.111,0.5242457079152731,60.288256410256416,0.7732051282051282,0.166503335570189,0.7428433588268195,0.2771071050607491,18.06875241843334,5.006979674731472,"[0.04446153846153846, 0.10702564102564102, 0.1733846153846154, 0.2694871794871795, 0.34194871794871795, 0.5402820512820513, 0.6214102564102564, 0.5485641025641026, 0.7732051282051282, 0.2308974358974359]"
Measured_50cm_transect,3.0,50.0,9.0,22.22222222222222,157.778,0.5066373467112597,58.26329487179487,0.7578717948717949,0.18378228742462638,0.7134714831034896,0.3343217837528315,19.273970887981136,6.4437083272699995,"[0.039384615384615386, 0.09743589743589744, 0.16323076923076923, 0.24997435897435896, 0.31635897435897437, 0.5217692307692308, 0.6024102564102564, 0.5303846153846153, 0.7578717948717949, 0.20502564102564103]"
Measured_50cm_transect,4.0,50.0,10.0,20.0,166.667,0.4908991081382385,56.45339743589743,0.7446410256410256,0.20162945173446986,0.6843412189039093,0.38835890006741736,20.488801632386625,7.957008465653175,"[0.034589743589743586, 0.09184615384615384, 0.15117948717948718, 0.2362820512820513, 0.30053846153846153, 0.49853846153846154, 0.5859230769230769, 0.5127692307692308, 0.7446410256410256, 0.18097435897435898]"
Measured_50cm_transect,5.0,50.0,11.0,18.181818181818183,169.333,0.47433745819397993,54.54880769230769,0.7285641025641025,0.2184308949777273,0.6554249718435243,0.4388887154816584,21.447260791557667,9.41296073940688,"[0.03223076923076923, 0.08164102564102564, 0.13723076923076924, 0.22276923076923077, 0.28197435897435896, 0.4717948717948718, 0.5627692307692308, 0.4918717948717949, 0.7285641025641025, 0.17294871794871794]"
