Config_Type,Treatment_Index,Row_Spacing,Plant_Spacing,Density,True_Yield,LIE,Cum_LIE,Peak_LIE,HI,Overlap_Ratio,Competition_Factor,Base_Score_No_Competition,Yield_Score,LIE_Trajectory
Virtual_2D_response_surface,,33.23672347099074,16.787677351246238,17.922194346883412,,0.4823957636566332,55.47551282051282,0.6617435897435897,0.182509937335526,0.36466235868440283,0.40974677652513575,18.224698263350337,7.46751136655104,"[0.04948717948717949, 0.10523076923076922, 0.19487179487179487, 0.29817948717948717, 0.3887948717948718, 0.5357692307692308, 0.6306410256410256, 0.554974358974359, 0.6617435897435897, 0.13756410256410256]"
Virtual_2D_response_surface,,45.77213875415201,13.354656570256733,16.35935098128812,,0.424361872909699,48.80161538461539,0.5828974358974359,0.17456487312764796,0.48547063306917193,0.33816589722926327,15.334286036471385,5.185532595893509,"[0.04528205128205128, 0.09148717948717949, 0.17448717948717948, 0.253, 0.3404871794871795, 0.4633333333333333, 0.5656153846153846, 0.48507692307692307, 0.5828974358974359, 0.12743589743589745]"
Virtual_2D_response_surface,,68.86198867632572,6.300876255000772,23.04726996354585,,0.4183243032329988,48.10729487179486,0.5563846153846154,0.1130770944102231,0.741957420058541,0.09686283286236227,9.7916996232691,0.9484517640471705,"[0.0631025641025641, 0.12253846153846154, 0.1884871794871795, 0.26374358974358975, 0.35394871794871796, 0.45156410256410257, 0.5293333333333333, 0.4727179487179487, 0.5563846153846154, 0.17094871794871794]"
Virtual_2D_response_surface,,41.263110466593844,13.58593828686128,17.8380920194046,,0.46064002229654405,52.97360256410256,0.6317179487179487,0.17324987255952715,0.4772674044082222,0.3127829082411429,16.519805807849657,5.167112904158139,"[0.04915384615384615, 0.10138461538461538, 0.19187179487179487, 0.28792307692307695, 0.368, 0.5102051282051282, 0.604948717948718, 0.5254871794871795, 0.6317179487179487, 0.13907692307692307]"
Virtual_2D_response_surface,,45.191292058597284,13.894051411605359,15.926353097603219,,0.42364136008918624,48.71875641025642,0.5876666666666667,0.18235995549719142,0.46635465502106715,0.3627797899182911,15.991830451535167,5.8015128916168575,"[0.04469230769230769, 0.09351282051282052, 0.1708974358974359, 0.25166666666666665, 0.3423076923076923, 0.45256410256410257, 0.5644358974358974, 0.4807435897435897, 0.5876666666666667, 0.12123076923076923]"
Virtual_2D_response_surface,,33.943991421027626,18.044557894559148,16.32641550450763,,0.44868651059085846,51.59894871794872,0.6145128205128205,0.1869895690752602,0.32089216907298634,0.4890859780621143,17.36723733391023,8.49407225769235,"[0.04823076923076923, 0.09646153846153846, 0.18305128205128204, 0.2741282051282051, 0.36535897435897435, 0.500051282051282, 0.601025641025641, 0.5173333333333333, 0.6145128205128205, 0.12058974358974359]"
Virtual_2D_response_surface,,74.90151310459294,6.496339289517,20.551366764851082,,0.3981285395763657,45.78478205128205,0.5485641025641026,0.1252114105563117,0.7346319254937115,0.12731427206707865,10.318998856777789,1.313755827911681,"[0.05523076923076923, 0.10587179487179488, 0.17315384615384616, 0.23387179487179488, 0.3203846153846154, 0.4195897435897436, 0.4928717948717949, 0.4380512820512821, 0.5485641025641026, 0.16246153846153846]"
Virtual_2D_response_surface,,18.70264369965867,28.546991334901193,18.729951659899687,,0.46345072463768117,53.29683333333333,0.6392564102564102,0.16557636156599523,0.2980614482137878,0.46667032613179515,15.884452343380655,7.4128025555104085,"[0.05082051282051282, 0.10648717948717949, 0.19166666666666668, 0.28102564102564104, 0.3883333333333333, 0.5243333333333333, 0.6301794871794871, 0.5133076923076924, 0.6392564102564102, 0.14492307692307693]"
Virtual_2D_response_surface,,43.883465970871455,13.615447191898175,16.736597372114126,,0.427440579710145,49.155666666666676,0.5819230769230769,0.169373580902497,0.47622149312197565,0.336859960290881,14.986208312969119,5.048253537217648,"[0.046871794871794874, 0.09871794871794871, 0.185, 0.2671282051282051, 0.3424102564102564, 0.4814871794871795, 0.5705897435897436, 0.4899230769230769, 0.5819230769230769, 0.12497435897435898]"
Virtual_2D_response_surface,,69.94643058887604,7.901377570411345,18.09387674999974,,0.38747971014492755,44.56016666666667,0.5285384615384615,0.1380630677235152,0.6824351313210947,0.18531425636941093,11.073803954888026,2.052133745080716,"[0.05105128205128205, 0.10182051282051283, 0.16987179487179488, 0.23607692307692307, 0.3141794871794872, 0.41174358974358977, 0.4962820512820513, 0.4358717948717949, 0.5285384615384615, 0.14015384615384616]"
Virtual_2D_response_surface,,35.52495492025065,16.626886689856153,16.92994422590226,,0.46285930880713494,53.22882051282052,0.6417435897435897,0.1886713541926759,0.3702782216501889,0.4249437139364018,18.076956566818918,7.681689060171058,"[0.04838461538461539, 0.09582051282051282, 0.18782051282051282, 0.27792307692307694, 0.36833333333333335, 0.5083846153846154, 0.6133589743589744, 0.5287692307692308, 0.6417435897435897, 0.1255128205128205]"
Virtual_2D_response_surface,,17.77877910392094,30.0,18.74894397331366,,0.4552971014492754,52.35916666666667,0.6201025641025641,0.1594110474501936,0.33012927932124686,0.4295640451265253,15.02393328351467,6.453741554977602,"[0.05361538461538461, 0.10989743589743589, 0.19582051282051283, 0.28274358974358976, 0.3848974358974359, 0.5191794871794871, 0.6247435897435898, 0.5084871794871795, 0.6201025641025641, 0.1431025641025641]"
Virtual_2D_response_surface,,39.85220806400562,13.628291687911046,18.412221493838054,,0.46962251950947603,54.00658974358974,0.6438717948717949,0.1705731824945455,0.4757662848216773,0.30243760569383293,16.58173659883449,5.014940715197303,"[0.050743589743589744, 0.10664102564102564, 0.1982051282051282, 0.29753846153846153, 0.3811794871794872, 0.5142307692307693, 0.6188205128205129, 0.5348205128205128, 0.6438717948717949, 0.13897435897435897]"
Virtual_2D_response_surface,,26.366281931290747,20.996843742862684,18.063299886071576,,0.4948394648829431,56.90653846153846,0.6834358974358974,0.18822774960445854,0.21889771267983713,0.5828696759105272,19.28050141031091,11.238019608420384,"[0.04851282051282051, 0.10097435897435897, 0.19297435897435897, 0.3037179487179487, 0.40712820512820513, 0.5571794871794872, 0.6481538461538462, 0.5638717948717948, 0.6834358974358974, 0.1391025641025641]"
Virtual_2D_response_surface,,34.7219037135022,15.940668927889606,18.06716162074449,,0.48074180602006694,55.2853076923077,0.655025641025641,0.17837951985580613,0.3942893245486362,0.37813381196173773,17.751179954221833,6.7123213429086865,"[0.05153846153846154, 0.10364102564102565, 0.1976923076923077, 0.295, 0.38494871794871793, 0.5299487179487179, 0.6315384615384615, 0.5608461538461539, 0.655025641025641, 0.13341025641025642]"
Virtual_2D_response_surface,,52.51691265563353,11.497207823732253,16.561834146820004,,0.41097302118171686,47.26189743589744,0.561,0.16406303138599856,0.5517419845761317,0.2872287510688114,13.957074292297476,4.008873017551219,"[0.04953846153846154, 0.09384615384615384, 0.17592307692307693, 0.2550769230769231, 0.32453846153846155, 0.44676923076923075, 0.5309487179487179, 0.4763846153846154, 0.561, 0.11948717948717949]"
Virtual_2D_response_surface,,67.13213236128763,7.011832028402879,21.244086153512296,,0.4116889632107024,47.344230769230776,0.5472820512820513,0.12068113144079731,0.7153912445140274,0.12558556800398268,10.284399605564964,1.2915721660448114,"[0.061, 0.11238461538461539, 0.1861025641025641, 0.2509487179487179, 0.3395384615384615, 0.45164102564102565, 0.5236153846153846, 0.47335897435897434, 0.5472820512820513, 0.15717948717948718]"
Virtual_2D_response_surface,,48.67692288700142,10.664045558267894,19.264373585300397,,0.45178127090300996,51.95484615384615,0.6138461538461538,0.1525193709182937,0.5817152687530214,0.2165648260903446,14.263416812774423,3.08895438151259,"[0.0538974358974359, 0.10751282051282052, 0.19838461538461538, 0.2824358974358974, 0.36330769230769233, 0.49405128205128207, 0.586076923076923, 0.5182820512820513, 0.6138461538461538, 0.1432820512820513]"
Virtual_2D_response_surface,,72.97005908883494,8.096747570430898,16.925624528868354,,0.37001259754738014,42.551448717948716,0.5152820512820513,0.14466580543734892,0.6752353874111834,0.2100884052977851,11.080331282354578,2.3278491292810357,"[0.047461538461538465, 0.0937948717948718, 0.16035897435897437, 0.21466666666666667, 0.2904358974358974, 0.39476923076923076, 0.47533333333333333, 0.40694871794871795, 0.5152820512820513, 0.13315384615384615]"
Virtual_2D_response_surface,,49.50564155927757,11.4923985764844,17.576590202345628,,0.4347429208472686,49.99543589743589,0.6012820512820513,0.16604345294113004,0.5519145328020737,0.2659826534699698,14.942546653872924,3.9744582085959386,"[0.04912820512820513, 0.09997435897435897, 0.18553846153846154, 0.26194871794871794, 0.3517948717948718, 0.4637948717948718, 0.5567179487179487, 0.49348717948717946, 0.6012820512820513, 0.13182051282051283]"
Virtual_2D_response_surface,,23.979013040342565,23.82261240775982,17.505693135591198,,0.4880938684503901,56.13079487179486,0.6744615384615384,0.192623951136164,0.12221331232774803,0.7467169025095888,19.461843879513587,14.532487778835584,"[0.05102564102564103, 0.1048974358974359, 0.1926153846153846, 0.2905897435897436, 0.3971025641025641, 0.5452564102564103, 0.6552051282051282, 0.5546153846153846, 0.6744615384615384, 0.13666666666666666]"
Virtual_2D_response_surface,,19.712600309638553,26.78407281659431,18.93997784679444,,0.488931884057971,56.22716666666666,0.6662051282051282,0.1718041538776324,0.26313254629621585,0.5064321712187891,17.38810942938591,8.805898011713808,"[0.05451282051282051, 0.107, 0.20461538461538462, 0.3002051282051282, 0.4125128205128205, 0.5637692307692308, 0.6595384615384615, 0.5532307692307692, 0.6662051282051282, 0.14735897435897435]"
Virtual_2D_response_surface,,33.12283734192919,17.68624368407963,17.07013137748544,,0.47562530657748053,54.69691025641026,0.662974358974359,0.19460806128583816,0.33334761950642317,0.4598646837609567,19.16002739398586,8.811019938386575,"[0.04838461538461539, 0.09782051282051282, 0.18487179487179486, 0.2834358974358974, 0.37735897435897436, 0.5165384615384615, 0.6252564102564102, 0.5408974358974359, 0.662974358974359, 0.13287179487179487]"
Virtual_2D_response_surface,,20.55491116664976,27.0063652965968,18.01433596546344,,0.4715408026755853,54.227192307692306,0.6405641025641026,0.1741260551299715,0.23409779095068534,0.5623057484691941,16.996260739163034,9.557095116112649,"[0.053384615384615385, 0.10279487179487179, 0.19392307692307692, 0.2927435897435897, 0.3986923076923077, 0.5352820512820513, 0.6451282051282051, 0.5345641025641026, 0.6405641025641026, 0.14425641025641026]"
Virtual_2D_response_surface,,27.06006054297647,21.099579318849308,17.514487736444085,,0.49185652173913047,56.563500000000005,0.685,0.19635707204234054,0.21536738607317393,0.5975303519397884,19.991957840040477,11.9458016041248,"[0.04920512820512821, 0.09674358974358975, 0.187, 0.2867692307692308, 0.39864102564102566, 0.5397692307692308, 0.6445128205128206, 0.5612820512820513, 0.685, 0.13556410256410256]"
Virtual_2D_response_surface,,53.846394962800204,9.326094669216378,19.91331427554783,,0.43916677814938687,50.50417948717949,0.5864102564102565,0.13931782717015256,0.6302158844661465,0.18027892886391533,12.665038588497426,2.2832395907544702,"[0.05566666666666667, 0.11487179487179487, 0.1967179487179487, 0.2732051282051282, 0.36043589743589743, 0.47202564102564104, 0.5632307692307692, 0.512974358974359, 0.5864102564102565, 0.1458205128205128]"
Virtual_2D_response_surface,,30.19990108802903,18.585501140440442,17.816410212966325,,0.47827904124860654,55.00208974358975,0.6418461538461538,0.17697206041734398,0.3021212312474648,0.47958501475529364,17.520899668528934,8.402760926057468,"[0.05038461538461538, 0.10612820512820513, 0.19838461538461538, 0.29623076923076924, 0.3940769230769231, 0.5401794871794872, 0.6405128205128205, 0.5644615384615385, 0.6418461538461538, 0.12982051282051282]"
Virtual_2D_response_surface,,38.302578936235776,17.443218935599987,14.967365078241155,,0.42219397993311036,48.55230769230769,0.5833333333333334,0.19547724565788943,0.34180559777052394,0.4973739612943971,17.083568480448,8.496922128164526,"[0.04241025641025641, 0.08282051282051282, 0.15646153846153846, 0.2467948717948718, 0.3387179487179487, 0.47007692307692306, 0.561923076923077, 0.48930769230769233, 0.5833333333333334, 0.10974358974358975]"
Virtual_2D_response_surface,,46.85948628643176,13.317237090773348,16.02464234044261,,0.41749777034559643,48.01224358974359,0.5788461538461539,0.17756438465014085,0.48679880587361757,0.344748063447078,15.345476079633883,5.290323161127239,"[0.044897435897435896, 0.09238461538461538, 0.17046153846153847, 0.2528205128205128, 0.3334615384615385, 0.4587948717948718, 0.541, 0.47217948717948716, 0.5788461538461539, 0.12505128205128205]"
Virtual_2D_response_surface,,68.36534174100912,6.414182820589042,22.804611430326098,,0.4204296544035674,48.34941025641025,0.5551538461538461,0.11400937608378175,0.7377088852141029,0.10059488654776302,9.922114975233837,0.9981140302475084,"[0.06274358974358975, 0.11517948717948719, 0.18864102564102564, 0.25753846153846155, 0.36102564102564105, 0.45592307692307693, 0.5295641025641026, 0.48233333333333334, 0.5551538461538461, 0.17143589743589743]"
Virtual_2D_response_surface,,26.308874020547876,21.60104946036837,17.59636197719308,,0.487783166109253,56.095064102564095,0.6775128205128205,0.19246365771870488,0.19815235360029593,0.6212614239552903,19.43327019086047,12.07314111088187,"[0.05043589743589744, 0.10069230769230769, 0.1916153846153846, 0.28784615384615386, 0.4045128205128205, 0.5547179487179488, 0.6461794871794871, 0.5505128205128205, 0.6775128205128205, 0.13448717948717948]"
Virtual_2D_response_surface,,68.67947815146437,6.909852991094124,21.07192469908188,,0.4087820512820513,47.0099358974359,0.5465128205128205,0.1215189004452422,0.7191888440412861,0.12632736979681164,10.282672296463916,1.2989829456948274,"[0.05928205128205128, 0.1111025641025641, 0.18102564102564103, 0.25374358974358974, 0.3374871794871795, 0.4429230769230769, 0.5194615384615384, 0.4666923076923077, 0.5465128205128205, 0.15638461538461537]"
Virtual_2D_response_surface,,45.710365958598615,13.786033123224984,15.868869332925815,,0.42113913043478257,48.431,0.5805128205128205,0.18039403099886875,0.4701784446062449,0.3611061565514724,15.725993967551181,5.678753239574047,"[0.04464102564102564, 0.09066666666666667, 0.16628205128205129, 0.2522820512820513, 0.3344358974358974, 0.46025641025641023, 0.5561538461538461, 0.4826923076923077, 0.5805128205128205, 0.123]"
Virtual_2D_response_surface,,34.8040978504595,15.653549719047083,18.355101145154986,,0.4846200668896322,55.7313076923077,0.664923076923077,0.17819814547815968,0.40435743763330584,0.3630427300297712,17.87618821651547,6.489820172649803,"[0.05515384615384615, 0.11012820512820513, 0.205, 0.30030769230769233, 0.39087179487179485, 0.5356923076923077, 0.6405128205128205, 0.5554358974358974, 0.664923076923077, 0.13423076923076924]"
Virtual_2D_response_surface,,24.35219218996216,23.902513299087527,17.179810492627816,,0.4820176142697882,55.43202564102564,0.6636923076923077,0.1932881374789954,0.11949151559470661,0.7555959550595011,19.28583538711517,14.57229920844761,"[0.05035897435897436, 0.10176923076923076, 0.1912051282051282, 0.28394871794871795, 0.38471794871794873, 0.5434102564102564, 0.6546666666666666, 0.5502820512820513, 0.6636923076923077, 0.1361794871794872]"
Virtual_2D_response_surface,,42.00186250168029,14.580147952412595,16.329373401487892,,0.4374390189520625,50.30548717948719,0.607025641025641,0.18407230878788433,0.4421163175235434,0.3732209711597939,16.66772490568954,6.220744476325734,"[0.0458974358974359, 0.09597435897435898, 0.1734102564102564, 0.26356410256410256, 0.3507948717948718, 0.47533333333333333, 0.5803333333333334, 0.49535897435897436, 0.607025641025641, 0.12633333333333333]"
Virtual_2D_response_surface,,21.975200562485092,29.340298974958426,15.50967214897491,,0.42110992196209585,48.42764102564102,0.5839230769230769,0.187051171067838,0.18532624835698944,0.6754348590662205,16.305204538618252,11.013103529587518,"[0.04361538461538462, 0.08984615384615384, 0.1676923076923077, 0.24369230769230768, 0.3555384615384615, 0.4738974358974359, 0.5842307692307692, 0.46923076923076923, 0.5839230769230769, 0.12056410256410256]"
Virtual_2D_response_surface,,19.444039255610434,26.155928312049216,19.662709929638424,,0.5034016722408027,57.89119230769231,0.6861794871794872,0.17013964384266128,0.2724080702654588,0.4813188801157634,17.729256313544006,8.53342579412033,"[0.05633333333333333, 0.11607692307692308, 0.21028205128205127, 0.3108974358974359, 0.4165897435897436, 0.5723333333333334, 0.6658461538461539, 0.5729230769230769, 0.6861794871794872, 0.15256410256410258]"
Virtual_2D_response_surface,,18.0214525360608,30.0,18.496474280657214,,0.4561204013377925,52.45384615384614,0.6183589743589744,0.16148083762910206,0.32169480978260345,0.44383241012921676,15.246523824824031,6.766901415264174,"[0.05202564102564103, 0.1062051282051282, 0.19143589743589742, 0.28215384615384614, 0.38553846153846155, 0.5110256410256411, 0.6146923076923076, 0.519051282051282, 0.6183589743589744, 0.14148717948717948]"
Virtual_2D_response_surface,,54.346099587678694,9.935362831914228,18.520294480900997,,0.4266782608695652,49.068,0.5758974358974359,0.14823593367987953,0.6080705196971544,0.2149370773401953,13.092553428847792,2.814075168916897,"[0.05015384615384615, 0.1041025641025641, 0.18853846153846154, 0.25769230769230766, 0.346, 0.47007692307692306, 0.5657435897435897, 0.4918205128205128, 0.5758974358974359, 0.13597435897435897]"
Virtual_2D_response_surface,,44.6950436485032,12.033316792885552,18.593248942149206,,0.4528591973244147,52.07880769230769,0.6134615384615385,0.1589483487929136,0.5325396395570648,0.25878803498374353,14.900112881632792,3.8559709336737145,"[0.05143589743589744, 0.10287179487179487, 0.19974358974358974, 0.27992307692307694, 0.3686923076923077, 0.5031794871794871, 0.5911538461538461, 0.5218974358974359, 0.6134615384615385, 0.14058974358974358]"
Virtual_2D_response_surface,,47.30355580194854,11.683367493886717,18.094149520472016,,0.44157168338907465,50.78074358974359,0.6018205128205129,0.1604898365192761,0.5450668860287147,0.260173817416841,14.669627826681408,3.816653071752018,"[0.04751282051282051, 0.10212820512820513, 0.1912051282051282, 0.2742051282051282, 0.34623076923076923, 0.48128205128205126, 0.5774871794871795, 0.5063846153846154, 0.6018205128205129, 0.1413846153846154]"
Virtual_2D_response_surface,,31.78345696043085,15.943284384836693,19.734270429136995,,0.5068054626532886,58.2826282051282,0.6857179487179487,0.1692425491844845,0.39419767072824785,0.3457648887432332,17.755021027093377,6.139062870066708,"[0.05474358974358974, 0.11005128205128205, 0.21246153846153845, 0.3178717948717949, 0.4093076923076923, 0.5694102564102564, 0.6764358974358974, 0.5878717948717949, 0.6857179487179487, 0.14864102564102563]"
Virtual_2D_response_surface,,32.05881647966827,16.677494902193196,18.703448924833562,,0.49710769230769236,57.16738461538462,0.6765128205128205,0.17786025093705052,0.36851023753378,0.39026320429960576,18.30204967159294,7.142616550086408,"[0.053794871794871794, 0.11015384615384616, 0.2003076923076923, 0.31315384615384617, 0.4134871794871795, 0.5532051282051282, 0.6548461538461539, 0.5714102564102564, 0.6765128205128205, 0.14743589743589744]"
Virtual_2D_response_surface,,57.84271058295283,10.60612484898126,16.300263634344116,,0.40032508361204017,46.03738461538462,0.5573589743589744,0.16594886132483957,0.5838052102335511,0.27277076423547647,13.751732799534176,3.7510706652910057,"[0.04548717948717949, 0.09015384615384615, 0.16471794871794873, 0.23561538461538462, 0.3162051282051282, 0.4207435897435897, 0.5167948717948718, 0.45274358974358975, 0.5573589743589744, 0.12317948717948718]"
Virtual_2D_response_surface,,51.40902551699382,10.5085985313265,18.510401020564647,,0.4260222965440357,48.9925641025641,0.5751538461538461,0.1481059260375965,0.5873261260466589,0.22669091772646718,13.060960335659818,2.960801084879711,"[0.05415384615384616, 0.10561538461538461, 0.18692307692307691, 0.26871794871794874, 0.34594871794871795, 0.47107692307692306, 0.5622051282051282, 0.49125641025641026, 0.5751538461538461, 0.12984615384615383]"
Virtual_2D_response_surface,,65.85788870787118,8.896142961074194,17.068306882792207,,0.3824905239687848,43.98641025641025,0.5242820512820513,0.14615376936711955,0.645907676127712,0.2220078754285373,11.571803387825193,2.5690314850078217,"[0.048692307692307694, 0.09589743589743589, 0.1628974358974359, 0.2342051282051282, 0.3000769230769231, 0.41807692307692307, 0.4972051282051282, 0.43025641025641026, 0.5242820512820513, 0.13153846153846155]"
Virtual_2D_response_surface,,19.47216260290478,27.657145448675582,18.5685699851363,,0.46995340022296545,54.04464102564103,0.6351282051282051,0.16601520763701808,0.271436330563008,0.5025437202790057,16.150018142771824,8.116090200041992,"[0.05425641025641026, 0.10494871794871795, 0.2006153846153846, 0.2894871794871795, 0.39087179487179485, 0.5401794871794872, 0.6220769230769231, 0.5412307692307692, 0.6351282051282051, 0.14074358974358975]"
Virtual_2D_response_surface,,69.35353235688804,5.825518453989514,24.751232625711637,,0.4294326644370123,49.384756410256415,0.5685384615384615,0.10780776389654477,0.7598462998390658,0.0767271301633488,9.58330828649754,0.7352997422935958,"[0.06705128205128205, 0.12358974358974359, 0.19174358974358974, 0.26243589743589746, 0.3702051282051282, 0.4603333333333333, 0.5342820512820513, 0.48905128205128207, 0.5685384615384615, 0.18064102564102563]"
Virtual_2D_response_surface,,18.11870383985201,30.0,18.397195311519365,,0.4524299888517279,52.02944871794871,0.6122051282051282,0.1605859899012831,0.31831695488399314,0.44956959469137914,15.03936094750171,6.761239405585699,"[0.05484615384615384, 0.10071794871794872, 0.19125641025641027, 0.2812051282051282, 0.3814102564102564, 0.5118461538461538, 0.6000769230769231, 0.5173846153846153, 0.6122051282051282, 0.14094871794871794]"
Virtual_2D_response_surface,,16.003281480099034,30.0,20.829061448919195,,0.47787290969899665,54.95538461538462,0.6425897435897436,0.1468878728449686,0.39209547772890757,0.327936729982344,14.530103185555728,4.764954524977186,"[0.05823076923076923, 0.11574358974358974, 0.21502564102564103, 0.3059230769230769, 0.4002307692307692, 0.5418461538461539, 0.6292051282051282, 0.5457179487179488, 0.6425897435897436, 0.1539230769230769]"
Virtual_2D_response_surface,,33.710705848454964,14.471199595898067,20.49876139625209,,0.5092122630992196,58.55941025641026,0.6846410256410257,0.16129453491438475,0.44595966761380224,0.2870812910198798,17.00156311590302,4.880830688669409,"[0.059512820512820516, 0.11866666666666667, 0.22392307692307692, 0.3302564102564103, 0.4171025641025641, 0.5706410256410256, 0.6725384615384615, 0.5943076923076923, 0.6846410256410257, 0.14297435897435898]"
Virtual_2D_response_surface,,24.70168496060422,25.17145280335662,16.08292880079199,,0.4535726867335563,52.16085897435897,0.6311538461538462,0.19721567934675652,0.09230226983340405,0.8165568386493175,18.51649062828942,15.119767050315724,"[0.045641025641025644, 0.09151282051282052, 0.17492307692307693, 0.271, 0.362974358974359, 0.5115128205128205, 0.6178974358974358, 0.5111538461538462, 0.6311538461538462, 0.12456410256410257]"
Virtual_2D_response_surface,,52.21390252389053,10.374557019267737,18.460535040033722,,0.43120401337792647,49.588461538461544,0.585948717948718,0.1518250434563316,0.5921692378916651,0.22483801926918182,13.551786590417194,3.046956854548061,"[0.050256410256410255, 0.10628205128205129, 0.19084615384615386, 0.26884615384615385, 0.3494358974358974, 0.464, 0.5672051282051283, 0.4972820512820513, 0.585948717948718, 0.1272051282051282]"
Virtual_2D_response_surface,,45.80047136401954,14.175376739928046,15.402649838994487,,0.4170804905239688,47.96425641025641,0.5846923076923077,0.18901705600244437,0.4564058701054721,0.3830085987330239,16.318912572023468,6.250283837057435,"[0.041666666666666664, 0.0858974358974359, 0.1692820512820513, 0.24923076923076923, 0.3291794871794872, 0.4563589743589744, 0.5381794871794872, 0.4686666666666667, 0.5846923076923077, 0.12084615384615384]"
Virtual_2D_response_surface,,18.61756524087247,27.51444498407221,19.521642661584753,,0.4899328874024526,56.34228205128205,0.6659487179487179,0.16547715167160745,0.3010098143557534,0.44833969663474293,16.782048634544076,7.5240585937209925,"[0.057, 0.11225641025641026, 0.20748717948717949, 0.29853846153846153, 0.4155641025641026, 0.5686410256410256, 0.6504102564102564, 0.5542307692307692, 0.6659487179487179, 0.1525897435897436]"
Virtual_2D_response_surface,,34.76586436045369,13.897511154089289,20.69712093520724,,0.5090060200668897,58.53569230769231,0.6854102564102564,0.15965484378691028,0.46623221740184007,0.2678450468915208,16.821912260417868,4.505665878196672,"[0.057179487179487176, 0.11687179487179487, 0.2225128205128205, 0.3321282051282051, 0.42315384615384616, 0.5666410256410256, 0.6752051282051282, 0.5896666666666667, 0.6854102564102564, 0.14792307692307693]"
Virtual_2D_response_surface,,44.544735045077445,13.14355324947591,17.08011659298703,,0.43675752508361215,50.227115384615395,0.5994615384615385,0.17133759134971993,0.4929671044051356,0.3168054843041827,15.490427346800036,4.907452337681741,"[0.04823076923076923, 0.0993076923076923, 0.18764102564102564, 0.26884615384615385, 0.3584871794871795, 0.48002564102564105, 0.5684871794871795, 0.49533333333333335, 0.5994615384615385, 0.1342051282051282]"
Virtual_2D_response_surface,,49.06976592634699,11.705001244627036,17.410632534698202,,0.4340714604236343,49.918217948717945,0.5944871794871794,0.16566428356344923,0.5442916724465999,0.2742537430739346,14.885398463829246,4.082376245852166,"[0.04717948717948718, 0.09825641025641026, 0.18376923076923077, 0.26187179487179485, 0.33897435897435896, 0.46615384615384614, 0.5623589743589743, 0.4992051282051282, 0.5944871794871794, 0.13746153846153847]"
Virtual_2D_response_surface,,23.569378514929323,21.440128269059002,19.789029215650157,,0.518848717948718,59.667602564102566,0.7111282051282052,0.17642115379302825,0.20367356866359923,0.5768151174220372,18.94792911916109,10.92945195977334,"[0.0578974358974359, 0.113, 0.2128974358974359, 0.3233076923076923, 0.4359487179487179, 0.6016666666666667, 0.6913589743589743, 0.5891538461538461, 0.7111282051282052, 0.14223076923076924]"
Virtual_2D_response_surface,,54.617250521519416,10.26039007123745,17.84457852224936,,0.4187374581939799,48.154807692307685,0.566025641025641,0.15170815407379795,0.5962978745089426,0.23395230073561443,13.149858572601705,3.0764396674081116,"[0.048025641025641025, 0.10294871794871795, 0.18228205128205127, 0.2561794871794872, 0.34164102564102566, 0.45876923076923076, 0.5446923076923077, 0.48417948717948717, 0.566025641025641, 0.13141025641025642]"
Virtual_2D_response_surface,,74.26493643604792,7.697087447723192,17.49402591988818,,0.37537625418060194,43.168269230769226,0.5152051282051282,0.13932948266254777,0.6899778748267986,0.1924668332998684,10.826302714849179,2.08370419987279,"[0.048282051282051285, 0.09412820512820513, 0.1618974358974359, 0.22194871794871796, 0.2957435897435897, 0.39484615384615385, 0.4786410256410256, 0.42212820512820515, 0.5152051282051282, 0.1383076923076923]"
Virtual_2D_response_surface,,20.082081674072,22.683923100287366,21.951949990128192,,0.5510779264214046,63.37396153846153,0.7495384615384615,0.16566097658709922,0.2503859047067444,0.47219558509538,18.897466245578645,8.923300130651203,"[0.06297435897435898, 0.12466666666666666, 0.22738461538461538, 0.33402564102564103, 0.46615384615384614, 0.6281282051282051, 0.7366666666666667, 0.6293333333333333, 0.7495384615384615, 0.1625128205128205]"
Virtual_2D_response_surface,,52.750762660295074,9.349999281078313,20.27494475673007,,0.4446008918617614,51.12910256410256,0.5927435897435898,0.13819162602004514,0.6293450408520884,0.17517800426413463,12.718104876502187,2.2279322302876117,"[0.05682051282051282, 0.11346153846153846, 0.20043589743589743, 0.2796923076923077, 0.3760512820512821, 0.4927179487179487, 0.5817692307692308, 0.5141794871794871, 0.5927435897435898, 0.14643589743589744]"
Virtual_2D_response_surface,,27.18892282613796,23.36767372415029,15.73955747912508,,0.44996989966555184,51.746538461538464,0.6243076923076923,0.19994062088481737,0.137722764869866,0.7438409599339849,18.62322305155215,13.852716111731265,"[0.04723076923076923, 0.08866666666666667, 0.1758974358974359, 0.2621794871794872, 0.36017948717948717, 0.5063333333333333, 0.6201282051282051, 0.5087692307692308, 0.6243076923076923, 0.12471794871794872]"
Virtual_2D_response_surface,,15.67645307940354,30.0,21.263313304671087,,0.4836774804905239,55.62291025641025,0.6503846153846153,0.14544604960303723,0.40355382922845695,0.3099201550933711,14.56223861559444,4.513131250251707,"[0.059564102564102564, 0.11751282051282051, 0.22074358974358974, 0.30915384615384617, 0.41707692307692307, 0.5578205128205128, 0.6362564102564102, 0.5445641025641026, 0.6503846153846153, 0.1641025641025641]"
Virtual_2D_response_surface,,47.395367593995246,12.798020865173706,16.48622756083102,,0.42691794871794875,49.095564102564104,0.5868717948717949,0.1743635649981555,0.5052561122898775,0.32072931733224,15.408859648533385,4.942073035942412,"[0.04676923076923077, 0.09451282051282052, 0.1748974358974359, 0.25435897435897437, 0.34082051282051284, 0.4623846153846154, 0.5661025641025641, 0.4879230769230769, 0.5868717948717949, 0.1294102564102564]"
Virtual_2D_response_surface,,36.05868098131158,14.063049200304214,19.720170592415094,,0.49753154960981055,57.216128205128214,0.6785384615384615,0.16722261488116402,0.46037650281321685,0.2895577532107136,17.222095029307432,4.986791142267658,"[0.05464102564102564, 0.11366666666666667, 0.21417948717948718, 0.31694871794871793, 0.41012820512820514, 0.546974358974359, 0.6501538461538462, 0.569076923076923, 0.6785384615384615, 0.1484102564102564]"
Virtual_2D_response_surface,,51.192363473765354,8.82704694292718,22.12989651514603,,0.4557507246376811,52.41133333333333,0.599974358974359,0.12729036026937682,0.6484346283890836,0.14099998608805628,12.008623503957118,1.6932157469946592,"[0.06294871794871795, 0.12046153846153847, 0.22138461538461537, 0.3004102564102564, 0.38535897435897437, 0.5115897435897436, 0.5991025641025641, 0.5276666666666666, 0.599974358974359, 0.155]"
Virtual_2D_response_surface,,63.175913024803975,9.757056874702789,16.222942778976694,,0.37627647714604234,43.27179487179487,0.5088974358974359,0.14975105076679512,0.6145408424628109,0.25639611632800363,11.663994151109698,2.9906028012170762,"[0.04546153846153846, 0.08758974358974358, 0.16135897435897437, 0.22371794871794873, 0.3007948717948718, 0.40894871794871795, 0.49433333333333335, 0.43515384615384617, 0.5088974358974359, 0.12384615384615384]"
Virtual_2D_response_surface,,60.04630983007125,9.680320481398299,17.203782434713993,,0.38586443701226303,44.37441025641025,0.5193589743589744,0.14328240012843255,0.6173281083752655,0.23460173751005908,11.444529610479952,2.6849065316039162,"[0.047384615384615386, 0.09348717948717948, 0.16938461538461538, 0.24005128205128204, 0.3117179487179487, 0.4254871794871795, 0.5176923076923077, 0.44384615384615383, 0.5193589743589744, 0.12487179487179487]"
Virtual_2D_response_surface,,70.83459966414766,7.688135063185403,18.362573702857134,,0.3868241917502787,44.48478205128205,0.5268205128205128,0.13533409018153428,0.690308752815617,0.17720060423852269,10.836553510501385,1.9202438299239297,"[0.049923076923076924, 0.10205128205128206, 0.16707692307692307, 0.23338461538461538, 0.3120512820512821, 0.40997435897435897, 0.4892051282051282, 0.4366153846153846, 0.5268205128205128, 0.14451282051282052]"
Virtual_2D_response_surface,,22.652487170769355,26.618461236816458,16.584453339119218,,0.4556581939799331,52.40069230769231,0.6282564102564102,0.18852234429677903,0.16214694791916123,0.692732516468127,17.78166244191663,12.317935770375687,"[0.050743589743589744, 0.09992307692307692, 0.1807948717948718, 0.27297435897435895, 0.3740512820512821, 0.5204615384615384, 0.6246666666666667, 0.5111794871794871, 0.6282564102564102, 0.13356410256410256]"
Virtual_2D_response_surface,,22.547739215364054,24.266271429556053,18.27653850513867,,0.48803612040133787,56.12415384615385,0.6652051282051282,0.17925108034740062,0.16572863120331602,0.6613291238064892,18.108567378912237,11.975722998086804,"[0.05415384615384616, 0.10635897435897436, 0.20105128205128206, 0.29246153846153844, 0.4094102564102564, 0.5584102564102564, 0.6675641025641026, 0.5562564102564103, 0.6652051282051282, 0.13987179487179488]"
Virtual_2D_response_surface,,74.04543113481631,6.875338186577902,19.642993302295203,,0.3879974358974359,44.619705128205126,0.5316153846153846,0.1270529717526252,0.7204750984647433,0.14485343994227554,10.20431904347576,1.4781307157159345,"[0.052717948717948715, 0.10502564102564102, 0.17074358974358975, 0.23115384615384615, 0.30843589743589744, 0.4147948717948718, 0.4888974358974359, 0.42938461538461536, 0.5316153846153846, 0.15523076923076923]"
Virtual_2D_response_surface,,24.08876425783449,19.663179479613312,21.11211462660773,,0.55014381270903,63.26653846153845,0.7485384615384615,0.17350058777893243,0.264838766611809,0.4661208522266059,19.75820689766764,9.209712237610443,"[0.0618974358974359, 0.12392307692307693, 0.23202564102564102, 0.35125641025641025, 0.4645897435897436, 0.6193589743589744, 0.7234871794871794, 0.6318205128205128, 0.7485384615384615, 0.1531025641025641]"
Virtual_2D_response_surface,,16.965801067016923,30.0,19.647367785147733,,0.46842564102564105,53.86894871794872,0.6356666666666667,0.1552857060596387,0.35844556367246205,0.3823476295729353,15.057139925442845,5.7570617586410755,"[0.05466666666666667, 0.1135897435897436, 0.2032051282051282, 0.2903076923076923, 0.3932307692307692, 0.5278461538461539, 0.6360256410256411, 0.527051282051282, 0.6356666666666667, 0.151]"
Virtual_2D_response_surface,,27.06089943196803,21.332125773163757,17.32302120943958,,0.4860134894091417,55.891551282051296,0.6762051282051282,0.19587177024214975,0.20738076018164128,0.6123609996083318,19.70563876415151,12.06696465153651,"[0.049025641025641026, 0.10005128205128205, 0.18923076923076923, 0.2895128205128205, 0.3976153846153846, 0.5466923076923077, 0.6536410256410257, 0.5462820512820513, 0.6762051282051282, 0.13602564102564102]"
Virtual_2D_response_surface,,15.690564230857913,30.0,21.244190357271027,,0.4834750278706801,55.59962820512821,0.6579487179487179,0.14754828374653509,0.4030587540383487,0.3106926130019271,14.766533493501802,4.58785287607655,"[0.058076923076923075, 0.11743589743589744, 0.2137948717948718, 0.31223076923076926, 0.4004102564102564, 0.5523076923076923, 0.6515897435897436, 0.535025641025641, 0.6579487179487179, 0.16628205128205129]"
Virtual_2D_response_surface,,43.90491112841062,9.835302070660317,23.157901091040806,,0.49222575250836126,56.60596153846154,0.6522051282051282,0.13261338450612653,0.6117004365427523,0.14458848638476995,13.512074657110219,1.953690422589576,"[0.06725641025641026, 0.13376923076923078, 0.23551282051282052, 0.32943589743589746, 0.42143589743589743, 0.5542051282051282, 0.6486410256410257, 0.5655641025641026, 0.6522051282051282, 0.15915384615384615]"
Virtual_2D_response_surface,,26.771377570401114,22.901440905692493,16.31046988847048,,0.46026421404682283,52.930384615384625,0.6398461538461538,0.1971218605593987,0.15363899241291817,0.7102756616740445,18.780724611916543,13.339491600447037,"[0.04561538461538461, 0.09223076923076923, 0.1733076923076923, 0.27153846153846156, 0.36846153846153845, 0.5108974358974359, 0.6216153846153846, 0.5232307692307693, 0.6398461538461538, 0.126]"
Virtual_2D_response_surface,,47.01951573079731,10.284714810547952,20.679002926502527,,0.47142530657748044,54.21391025641025,0.6357948717948718,0.14631370404104077,0.5954179336960808,0.18620812979430992,14.278028436295118,2.6586849722724892,"[0.0538974358974359, 0.11584615384615385, 0.20625641025641026, 0.2946153846153846, 0.3956923076923077, 0.5162307692307693, 0.6170769230769231, 0.5422307692307692, 0.6357948717948718, 0.14958974358974358]"
Virtual_2D_response_surface,,27.698210459863198,24.114928058578954,14.971396714106895,,0.43636878483835,50.18241025641025,0.6132307692307692,0.20841921584982492,0.11225873537325873,0.7949781690652589,18.826161471171424,14.96638737687878,"[0.04253846153846154, 0.08958974358974359, 0.1652051282051282, 0.24869230769230768, 0.3465897435897436, 0.4925128205128205, 0.5813333333333334, 0.4908461538461538, 0.6132307692307692, 0.1158974358974359]"
Virtual_2D_response_surface,,35.932789452071574,15.16157295189022,18.35544033483849,,0.475959977703456,54.73539743589744,0.6497948717948718,0.17316929193192734,0.42163986167948103,0.3476495371145198,17.061282031656585,5.931346800885685,"[0.05282051282051282, 0.1031025641025641, 0.19733333333333333, 0.29805128205128206, 0.3963589743589744, 0.5176923076923077, 0.6341794871794871, 0.5475384615384615, 0.6497948717948718, 0.13428205128205128]"
Virtual_2D_response_surface,,41.93182817687682,15.536038610721006,15.350266174901693,,0.4267276477146042,49.07367948717948,0.5975641025641025,0.19518756612458815,0.4084818620551579,0.4248557957215822,17.241429707785244,7.3251213378788265,"[0.04628205128205128, 0.08676923076923077, 0.16497435897435897, 0.25671794871794873, 0.3351025641025641, 0.46007692307692305, 0.5575641025641026, 0.48423076923076924, 0.5975641025641025, 0.11682051282051283]"
Virtual_2D_response_surface,,44.8943064040176,13.711968939490326,16.24459592117084,,0.4244535117056856,48.81215384615385,0.583025641025641,0.17614604662849986,0.47280152164449524,0.3504569604015018,15.476522269359826,5.423854952105998,"[0.04730769230769231, 0.08951282051282052, 0.17276923076923076, 0.2582820512820513, 0.3344871794871795, 0.46366666666666667, 0.5611794871794872, 0.4877179487179487, 0.583025641025641, 0.12523076923076923]"
Virtual_2D_response_surface,,28.96393037812128,21.839427217970613,15.808885761850817,,0.45372976588628755,52.17892307692307,0.6340769230769231,0.20283069209293197,0.18997886079589488,0.6636436486363453,19.0502767446411,12.642595166345737,"[0.04479487179487179, 0.0896923076923077, 0.17135897435897435, 0.25994871794871793, 0.35628205128205126, 0.4980769230769231, 0.612897435897436, 0.5170769230769231, 0.6340769230769231, 0.11971794871794872]"
Virtual_2D_response_surface,,32.880763506965906,14.6025495390138,20.827129539289135,,0.5222239687848383,60.05575641025641,0.7133076923076923,0.16627828595181174,0.4413263166275816,0.285130738022554,17.97474282738654,5.125151688138333,"[0.05987179487179487, 0.11884615384615385, 0.2301025641025641, 0.33079487179487177, 0.42312820512820515, 0.5923589743589743, 0.6800512820512821, 0.5954358974358974, 0.7133076923076923, 0.1535128205128205]"
Virtual_2D_response_surface,,41.53713005203251,12.209574037704186,19.718006297458235,,0.4779499442586399,54.96424358974359,0.642,0.15645497593146204,0.5262401677844599,0.24254704433066665,15.47897293426383,3.7543791344800783,"[0.05735897435897436, 0.11428205128205128, 0.20802564102564103, 0.30430769230769233, 0.39146153846153847, 0.5237435897435897, 0.6242307692307693, 0.5546410256410257, 0.642, 0.151974358974359]"
Virtual_2D_response_surface,,69.70832950855441,8.432851402073554,17.011432138386542,,0.3781212931995541,43.48394871794872,0.5178461538461538,0.14465039697635917,0.6628795032441626,0.21450076745056687,11.321946799471668,2.428566277521162,"[0.04807692307692308, 0.09612820512820512, 0.16394871794871796, 0.2201025641025641, 0.3027179487179487, 0.4097179487179487, 0.48117948717948716, 0.4270769230769231, 0.5178461538461538, 0.13307692307692306]"
Virtual_2D_response_surface,,41.94203581022007,12.122477443140003,19.6679505913355,,0.47967792642140467,55.16296153846154,0.6546666666666666,0.16063743489963112,0.5293521877632784,0.2413953175520039,15.950225957409845,3.850309860015165,"[0.056435897435897435, 0.1151025641025641, 0.20725641025641026, 0.29520512820512823, 0.38676923076923075, 0.5176153846153846, 0.6287179487179487, 0.5467948717948717, 0.6546666666666666, 0.1533846153846154]"
Virtual_2D_response_surface,,46.11213344483356,12.094087184945272,17.931296383184215,,0.44569988851727976,51.255487179487176,0.6078717948717949,0.16422150391712564,0.5303669409966173,0.2729947316491754,15.151055739516606,4.136158395811035,"[0.050102564102564105, 0.10120512820512821, 0.1892051282051282, 0.2744102564102564, 0.3589230769230769, 0.49356410256410255, 0.5815897435897436, 0.5104358974358975, 0.6078717948717949, 0.13902564102564102]"
Virtual_2D_response_surface,,36.73741559308866,17.349896683118015,15.688972645303691,,0.4410309921962095,50.718564102564095,0.6192820512820513,0.19869352112201963,0.3450556968790811,0.4775692261732821,18.139410158024386,8.66282407240748,"[0.044333333333333336, 0.08574358974358974, 0.16912820512820512, 0.2578205128205128, 0.3513846153846154, 0.48715384615384616, 0.5827179487179487, 0.49651282051282053, 0.6192820512820513, 0.12123076923076923]"
Virtual_2D_response_surface,,51.36460661680322,10.10702264601604,19.262506348125772,,0.4334540691192866,49.847217948717955,0.5811538461538461,0.14318278522807304,0.6018494458841854,0.20542726866983396,12.847074303182815,2.639139384501256,"[0.05402564102564102, 0.10602564102564102, 0.19453846153846155, 0.2782051282051282, 0.366025641025641, 0.47174358974358976, 0.5716153846153846, 0.5035897435897436, 0.5811538461538461, 0.12923076923076923]"
Virtual_2D_response_surface,,30.676171153294582,20.950599113545973,15.559742339218744,,0.44620033444816054,51.31303846153846,0.6248717948717949,0.20316132618386148,0.22048722113753078,0.6260322442813733,18.76468489986536,11.747297801095508,"[0.044333333333333336, 0.08687179487179487, 0.16733333333333333, 0.25794871794871793, 0.35533333333333333, 0.5017435897435898, 0.5951282051282051, 0.5045128205128205, 0.6248717948717949, 0.11974358974358974]"
Virtual_2D_response_surface,,43.02864820963461,10.491550984004872,22.151472561931122,,0.4874964325529542,56.06208974358974,0.6474102564102564,0.13814538927999728,0.587941825632523,0.16898056548815782,13.940494580661026,2.3556726574247,"[0.06182051282051282, 0.1232051282051282, 0.23182051282051283, 0.3232051282051282, 0.4153076923076923, 0.5499487179487179, 0.6396666666666667, 0.5617948717948718, 0.6474102564102564, 0.15728205128205128]"
Virtual_2D_response_surface,,51.78044939739911,9.742007227270264,19.823746583021784,,0.44054726867335564,50.6629358974359,0.5853076923076923,0.1397289907634381,0.6150873570754105,0.18926598641649722,12.742345623710658,2.4116926137315344,"[0.055794871794871796, 0.11269230769230769, 0.19976923076923078, 0.2774102564102564, 0.35823076923076924, 0.48256410256410254, 0.5826153846153846, 0.5156666666666667, 0.5853076923076923, 0.14243589743589744]"
Virtual_2D_response_surface,,51.36444610414208,9.764243204061838,19.938790155232994,,0.44280133779264214,50.92215384615385,0.5926923076923077,0.14079468881017887,0.6142798992091864,0.18785887841794646,12.90522384776391,2.4243608777734638,"[0.057, 0.11384615384615385, 0.19892307692307692, 0.2771025641025641, 0.361974358974359, 0.4866153846153846, 0.5797692307692308, 0.5144358974358975, 0.5926923076923077, 0.14087179487179488]"
Virtual_2D_response_surface,,34.26765593870368,14.786873102544252,19.73509659229542,,0.49804682274247486,57.27538461538461,0.676923076923077,0.1665831052391034,0.4348293546744765,0.30989867068365473,17.17400056139053,5.322199944295265,"[0.05705128205128205, 0.11364102564102564, 0.21192307692307694, 0.313974358974359, 0.40715384615384614, 0.5675897435897436, 0.6574358974358975, 0.5721794871794872, 0.676923076923077, 0.1432820512820513]"
Virtual_2D_response_surface,,30.941962543787767,17.55275075409926,18.41225402290597,,0.49142530657748046,56.513910256410256,0.6715384615384615,0.17971779761351736,0.33799254265972556,0.42759645032618276,18.281799874458038,7.81723273189191,"[0.05005128205128205, 0.10505128205128206, 0.19776923076923078, 0.3089487179487179, 0.39853846153846156, 0.5587948717948718, 0.6485384615384615, 0.5668461538461539, 0.6715384615384615, 0.13543589743589743]"
Virtual_2D_response_surface,,34.41339334390789,16.731140130376794,17.36788620294779,,0.47010602006688956,54.0621923076923,0.6443589743589744,0.18361515350620689,0.3666365717511557,0.41924414454518366,17.867947931026197,7.491032545120962,"[0.049102564102564104, 0.10056410256410256, 0.19071794871794873, 0.2867948717948718, 0.3842820512820513, 0.5351282051282051, 0.6265128205128205, 0.5385384615384615, 0.6443589743589744, 0.13066666666666665]"
Virtual_2D_response_surface,,35.48469061714461,16.863323043237035,16.7115147749056,,0.4561283166109254,52.45475641025642,0.6262307692307693,0.18594525517677757,0.3620216376573869,0.43783182176224555,17.55668351869351,7.6868747290927715,"[0.049282051282051285, 0.09669230769230769, 0.17969230769230768, 0.2752051282051282, 0.36912820512820516, 0.5096923076923077, 0.6175128205128205, 0.5224358974358975, 0.6262307692307693, 0.1278974358974359]"
Virtual_2D_response_surface,,39.74163700606693,14.313859853503073,17.579134419708456,,0.45647658862876256,52.494807692307695,0.6280256410256411,0.175141340462158,0.4515137776318141,0.3383858591415437,16.549219775761152,5.600021951943162,"[0.050102564102564105, 0.10276923076923077, 0.18697435897435896, 0.2852051282051282, 0.36430769230769233, 0.5021025641025642, 0.6011025641025641, 0.5212307692307693, 0.6280256410256411, 0.13130769230769232]"
Virtual_2D_response_surface,,40.3490659211537,15.735104509781817,15.750592042739475,,0.43201661092530663,49.68191025641026,0.6011025641025641,0.19030526129255257,0.40149631231422134,0.42176412945533864,17.018512043146742,7.177797916502983,"[0.0441025641025641, 0.0872051282051282, 0.16292307692307692, 0.2602051282051282, 0.34484615384615386, 0.4732820512820513, 0.5775128205128205, 0.4918205128205128, 0.6011025641025641, 0.11758974358974358]"
Virtual_2D_response_surface,,40.08892463105082,13.977515965272389,17.8461934506764,,0.46153333333333324,53.076333333333324,0.6320769230769231,0.1732743124881813,0.46340151871949875,0.3233590064479133,16.554177301908368,5.352942324907688,"[0.050897435897435894, 0.10302564102564103, 0.19612820512820514, 0.28025641025641024, 0.3637948717948718, 0.5043589743589744, 0.6082051282051282, 0.5318974358974359, 0.6320769230769231, 0.1342051282051282]"
Virtual_2D_response_surface,,26.98337743074065,18.783334463910172,19.730177851623772,,0.5292430323299888,60.86294871794871,0.7266153846153847,0.18191644517301472,0.2952660086730404,0.4514446862325704,19.929548292330104,8.997088675587822,"[0.056025641025641025, 0.11123076923076923, 0.213, 0.32133333333333336, 0.43453846153846154, 0.5894871794871794, 0.6885641025641026, 0.6087179487179487, 0.7266153846153847, 0.1503846153846154]"
Virtual_2D_response_surface,,34.202078444914726,15.894353720081703,18.395204806286,,0.48366945373467113,55.62198717948718,0.6598205128205128,0.17601615697226636,0.39591253233438384,0.37000411914409365,17.622663167689204,6.520457962333907,"[0.05164102564102564, 0.10702564102564102, 0.19956410256410256, 0.2953076923076923, 0.39294871794871794, 0.548025641025641, 0.6321282051282051, 0.5613333333333334, 0.6598205128205128, 0.1315128205128205]"
Virtual_2D_response_surface,,47.34362858655398,10.96595667781513,19.26158109116594,,0.4541345596432552,52.22547435897435,0.610948717948718,0.1517012041022629,0.5708348154248434,0.22289978629026455,14.260801221122879,3.1787295445162336,"[0.05448717948717949, 0.10653846153846154, 0.19538461538461538, 0.28607692307692306, 0.373974358974359, 0.5003333333333333, 0.5960769230769231, 0.5261282051282051, 0.610948717948718, 0.14325641025641025]"
Virtual_2D_response_surface,,29.689436988432526,20.253333945684055,16.6303547862876,,0.4662364548494983,53.61719230769231,0.6484615384615384,0.1955991078460772,0.2444835074878339,0.5740385488631767,18.877454965073102,10.836386854380535,"[0.04635897435897436, 0.09612820512820512, 0.1813076923076923, 0.27392307692307694, 0.3777948717948718, 0.5159230769230769, 0.6320769230769231, 0.5267435897435897, 0.6484615384615384, 0.1290769230769231]"
Virtual_2D_response_surface,,37.7639260562124,14.377545740903132,18.417814878573928,,0.4705816053511706,54.11688461538462,0.6443333333333333,0.1706598365814273,0.44926513415364194,0.32315914290507514,16.624041632563493,5.3722110455975045,"[0.051256410256410256, 0.10664102564102564, 0.1962051282051282, 0.29417948717948716, 0.37005128205128207, 0.5266923076923077, 0.6196153846153846, 0.5417692307692308, 0.6443333333333333, 0.13241025641025642]"
Virtual_2D_response_surface,,40.06698071737527,13.60095909554669,18.350328722687163,,0.465936900780379,53.582743589743586,0.6348205128205128,0.16832942260759698,0.4767349876423571,0.30291984024166274,16.23519412234642,4.91796240983356,"[0.050923076923076925, 0.10566666666666667, 0.19217948717948719, 0.2896153846153846, 0.3750512820512821, 0.5191538461538462, 0.6189743589743589, 0.5365897435897435, 0.6348205128205128, 0.13597435897435897]"
Virtual_2D_response_surface,,27.985297153405618,19.092755609942664,18.715501275925913,,0.5030406911928652,57.84967948717949,0.6906410256410257,0.18237907013446986,0.2845542641590734,0.4833407018897462,18.99102735440804,9.179136491086952,"[0.05212820512820513, 0.10543589743589743, 0.2062051282051282, 0.3111794871794872, 0.4158717948717949, 0.5683333333333334, 0.6680769230769231, 0.5733846153846154, 0.6906410256410257, 0.1418974358974359]"
Virtual_2D_response_surface,,45.83196003664832,14.962774740519244,14.582078491969122,,0.4015317725752508,46.176153846153845,0.5591794871794872,0.1914697771181941,0.42863464955512787,0.426012801988758,15.914408193177332,6.779741626368323,"[0.040692307692307694, 0.08617948717948717, 0.15587179487179487, 0.23248717948717948, 0.3233846153846154, 0.43533333333333335, 0.5326153846153846, 0.4564102564102564, 0.5591794871794872, 0.11158974358974359]"
Virtual_2D_response_surface,,37.078050385412894,15.807718461460196,17.061370625265358,,0.46477625418060203,53.44926923076923,0.6459230769230769,0.18837423216446095,0.3989497410811089,0.3948603918052151,18.123237091975867,7.156148498916398,"[0.05105128205128205, 0.099, 0.18720512820512822, 0.2815641025641026, 0.36835897435897436, 0.5037948717948718, 0.6013076923076923, 0.5297435897435897, 0.6459230769230769, 0.13143589743589743]"
Virtual_2D_response_surface,,38.80145871757421,16.775332209515106,15.36316934088834,,0.4233960981047938,48.69055128205129,0.5882564102564103,0.19110719807244927,0.3650933961638918,0.4649968324023408,16.749206690608304,7.788328056384954,"[0.04223076923076923, 0.0853076923076923, 0.1615897435897436, 0.2512820512820513, 0.33976923076923077, 0.47225641025641024, 0.5638461538461539, 0.4828205128205128, 0.5882564102564103, 0.1141025641025641]"
Virtual_2D_response_surface,,51.168240826256294,11.775824242299016,16.59618238252894,,0.4084257525083612,46.96896153846154,0.5531025641025641,0.16087606855029155,0.5417545628441565,0.2930431655255346,13.601127377155583,3.985717421317684,"[0.04666666666666667, 0.09525641025641025, 0.18005128205128204, 0.25448717948717947, 0.3291794871794872, 0.45153846153846156, 0.5423846153846154, 0.47064102564102567, 0.5531025641025641, 0.12407692307692307]"
Virtual_2D_response_surface,,38.391073852655346,15.228142429985962,17.10498941349618,,0.45077714604236335,51.83937179487179,0.613025641025641,0.17583212203209367,0.419299058960285,0.37564267930744905,16.407048145505346,6.163187524903941,"[0.04764102564102564, 0.0995897435897436, 0.18792307692307691, 0.2816666666666667, 0.36594871794871797, 0.5035897435897436, 0.5960512820512821, 0.5233846153846153, 0.613025641025641, 0.12451282051282052]"
Virtual_2D_response_surface,,68.761647526251,8.699565321069436,16.71691648505538,,0.3776774804905239,43.43291025641025,0.5211025641025641,0.1486597757144648,0.6531007023534868,0.22526603040040205,11.622108055219966,2.6180661464839385,"[0.04651282051282051, 0.09276923076923077, 0.16464102564102565, 0.21987179487179487, 0.30233333333333334, 0.4043846153846154, 0.4811025641025641, 0.4221025641025641, 0.5211025641025641, 0.13435897435897437]"
Virtual_2D_response_surface,,41.288996651889775,13.318966575868801,18.18423945106881,,0.46461404682274243,53.43061538461538,0.6366923076923077,0.17083496830037764,0.48673741333644854,0.29870219520051877,16.43007147390079,4.907698416555588,"[0.05228205128205128, 0.10605128205128204, 0.1924871794871795, 0.29135897435897434, 0.3783076923076923, 0.5056923076923077, 0.6156410256410256, 0.5281282051282051, 0.6366923076923077, 0.14156410256410257]"
Virtual_2D_response_surface,,38.82780855830685,15.018683490225436,17.148465160648094,,0.45359197324414713,52.16307692307692,0.6219743589743589,0.1784713154601374,0.42666681199763534,0.36830130805351136,16.757303322437775,6.171736733103284,"[0.04771794871794872, 0.09656410256410257, 0.18387179487179486, 0.27894871794871795, 0.36428205128205127, 0.5038717948717949, 0.607051282051282, 0.521974358974359, 0.6219743589743589, 0.12543589743589745]"
Virtual_2D_response_surface,,34.66452168084992,14.449936392370219,19.964059368314345,,0.4982898550724638,57.30333333333334,0.6741282051282051,0.16344162162202977,0.4467100069454263,0.2959746275526653,16.858349503825885,4.989643715547526,"[0.05694871794871795, 0.1147948717948718, 0.21276923076923077, 0.31971794871794873, 0.41920512820512823, 0.5551025641025641, 0.6624102564102564, 0.5748717948717949, 0.6741282051282051, 0.14133333333333334]"
Virtual_2D_response_surface,,40.826662613443915,14.417541455987324,16.988886358869344,,0.450271237458194,51.78119230769231,0.6227948717948718,0.18087092361899887,0.4478533168631693,0.3539158027008222,16.858281741813556,5.966412314810559,"[0.047538461538461536, 0.09797435897435898, 0.1885128205128205, 0.27274358974358975, 0.3607692307692308, 0.4936153846153846, 0.5903076923076923, 0.5127179487179487, 0.6227948717948718, 0.1274871794871795]"
Virtual_2D_response_surface,,28.69051327561971,21.919574952493672,15.901187320810262,,0.4525040133779264,52.03796153846154,0.6279230769230769,0.19880114021765788,0.18723215589207604,0.6660161815003581,18.621370959207802,12.40213438055324,"[0.0452051282051282, 0.0876923076923077, 0.17151282051282052, 0.2598974358974359, 0.3686153846153846, 0.5078974358974359, 0.6163846153846154, 0.5154615384615384, 0.6279230769230769, 0.12115384615384615]"
Virtual_2D_response_surface,,53.031491124325846,11.547006457751138,16.330397371012236,,0.40652709030100337,46.75061538461539,0.558,0.16580801614930465,0.5499555966266715,0.29344606144294494,13.952928223228032,4.094431832702374,"[0.046615384615384614, 0.09371794871794872, 0.17292307692307693, 0.24328205128205127, 0.33587179487179486, 0.43856410256410255, 0.5273846153846153, 0.46405128205128204, 0.558, 0.12292307692307693]"
Virtual_2D_response_surface,,31.134530852525867,19.621521607982853,16.36910713086168,,0.46090891861761424,53.00452564102564,0.6396153846153846,0.19612577674592518,0.2662772098020497,0.5515399894914407,18.71199677231183,10.32041450316474,"[0.047, 0.09574358974358975, 0.18361538461538462, 0.2682564102564103, 0.3630769230769231, 0.519, 0.6232307692307693, 0.5262564102564102, 0.6396153846153846, 0.12048717948717949]"
Virtual_2D_response_surface,,32.98213764383637,16.91484039769093,17.92475778920722,,0.48508004459308807,55.78420512820513,0.6652307692307692,0.18368876490637792,0.360223695605381,0.4141686771573765,18.44447713431126,7.6391246955771726,"[0.051743589743589745, 0.10123076923076924, 0.19356410256410256, 0.30043589743589744, 0.39253846153846156, 0.5358205128205128, 0.6435384615384615, 0.5582307692307692, 0.6652307692307692, 0.13682051282051283]"
Virtual_2D_response_surface,,37.36718793465942,13.161969432475153,20.3324028495273,,0.5024360089186176,57.78014102564102,0.682025641025641,0.16213657107372487,0.49231278507382487,0.25499144355320075,16.862893095696645,4.29989345295499,"[0.057076923076923074, 0.11448717948717949, 0.21246153846153845, 0.32, 0.40874358974358976, 0.5566666666666666, 0.665974358974359, 0.5761538461538461, 0.682025641025641, 0.15423076923076923]"
Virtual_2D_response_surface,,16.325637530016394,30.0,20.41778354569401,,0.47716365663322186,54.873820512820515,0.6415897435897436,0.15005181170670084,0.38081023047422424,0.3459491508903359,14.821049129790678,5.127329361755037,"[0.06176923076923077, 0.11092307692307693, 0.20702564102564103, 0.30453846153846154, 0.4145897435897436, 0.5410769230769231, 0.6393076923076924, 0.541974358974359, 0.6415897435897436, 0.15312820512820513]"
Virtual_2D_response_surface,,41.84635400444629,12.013483882250254,19.891768910685,,0.4817866220735786,55.40546153846154,0.6538205128205128,0.15822964810337037,0.5332488896486393,0.23502214361008053,15.780216028024064,3.7087001975363663,"[0.05846153846153846, 0.11676923076923076, 0.21143589743589744, 0.312, 0.3903333333333333, 0.5273846153846153, 0.6282564102564102, 0.548923076923077, 0.6538205128205128, 0.1558974358974359]"
Virtual_2D_response_surface,,35.20478536161536,13.295604634828907,21.364375717832427,,0.5175073578595318,59.51334615384616,0.6968461538461539,0.15678702370987221,0.48756675432361346,0.24122116062488536,16.795656746058437,4.051467813741402,"[0.059564102564102564, 0.1265128205128205, 0.22984615384615384, 0.33064102564102565, 0.43741025641025644, 0.5757435897435897, 0.6774358974358974, 0.5965384615384616, 0.6968461538461539, 0.15615384615384614]"
Virtual_2D_response_surface,,32.21144638561512,16.3578046419349,18.97862551850672,,0.5013065774804905,57.650256410256404,0.6826410256410257,0.1766256871838741,0.3796849780198797,0.3739137041132189,18.328529078618548,6.853288198733104,"[0.05169230769230769, 0.10715384615384616, 0.2028974358974359, 0.306948717948718, 0.40582051282051285, 0.5558461538461539, 0.6709487179487179, 0.5812564102564103, 0.6826410256410257, 0.14233333333333334]"
Virtual_2D_response_surface,,53.772281426859436,10.99048050290094,16.92095447100107,,0.4105208472686734,47.20989743589744,0.5575641025641026,0.15870252585757375,0.5699519813436169,0.2680474424252611,13.486193943397053,3.614939794578626,"[0.046153846153846156, 0.0967948717948718, 0.1768205128205128, 0.2519487179487179, 0.3311282051282051, 0.4511794871794872, 0.5387692307692308, 0.4736153846153846, 0.5575641025641026, 0.12471794871794872]"
Virtual_2D_response_surface,,30.747635830575913,18.2723204992133,17.798957540845883,,0.4813914158305463,55.36001282051282,0.6626923076923077,0.18443617892493216,0.3129839503407555,0.4674283390600775,18.378700613731155,8.590725501958781,"[0.04964102564102564, 0.10261538461538462, 0.19433333333333333, 0.2956410256410256, 0.39356410256410257, 0.5458717948717948, 0.645, 0.5465384615384615, 0.6626923076923077, 0.13566666666666666]"
Virtual_2D_response_surface,,33.519278201807005,15.427049851414832,19.338485494857828,,0.4962528428093646,57.06907692307693,0.6718461538461539,0.1692057158689559,0.4123091566807762,0.33671709652049037,17.381545226549537,5.852663441723349,"[0.05471794871794872, 0.1153076923076923, 0.20774358974358975, 0.31564102564102564, 0.41284615384615386, 0.5572564102564103, 0.6468461538461538, 0.5757435897435897, 0.6718461538461539, 0.14046153846153847]"
Virtual_2D_response_surface,,35.05077363213352,16.94649187279821,16.835366849315722,,0.4624510590858418,53.1818717948718,0.6365897435897436,0.18808281153252301,0.35911926010581346,0.4380724962357595,18.004672745535014,7.887351933544469,"[0.04823076923076923, 0.09664102564102564, 0.182, 0.2724358974358974, 0.3668461538461538, 0.511051282051282, 0.6202051282051282, 0.5324102564102564, 0.6365897435897436, 0.12966666666666668]"
Virtual_2D_response_surface,,42.65008246834633,14.32139652284522,16.371736846453366,,0.4396452619843924,50.55920512820513,0.6073076923076923,0.18357951701103922,0.4512476329100631,0.36474738578500343,16.706942024216318,6.093813427794515,"[0.04851282051282051, 0.09353846153846154, 0.17587179487179488, 0.27105128205128204, 0.34615384615384615, 0.4767692307692308, 0.5781282051282052, 0.500948717948718, 0.6073076923076923, 0.13138461538461538]"
Virtual_2D_response_surface,,30.103573062788694,15.859043557321197,20.946186304216756,,0.5242820512820513,60.292435897435894,0.7061538461538461,0.16312357607936534,0.39715027286425963,0.3212105979242547,17.703211957426156,5.686459298024671,"[0.06094871794871795, 0.12225641025641025, 0.22484615384615383, 0.3355128205128205, 0.4348461538461538, 0.5892820512820512, 0.6944102564102564, 0.6080769230769231, 0.7061538461538461, 0.15207692307692308]"
Virtual_2D_response_surface,,47.24777425021649,12.742412663243863,16.60989854810912,,0.42739832775919734,49.150807692307694,0.5875128205128205,0.17299133246629025,0.5072360661967846,0.3165804949959418,15.304794686076054,4.845199477529217,"[0.04387179487179487, 0.09517948717948718, 0.17656410256410257, 0.25746153846153846, 0.34292307692307694, 0.4624615384615385, 0.5597948717948718, 0.48830769230769233, 0.5875128205128205, 0.13105128205128205]"
Virtual_2D_response_surface,,34.29682747870554,19.013467826947146,15.335033074377238,,0.436636231884058,50.213166666666666,0.6047692307692307,0.1984648608081173,0.28729792924316033,0.548012233936714,17.937988439822632,9.830237117238152,"[0.045230769230769234, 0.08961538461538461, 0.16374358974358974, 0.2556923076923077, 0.3464871794871795, 0.48317948717948717, 0.5905897435897436, 0.5006410256410256, 0.6047692307692307, 0.1176923076923077]"
Virtual_2D_response_surface,,35.20445081161329,15.848813118235848,17.922792707633917,,0.47001092530657745,54.05125641025641,0.6481282051282051,0.17780961429793835,0.3975089209793016,0.3780934954931587,17.299499498327986,6.540828235604973,"[0.051974358974358974, 0.10225641025641026, 0.19523076923076924, 0.2905128205128205, 0.382051282051282, 0.5276923076923077, 0.6252051282051282, 0.5321794871794872, 0.6481282051282051, 0.13315384615384615]"
Virtual_2D_response_surface,,48.303242437107805,10.82838951955892,19.118765466771652,,0.45266220735785956,52.05615384615385,0.6163589743589744,0.15463102120727698,0.5757897873399431,0.22249820833316789,14.489093212837,3.2237972802284958,"[0.053153846153846156, 0.1088974358974359, 0.19646153846153847, 0.2754102564102564, 0.37243589743589745, 0.4937179487179487, 0.5884615384615385, 0.5183589743589744, 0.6163589743589744, 0.14123076923076924]"
Virtual_2D_response_surface,,55.86451199506942,8.281472687799289,21.61505857458309,,0.44684470457079145,51.387141025641014,0.5964871794871794,0.1297229965608591,0.6684398655185716,0.13911521972877355,11.998969053374898,1.6692392163790029,"[0.05912820512820513, 0.11987179487179488, 0.19912820512820512, 0.28002564102564104, 0.37038461538461537, 0.488025641025641, 0.5793333333333334, 0.5113333333333333, 0.5964871794871794, 0.16430769230769232]"
Virtual_2D_response_surface,,29.810929231158575,19.66012054572299,17.062328929012864,,0.4779717948717949,54.966756410256416,0.6616923076923077,0.19424028776928773,0.2649443840902461,0.5394873186373323,19.218165449170584,10.367956547301663,"[0.04961538461538462, 0.09766666666666667, 0.1904871794871795, 0.292, 0.3797948717948718, 0.5329487179487179, 0.647025641025641, 0.5431282051282051, 0.6616923076923077, 0.1308974358974359]"
Virtual_2D_response_surface,,19.456732464698796,26.96817486905089,19.058053295920903,,0.4849713489409141,55.77170512820512,0.657025641025641,0.1676182036966173,0.271969472451942,0.4928265845601837,16.827035455236892,8.292810411677513,"[0.055615384615384615, 0.11305128205128205, 0.21151282051282053, 0.3007435897435897, 0.4078974358974359, 0.5703589743589743, 0.6562307692307693, 0.5488205128205128, 0.657025641025641, 0.14615384615384616]"
Virtual_2D_response_surface,,57.22060654834232,9.938885491270938,17.583683415167787,,0.40833132664437016,46.95810256410257,0.5614102564102564,0.15287704770917443,0.6079427769557914,0.2323865359837512,12.921868954844307,3.002868364852244,"[0.04894871794871795, 0.09674358974358975, 0.17543589743589744, 0.24728205128205127, 0.33325641025641023, 0.4330769230769231, 0.5305897435897435, 0.4597948717948718, 0.5614102564102564, 0.1362051282051282]"
Virtual_2D_response_surface,,39.904391381531575,12.540270068741327,19.983539764000565,,0.48708751393534006,56.015064102564104,0.663051282051282,0.1600229148298443,0.5144387294245294,0.24575006534229932,16.13464889773119,3.965091020892497,"[0.056692307692307695, 0.11602564102564103, 0.21012820512820513, 0.314, 0.39684615384615385, 0.5351538461538462, 0.6388717948717949, 0.5556410256410257, 0.663051282051282, 0.14971794871794872]"
Virtual_2D_response_surface,,40.90012085811016,14.798893029722288,16.521374573869494,,0.4427627647714604,50.91771794871795,0.6127179487179487,0.18352646942737413,0.4344058833054141,0.3753926947650737,16.820548211568678,6.314310920566607,"[0.046538461538461535, 0.09464102564102564, 0.17733333333333334, 0.26771794871794874, 0.3454102564102564, 0.4895897435897436, 0.5809487179487179, 0.5067692307692307, 0.6127179487179487, 0.12474358974358975]"
Virtual_2D_response_surface,,52.68048749612714,12.345752757610448,15.375620084412233,,0.39945819397993304,45.9376923076923,0.5547948717948717,0.17732236421139272,0.5213776324844319,0.3347430870164373,14.662404371547916,4.908138502415254,"[0.04453846153846154, 0.08782051282051281, 0.16594871794871796, 0.23766666666666666, 0.31443589743589745, 0.4240769230769231, 0.5207179487179487, 0.45597435897435895, 0.5547948717948717, 0.11361538461538462]"
Virtual_2D_response_surface,,57.660771219026486,9.306809112535001,18.634543014661862,,0.419883723522854,48.28662820512821,0.5671025641025641,0.1446058204280748,0.6309185764977658,0.20088593351834616,12.568549477154367,2.5248447946896766,"[0.05112820512820513, 0.10356410256410256, 0.18594871794871795, 0.24938461538461537, 0.3395641025641026, 0.4572051282051282, 0.5365641025641026, 0.48317948717948717, 0.5671025641025641, 0.14607692307692308]"
Virtual_2D_response_surface,,41.81615152973036,12.71913716460932,18.801750631656944,,0.47004715719063545,54.05542307692308,0.6408717948717949,0.16531435490384264,0.5080649857133648,0.2714211728486525,16.08504731102849,4.365822406485417,"[0.05607692307692308, 0.10758974358974359, 0.20358974358974358, 0.29135897435897434, 0.3748717948717949, 0.514102564102564, 0.6211282051282051, 0.536025641025641, 0.6408717948717949, 0.15005128205128204]"
Virtual_2D_response_surface,,19.41760373034697,25.84929491813122,19.92304264837116,,0.5021204013377926,57.74384615384615,0.6852051282051282,0.16712914944256793,0.27332158102131543,0.4754986459004342,17.37122380782265,8.259993398253053,"[0.05938461538461538, 0.11594871794871794, 0.21346153846153845, 0.30564102564102563, 0.4236666666666667, 0.5827435897435898, 0.6719487179487179, 0.5656153846153846, 0.6852051282051282, 0.15194871794871795]"
Virtual_2D_response_surface,,43.357590854901815,11.878648263087639,19.41636084070667,,0.4612071348940914,53.03882051282051,0.6143846153846154,0.1512764428149959,0.5380730457671868,0.24020701584897394,14.44234337690854,3.469152204433393,"[0.05723076923076923, 0.113, 0.20043589743589743, 0.2984871794871795, 0.38569230769230767, 0.5097948717948718, 0.6141794871794872, 0.5359487179487179, 0.6143846153846154, 0.14697435897435898]"
Virtual_2D_response_surface,,36.11833781638453,14.8239926787477,18.676997150314286,,0.4809724637681159,55.31183333333333,0.6594358974358975,0.1726053999188556,0.4335216825202478,0.33108999545655093,17.184818002941157,5.689721314515443,"[0.051897435897435895, 0.108, 0.19835897435897437, 0.3004871794871795, 0.38684615384615384, 0.5418205128205128, 0.6403589743589744, 0.5499487179487179, 0.6594358974358975, 0.13456410256410256]"
Virtual_2D_response_surface,,34.08357583162294,19.744988832772027,14.859286475993686,,0.4293410256410257,49.374217948717956,0.6031025641025641,0.20596577061688048,0.2620145175302055,0.5877170454639108,18.30491792714431,10.758112281600628,"[0.04323076923076923, 0.08797435897435897, 0.1645897435897436, 0.2581794871794872, 0.3402051282051282, 0.47274358974358976, 0.5715641025641026, 0.48338461538461536, 0.6031025641025641, 0.1123076923076923]"
Virtual_2D_response_surface,,41.05485906126418,15.985423968925716,15.23741427186824,,0.42672820512820503,49.07374358974358,0.5935384615384616,0.1953424649831197,0.3927211148670481,0.44178707446588555,17.255134869786144,7.62309555363711,"[0.04320512820512821, 0.08584615384615385, 0.16925641025641025, 0.2437948717948718, 0.3365641025641026, 0.4654358974358974, 0.5575897435897436, 0.49115384615384616, 0.5935384615384616, 0.11482051282051282]"
Virtual_2D_response_surface,,39.60595701111709,15.472995846562904,16.317930507866762,,0.4436641025641026,51.0213717948718,0.6095897435897436,0.1852181596234756,0.41069546357580927,0.40055734592773407,17.010152253560268,6.813541440512766,"[0.04912820512820513, 0.09246153846153846, 0.17564102564102563, 0.266025641025641, 0.35333333333333333, 0.4876410256410256, 0.5916153846153847, 0.512948717948718, 0.6095897435897436, 0.12192307692307693]"
Virtual_2D_response_surface,,41.81014327672756,11.95983677230769,19.998300583754673,,0.48122107023411376,55.34042307692308,0.6507948717948718,0.15636043635165184,0.5351678051321666,0.23198799260309733,15.575494860346888,3.6133277864517344,"[0.05671794871794872, 0.1137948717948718, 0.2148974358974359, 0.30446153846153845, 0.39097435897435895, 0.5376923076923077, 0.6251794871794871, 0.5502564102564103, 0.6507948717948718, 0.1575128205128205]"
Virtual_2D_response_surface,,43.98003034783139,12.847548248221722,17.698001108501842,,0.44369810479375693,51.02528205128205,0.603051282051282,0.16524827201222353,0.5034931923199428,0.29627062673801124,15.17731143823923,4.496591572005124,"[0.04987179487179487, 0.10256410256410256, 0.18997435897435896, 0.28202564102564104, 0.3521025641025641, 0.4940769230769231, 0.5920769230769231, 0.5078461538461538, 0.603051282051282, 0.1366153846153846]"
Virtual_2D_response_surface,,31.734957531014544,19.06593824591966,16.527375583573818,,0.4632677814938684,53.275794871794865,0.6433589743589744,0.19517656044467482,0.2854821592285712,0.525121381170162,18.71673551645934,9.828558005399755,"[0.048256410256410254, 0.09748717948717948, 0.17792307692307693, 0.2791794871794872, 0.3780512820512821, 0.513051282051282, 0.6184102564102564, 0.5253846153846153, 0.6433589743589744, 0.12617948717948718]"
Virtual_2D_response_surface,,56.171130686819495,8.539391823567454,20.847783709342295,,0.43948885172798224,50.54121794871796,0.5851538461538461,0.13212401920635047,0.6589705829747128,0.15328048960611879,12.019875931743762,1.8424124678224871,"[0.056666666666666664, 0.11333333333333333, 0.19912820512820512, 0.2753333333333333, 0.3648205128205128, 0.48502564102564105, 0.5691538461538461, 0.5055641025641026, 0.5851538461538461, 0.15925641025641027]"
Virtual_2D_response_surface,,50.324628173905054,8.513412315247042,23.34080110756463,,0.46650880713489407,53.64851282051282,0.6111538461538462,0.12272197809153197,0.6599234229103136,0.12211451122917703,11.850932907004044,1.447170879548569,"[0.06389743589743589, 0.13041025641025641, 0.22335897435897437, 0.3106923076923077, 0.40597435897435896, 0.523948717948718, 0.6124871794871795, 0.5374615384615384, 0.6111538461538462, 0.16592307692307692]"
Virtual_2D_response_surface,,29.841284358274287,18.47837186878406,18.13505120136338,,0.49218283166109256,56.60102564102564,0.6782564102564103,0.18548920168372815,0.30583556401193596,0.4689907945610977,18.897982309141334,8.862979738765763,"[0.05323076923076923, 0.10425641025641026, 0.2006923076923077, 0.3068461538461538, 0.4056923076923077, 0.5471025641025641, 0.6567179487179488, 0.5578974358974359, 0.6782564102564103, 0.13941025641025642]"
Virtual_2D_response_surface,,45.58548104880677,15.058805066032814,14.567430219421288,,0.4001079152731326,46.01241025641025,0.5524358974358974,0.18877782671901425,0.42525496335466234,0.4292535466986291,15.635021058555855,6.711388242092855,"[0.04176923076923077, 0.08469230769230769, 0.16182051282051282, 0.23564102564102565, 0.30941025641025643, 0.43325641025641026, 0.5297692307692308, 0.46182051282051284, 0.5524358974358974, 0.11220512820512821]"
Virtual_2D_response_surface,,40.863157925907394,13.82853056455666,17.696689866605432,,0.4574680044593088,52.608820512820515,0.624051282051282,0.17234186432411264,0.4686738017843195,0.32230032351836985,16.32006397272979,5.259961898251304,"[0.049692307692307695, 0.09987179487179487, 0.18738461538461537, 0.28102564102564104, 0.37264102564102564, 0.49864102564102564, 0.6012564102564103, 0.5286410256410257, 0.624051282051282, 0.13484615384615384]"
Virtual_2D_response_surface,,51.23513636074655,12.368920022726765,15.779757406564807,,0.3997867335562988,45.97547435897436,0.5447692307692308,0.1679055683714364,0.5205507868657131,0.3258311208510631,13.895168676101983,4.527478384148892,"[0.0442051282051282, 0.09048717948717949, 0.1691794871794872, 0.23907692307692308, 0.31976923076923075, 0.4411282051282051, 0.529051282051282, 0.46292307692307694, 0.5447692307692308, 0.11605128205128205]"
Virtual_2D_response_surface,,38.23017724836896,12.52724621478332,20.880364473985207,,0.4947297658862876,56.89392307692307,0.6604358974358975,0.1512031675137395,0.5149030769390822,0.23044392470365704,15.484574486724854,3.568326117086991,"[0.057923076923076924, 0.11858974358974358, 0.2221025641025641, 0.3172307692307692, 0.4126923076923077, 0.5546410256410257, 0.6622051282051282, 0.5745128205128205, 0.6604358974358975, 0.15107692307692308]"
Virtual_2D_response_surface,,35.20801305640625,14.55423106427008,19.515029757635286,,0.49765373467112595,57.230179487179484,0.6745641025641026,0.16816200108521223,0.443030395449837,0.30718808229685035,17.32309470905394,5.321448243120995,"[0.05797435897435897, 0.10843589743589743, 0.21366666666666667, 0.31343589743589745, 0.4074871794871795, 0.556923076923077, 0.6605641025641026, 0.5740512820512821, 0.6745641025641026, 0.1462051282051282]"
Virtual_2D_response_surface,,42.39135946135449,10.95274813477941,21.537711476739428,,0.49788305462653276,57.25655128205127,0.6665897435897435,0.14743339918659784,0.5713103700416742,0.18640985719828249,15.194750366186236,2.832451245924327,"[0.061205128205128204, 0.1272051282051282, 0.22466666666666665, 0.315025641025641, 0.4197179487179487, 0.5448717948717948, 0.638102564102564, 0.5728974358974359, 0.6665897435897435, 0.1705897435897436]"
Virtual_2D_response_surface,,20.859950146171485,30.0,15.97958437089129,,0.42262653288740243,48.60205128205128,0.5826410256410256,0.1796513095836122,0.22360369579458228,0.6139821978341716,15.716559890286703,9.649687983830617,"[0.04633333333333333, 0.09202564102564102, 0.1673076923076923, 0.2518717948717949, 0.34192307692307694, 0.49646153846153845, 0.5771794871794872, 0.4731025641025641, 0.5826410256410256, 0.12597435897435896]"
Virtual_2D_response_surface,,39.05169349542443,14.085345910794668,18.179946926975028,,0.46498918617614265,53.47375641025641,0.6311025641025642,0.16904332493073754,0.4595881624361118,0.3196138148418693,16.270886844226947,5.200400215143758,"[0.04997435897435897, 0.10461538461538461, 0.19682051282051283, 0.29443589743589743, 0.38466666666666666, 0.5163589743589744, 0.613948717948718, 0.536051282051282, 0.6311025641025642, 0.13576923076923078]"
Virtual_2D_response_surface,,25.38813534067375,21.262908226568843,18.52450152797622,,0.5029869565217392,57.843500000000006,0.6912820512820513,0.18496845548475352,0.20975734446047972,0.5883350506527492,19.258601138698214,11.330510076437106,"[0.052384615384615384, 0.10841025641025641, 0.19948717948717948, 0.3034871794871795, 0.41274358974358977, 0.5721025641025641, 0.6705128205128205, 0.5744871794871795, 0.6912820512820513, 0.14015384615384616]"
Virtual_2D_response_surface,,40.39698807384711,16.3348183446688,15.154328762559313,,0.42413344481605353,48.77534615384616,0.5934615384615385,0.1966836725565614,0.38048905614177797,0.45513248552243407,17.26796558116083,7.859212094869571,"[0.04182051282051282, 0.08766666666666667, 0.16764102564102565, 0.25333333333333335, 0.3334615384615385, 0.4708974358974359, 0.572025641025641, 0.47928205128205126, 0.5934615384615385, 0.10938461538461539]"
Virtual_2D_response_surface,,22.561726513053376,25.43992113300196,17.422557594713627,,0.4749733556298773,54.62193589743589,0.6577179487179488,0.18769359031031477,0.16525029188135743,0.6749985422544341,18.453937064921295,12.456380617676945,"[0.04856410256410256, 0.102, 0.18682051282051282, 0.2823333333333333, 0.3936923076923077, 0.5401794871794872, 0.6438461538461538, 0.5338461538461539, 0.6577179487179488, 0.13366666666666666]"
Virtual_2D_response_surface,,34.72777328270635,13.25714472398466,21.720662377823718,,0.517148717948718,59.47210256410257,0.6872051282051282,0.15125233627474455,0.48893229713708186,0.2346159937527935,16.19153002078513,3.798791906204692,"[0.05869230769230769, 0.12056410256410256, 0.2305897435897436, 0.33397435897435895, 0.4341794871794872, 0.586974358974359, 0.6801025641025641, 0.6056666666666667, 0.6872051282051282, 0.15823076923076923]"
Virtual_2D_response_surface,,24.599904420383286,23.51120883754711,17.289865751533906,,0.48640880713489404,55.93701282051281,0.6751025641025641,0.19594306472049408,0.13282722525418014,0.7308690628252527,19.72884550204953,14.419202822707142,"[0.04894871794871795, 0.0993076923076923, 0.1884871794871795, 0.28282051282051285, 0.40312820512820513, 0.5455641025641026, 0.6477435897435897, 0.5514358974358974, 0.6751025641025641, 0.13441025641025642]"
Virtual_2D_response_surface,,38.29671200021151,14.584357050529649,17.90404757173039,,0.460042474916388,52.90488461538462,0.6243076923076923,0.16997272971634123,0.441967875367367,0.3395059886464941,16.18629777612898,5.495345029011219,"[0.049846153846153846, 0.10266666666666667, 0.19882051282051283, 0.28584615384615386, 0.38533333333333336, 0.5201794871794871, 0.61, 0.5313846153846153, 0.6243076923076923, 0.1265897435897436]"
Virtual_2D_response_surface,,36.083004559672055,17.118666216740706,16.18927434558866,,0.4493441471571906,51.67457692307692,0.6186153846153846,0.19060763137580292,0.35311402194274494,0.458212031973519,17.729223677377952,8.123743606524377,"[0.04546153846153846, 0.09117948717948718, 0.17176923076923076, 0.2670769230769231, 0.3657692307692308, 0.48502564102564105, 0.5974102564102564, 0.5185897435897436, 0.6186153846153846, 0.12692307692307692]"
Virtual_2D_response_surface,,31.98883291982783,18.836877658195707,16.595589633249112,,0.4641088071348941,53.372512820512824,0.6407692307692308,0.19315203566712305,0.29341153247437934,0.51440260503322,18.556217099913017,9.545366415757238,"[0.04797435897435898, 0.09628205128205128, 0.18261538461538462, 0.2771025641025641, 0.3739487179487179, 0.5234615384615384, 0.6205128205128205, 0.5306153846153846, 0.6407692307692308, 0.1264102564102564]"
Virtual_2D_response_surface,,36.3861458109065,13.277393627270019,20.69908336889104,,0.5036899665551839,57.92434615384616,0.6804102564102564,0.15824469979571437,0.4882133117984843,0.25168288393135374,16.49919738236117,4.152565579745302,"[0.05712820512820513, 0.11751282051282051, 0.2184102564102564, 0.32576923076923076, 0.41346153846153844, 0.5584615384615385, 0.6634615384615384, 0.5795128205128205, 0.6804102564102564, 0.15523076923076923]"
Virtual_2D_response_surface,,35.532884022477845,15.435902248256511,18.232134750961066,,0.47960702341137124,55.15480769230769,0.6581025641025641,0.17740193281209207,0.41199822042358064,0.3586297713131052,17.61222507929033,6.3162682525008265,"[0.05451282051282051, 0.10605128205128204, 0.19341025641025641, 0.2999230769230769, 0.391, 0.5332051282051282, 0.6313589743589744, 0.5497692307692308, 0.6581025641025641, 0.13394871794871796]"
Virtual_2D_response_surface,,31.422534949266563,17.12562406381997,18.58285233011243,,0.4954234113712375,56.97369230769232,0.6757179487179488,0.1790402717842782,0.3528714306898829,0.4085287032795326,18.36105363958153,7.5010174342241855,"[0.04941025641025641, 0.10579487179487179, 0.19956410256410256, 0.30825641025641026, 0.4113846153846154, 0.5457435897435897, 0.6573846153846153, 0.571025641025641, 0.6757179487179488, 0.14294871794871794]"
Virtual_2D_response_surface,,32.84139665519271,18.56017323228233,16.405760091551077,,0.4591484949832776,52.802076923076925,0.6365897435897436,0.19438080503888236,0.30299925139779593,0.5073173118719084,18.474678396058835,9.372524181586588,"[0.047461538461538465, 0.09543589743589743, 0.18156410256410258, 0.26976923076923076, 0.37135897435897436, 0.5181282051282051, 0.6104358974358974, 0.5193076923076924, 0.6365897435897436, 0.13207692307692306]"
Virtual_2D_response_surface,,25.395459874339714,20.7977412230844,18.933362418891104,,0.5089892976588629,58.53376923076924,0.6988205128205128,0.1824250232034223,0.22574296067774252,0.5579504254183375,19.22044357819232,10.724054671181559,"[0.05146153846153846, 0.10466666666666667, 0.20194871794871794, 0.30464102564102563, 0.4275128205128205, 0.5731282051282052, 0.6844871794871795, 0.582076923076923, 0.6988205128205128, 0.14035897435897435]"
Virtual_2D_response_surface,,38.77326737558919,13.042454069542245,19.7746262562064,,0.4851457079152731,55.79175641025641,0.6514102564102564,0.15864852818310768,0.49656029782232136,0.2617137189524105,15.932304070627756,4.169702549804619,"[0.05646153846153846, 0.1121025641025641, 0.21217948717948718, 0.31343589743589745, 0.4087948717948718, 0.5486666666666666, 0.6396410256410257, 0.5604102564102564, 0.6514102564102564, 0.147]"
Virtual_2D_response_surface,,25.772388928884176,22.478177896324755,17.261726029528887,,0.4803661092530658,55.24210256410257,0.6712564102564103,0.19492052836293935,0.1681078043647399,0.672905575661866,19.382075675414207,13.042306789886448,"[0.048102564102564103, 0.09728205128205128, 0.18371794871794872, 0.2772051282051282, 0.38794871794871794, 0.5344871794871795, 0.6462564102564102, 0.5415128205128205, 0.6712564102564103, 0.1316153846153846]"
Virtual_2D_response_surface,,35.53685265545322,15.719021998285484,17.901751187481846,,0.47400089186176153,54.510102564102574,0.6502307692307693,0.1787924653828173,0.402060439125319,0.3743382915064078,17.542792126271035,6.566938832800362,"[0.05069230769230769, 0.10305128205128206, 0.19212820512820514, 0.2935384615384615, 0.3883589743589744, 0.5317179487179488, 0.6283846153846154, 0.5407948717948718, 0.6502307692307693, 0.13646153846153847]"
Virtual_2D_response_surface,,22.92028985660714,26.648162324678715,16.372410661052104,,0.4536066889632107,52.16476923076923,0.6182051282051282,0.18774412264623033,0.15299509483652443,0.7103751195427579,17.628531898092913,12.522870454471073,"[0.04897435897435897, 0.10061538461538462, 0.1857948717948718, 0.27387179487179486, 0.36764102564102563, 0.5144102564102564, 0.6187179487179487, 0.5211282051282051, 0.6182051282051282, 0.12817948717948718]"
Virtual_2D_response_surface,,43.44061500318492,11.996930714900579,19.18818443527066,,0.4599574136008919,52.895102564102565,0.6164615384615385,0.15400100885481652,0.5338409170633289,0.2469901012498138,14.662618485031418,3.621521624205301,"[0.056358974358974356, 0.10984615384615384, 0.20317948717948717, 0.2915128205128205, 0.3718205128205128, 0.5142051282051282, 0.5993333333333334, 0.5358974358974359, 0.6164615384615385, 0.14407692307692307]"
Virtual_2D_response_surface,,16.61339679435241,30.0,20.06412881480368,,0.47681326644370126,54.833525641025645,0.6497948717948718,0.1554682874242237,0.37074955191262526,0.36221376336469024,15.344773784716528,5.558088260542015,"[0.05971794871794872, 0.1112051282051282, 0.2048974358974359, 0.29617948717948717, 0.4114102564102564, 0.5379487179487179, 0.6366923076923077, 0.5346410256410257, 0.6497948717948718, 0.15023076923076922]"
Virtual_2D_response_surface,,32.02727569967738,15.918759759608387,19.614207847018537,,0.5044586399108139,58.01274358974359,0.6905128205128205,0.17198601574741754,0.39505713263893216,0.34720619123886853,17.959285138637767,6.235574990359234,"[0.054538461538461536, 0.10928205128205128, 0.21215384615384617, 0.316974358974359, 0.4228974358974359, 0.5626410256410257, 0.6648717948717948, 0.5745897435897436, 0.6905128205128205, 0.1458974358974359]"
Virtual_2D_response_surface,,36.755882770837815,15.623825223461203,17.413487970229504,,0.4679420289855073,53.81333333333334,0.6474615384615384,0.18412079393555497,0.40540050368364805,0.3814652151025171,17.8346765837736,6.803308739313021,"[0.048666666666666664, 0.10061538461538462, 0.19115384615384615, 0.28094871794871795, 0.37776923076923075, 0.5117948717948718, 0.6119230769230769, 0.5348461538461539, 0.6474615384615384, 0.13015384615384615]"
Virtual_2D_response_surface,,28.158730272379437,19.70810894442025,18.01946853833284,,0.49230769230769234,56.61538461538462,0.6793076923076923,0.18736336388386943,0.26328759519627276,0.5232585301489648,19.093768036411557,9.990976997737999,"[0.05194871794871795, 0.10453846153846154, 0.20205128205128206, 0.30117948717948717, 0.4074871794871795, 0.5592307692307692, 0.6682051282051282, 0.556025641025641, 0.6793076923076923, 0.13364102564102565]"
Virtual_2D_response_surface,,47.52395348253002,11.05458189777162,19.03465967561253,,0.44993879598662206,51.742961538461536,0.6127435897435898,0.1543619841560836,0.5676450719999336,0.22876488018590535,14.376863176539917,3.288921382030309,"[0.05112820512820513, 0.10643589743589743, 0.1914871794871795, 0.2812051282051282, 0.3711025641025641, 0.5021025641025642, 0.5955641025641025, 0.5099743589743589, 0.6127435897435898, 0.14287179487179488]"
Virtual_2D_response_surface,,33.60839235354297,15.106947074369888,19.695887440735927,,0.49955451505016724,57.44876923076923,0.6721538461538461,0.1655553540041705,0.42356123639408827,0.3201760363023455,17.11971238878702,5.481321655277986,"[0.059076923076923075, 0.11292307692307692, 0.21635897435897436, 0.31984615384615384, 0.4117692307692308, 0.554974358974359, 0.657025641025641, 0.5847435897435898, 0.6721538461538461, 0.14043589743589743]"
Virtual_2D_response_surface,,41.00276979858651,13.662797614279071,17.850367833451482,,0.45934180602006697,52.8243076923077,0.6276923076923077,0.17174129334701335,0.47454354933890514,0.31461423994786375,16.329806861827517,5.137589774329275,"[0.051256410256410256, 0.10407692307692308, 0.18774358974358973, 0.28717948717948716, 0.3702051282051282, 0.5022051282051282, 0.5916153846153847, 0.5286666666666666, 0.6276923076923077, 0.14]"
Virtual_2D_response_surface,,40.55405372920616,13.158099886852524,18.740127825318186,,0.4725206243032331,54.339871794871804,0.6433589743589744,0.1667613129839352,0.4924502629363955,0.2836933391632683,16.311219062204753,4.62738420158042,"[0.05376923076923077, 0.10617948717948718, 0.19823076923076924, 0.2937435897435897, 0.38546153846153847, 0.5212820512820513, 0.6230256410256411, 0.5404871794871795, 0.6433589743589744, 0.14792307692307693]"
Virtual_2D_response_surface,,36.38934288132707,16.047339855008445,17.124690713649382,,0.46344180602006696,53.2958076923077,0.646948717948718,0.1878687035109224,0.39055210685119984,0.401302602312359,18.022705728698327,7.232558709636499,"[0.049, 0.09653846153846155, 0.1823846153846154, 0.2751794871794872, 0.3628461538461539, 0.5113076923076924, 0.6054871794871794, 0.5264615384615384, 0.646948717948718, 0.12776923076923077]"
Virtual_2D_response_surface,,38.57308409688357,16.102241573015682,16.100126860397804,,0.44024448160535123,50.62811538461539,0.609025641025641,0.18817582838235983,0.38862931404099377,0.42562929653778303,17.148577593487854,7.298937017739823,"[0.04346153846153846, 0.09, 0.17207692307692307, 0.260025641025641, 0.3495897435897436, 0.48417948717948717, 0.5888205128205128, 0.5062820512820513, 0.609025641025641, 0.11843589743589744]"
Virtual_2D_response_surface,,53.00258972945903,10.676804994780898,17.671019225855773,,0.418274358974359,48.10155128205128,0.562923076923077,0.15247105269359842,0.5812549844631144,0.24605013751895286,13.201369488305044,3.2481987780359645,"[0.050743589743589744, 0.10041025641025642, 0.18407692307692308, 0.261025641025641, 0.348, 0.4471025641025641, 0.5538974358974359, 0.48502564102564105, 0.562923076923077, 0.12984615384615383]"
Virtual_2D_response_surface,,28.89621180417484,19.52988773174148,17.71982144254671,,0.4859491638795987,55.88415384615385,0.6695128205128205,0.18789747775897467,0.2694420756707364,0.5211083053405413,18.900884797896264,9.849408046468522,"[0.05353846153846154, 0.1026923076923077, 0.19815384615384615, 0.2915384615384615, 0.40125641025641023, 0.5471538461538461, 0.6403846153846153, 0.5554871794871795, 0.6695128205128205, 0.13230769230769232]"
Virtual_2D_response_surface,,23.986282026443334,24.615555480386913,16.93664652286392,,0.4725953177257525,54.348461538461535,0.656025641025641,0.19394057082577965,0.1166386385971324,0.7636195571055043,18.97266897768989,14.487901081852895,"[0.04741025641025641, 0.10046153846153846, 0.18264102564102563, 0.2774102564102564, 0.3801025641025641, 0.5349487179487179, 0.637974358974359, 0.5348205128205128, 0.656025641025641, 0.13017948717948719]"
Virtual_2D_response_surface,,48.21430856231783,9.882966656082925,20.98634107932697,,0.47059409141583053,54.11832051282051,0.6301025641025642,0.1423968113436814,0.6099709647897427,0.17419731505065003,13.871297297341775,2.4163427454662756,"[0.056205128205128206, 0.11758974358974358, 0.20910256410256411, 0.2898205128205128, 0.39456410256410257, 0.5039230769230769, 0.6125384615384616, 0.5476153846153846, 0.6301025641025642, 0.15333333333333332]"
Virtual_2D_response_surface,,37.51268358038595,14.836132015274579,17.968059500873526,,0.461876254180602,53.11576923076923,0.6284102564102564,0.17059680038330738,0.433094081088844,0.3456395036597982,16.310484505201245,5.637547768828587,"[0.05087179487179487, 0.09997435897435897, 0.19225641025641024, 0.2875641025641026, 0.3771025641025641, 0.5098974358974359, 0.6131794871794872, 0.5373589743589744, 0.6284102564102564, 0.12517948717948718]"
Virtual_2D_response_surface,,27.965729580686215,18.129472745162374,19.72371290294324,,0.5209963210702341,59.91457692307692,0.7114615384615385,0.17725262064771297,0.31794299449283453,0.4248145576921695,19.116028394305868,8.120767147158,"[0.05846153846153846, 0.11474358974358974, 0.21269230769230768, 0.31853846153846155, 0.4315897435897436, 0.5874102564102565, 0.6975641025641026, 0.5957692307692307, 0.7114615384615385, 0.1504102564102564]"
Virtual_2D_response_surface,,23.702252568749515,24.623883792476576,17.13380522022449,,0.47252151616499444,54.33997435897436,0.656,0.19108710756676883,0.1263145236384148,0.7441910683172919,18.69060334591583,13.909380071491851,"[0.04964102564102564, 0.09938461538461539, 0.1894102564102564, 0.2857692307692308, 0.39074358974358975, 0.534025641025641, 0.6444615384615384, 0.5310769230769231, 0.656, 0.12533333333333332]"
Virtual_2D_response_surface,,43.15389474237873,14.522964482052638,15.956025688329815,,0.42457313266443697,48.82591025641025,0.5787435897435897,0.17847862731157157,0.44413331013370283,0.38005313667639296,15.685886591643754,5.961470400704384,"[0.04628205128205128, 0.09105128205128205, 0.1727179487179487, 0.25525641025641027, 0.3421025641025641, 0.4685128205128205, 0.570923076923077, 0.4916923076923077, 0.5787435897435897, 0.12143589743589743]"
Virtual_2D_response_surface,,40.870201941665016,11.508068387882254,21.26134733385861,,0.49522508361204015,56.950884615384616,0.6586923076923077,0.14760324429347116,0.5513523439627795,0.20183115707790056,15.131043602305027,3.053916038049388,"[0.060974358974358975, 0.12282051282051282, 0.2218974358974359, 0.32766666666666666, 0.4085384615384615, 0.5468974358974359, 0.6488717948717949, 0.5741025641025641, 0.6586923076923077, 0.1657179487179487]"
Virtual_2D_response_surface,,28.4324569310401,16.94190685749723,20.759807412778308,,0.53118127090301,61.08584615384615,0.717,0.16799240588271372,0.35927923896130576,0.36123595452367385,18.471524869378673,6.672578917697785,"[0.057923076923076924, 0.118, 0.22525641025641024, 0.3344358974358974, 0.443025641025641, 0.5988205128205129, 0.6983589743589743, 0.6145128205128205, 0.717, 0.15946153846153846]"
Virtual_2D_response_surface,,46.65363536762081,12.316232898640676,17.403500758813664,,0.43718361204013373,50.27611538461538,0.594974358974359,0.16591223655930643,0.5224313668216903,0.2890272964372,15.014560948155527,4.339617958036954,"[0.048435897435897435, 0.10243589743589744, 0.18092307692307694, 0.2712051282051282, 0.3537179487179487, 0.47825641025641025, 0.5743589743589743, 0.5029743589743589, 0.594974358974359, 0.1343076923076923]"
Virtual_2D_response_surface,,34.72147293455303,14.097976985639896,20.42890375825706,,0.510280602006689,58.682269230769236,0.6968205128205128,0.16545464979371485,0.4591416077999798,0.2778983301772562,17.476657748419342,4.856734005365141,"[0.05705128205128205, 0.1182051282051282, 0.22123076923076923, 0.3222820512820513, 0.4265128205128205, 0.5675641025641026, 0.6676666666666666, 0.5828461538461538, 0.6968205128205128, 0.14576923076923076]"
Virtual_2D_response_surface,,36.48180758400842,11.327010410150177,24.199609162516193,,0.5422839464882943,62.36265384615384,0.7218717948717949,0.14135256674627086,0.557851618932505,0.15834869794662335,15.867218142473483,2.5125533328957155,"[0.06641025641025641, 0.13915384615384616, 0.2558974358974359, 0.36025641025641025, 0.4525128205128205, 0.6025384615384616, 0.7055897435897436, 0.6222820512820513, 0.7218717948717949, 0.1861025641025641]"
Virtual_2D_response_surface,,37.58695782465398,11.547190692224074,23.040212775801585,,0.5188478260869565,59.66749999999999,0.6823846153846154,0.14021603314755093,0.5499489887691166,0.17731926755782632,15.05941228409669,2.670323956067357,"[0.06546153846153846, 0.13056410256410256, 0.24284615384615385, 0.34325641025641024, 0.43623076923076926, 0.5857179487179487, 0.6871794871794872, 0.6076666666666667, 0.6823846153846154, 0.16664102564102565]"
Virtual_2D_response_surface,,24.303184718448065,23.285785741185308,17.67038105989447,,0.48902865105908583,56.23829487179487,0.6794102564102564,0.19211989075857716,0.14051664454371476,0.7125036707576714,19.448091120992185,13.856836312936608,"[0.05028205128205128, 0.10530769230769231, 0.19346153846153846, 0.2921025641025641, 0.4052307692307692, 0.5446153846153846, 0.6592051282051282, 0.5497948717948717, 0.6794102564102564, 0.1351025641025641]"
Virtual_2D_response_surface,,36.85561136539086,17.705697617604404,15.324394983574525,,0.43683210702341135,50.235692307692304,0.6079743589743589,0.19999738318773702,0.33267092188064706,0.4985941660690723,18.084612607493025,9.016882341715215,"[0.04358974358974359, 0.08646153846153846, 0.16607692307692307, 0.2468974358974359, 0.3468974358974359, 0.4808974358974359, 0.5787692307692308, 0.5012307692307693, 0.6079743589743589, 0.11815384615384615]"
Virtual_2D_response_surface,,24.121488223528996,21.797312098864374,19.01923122937648,,0.5149683389074693,59.22135897435897,0.7198461538461538,0.18830809445589378,0.19142244929945368,0.6083409454382093,20.07335026718997,12.211440879654676,"[0.05761538461538462, 0.10846153846153846, 0.20892307692307693, 0.3051794871794872, 0.42033333333333334, 0.5729487179487179, 0.6965128205128205, 0.5717179487179487, 0.7198461538461538, 0.14710256410256412]"
Virtual_2D_response_surface,,40.18323116310013,11.830255241821645,21.035896699375183,,0.49435429208472687,56.85074358974359,0.6638717948717948,0.1508092215700126,0.5398054223542681,0.21220674594796707,15.432509495602108,3.274882621872826,"[0.060076923076923076, 0.11848717948717949, 0.21971794871794872, 0.31353846153846154, 0.4145384615384615, 0.5450512820512821, 0.6491538461538462, 0.5695128205128205, 0.6638717948717948, 0.15884615384615386]"
Virtual_2D_response_surface,,33.965428284674914,18.418861696205095,15.984539088126148,,0.44830278706800447,51.55482051282051,0.6212820512820513,0.1947967337318648,0.30789952618193556,0.5107432988836133,18.076879159253963,9.232644895317806,"[0.04666666666666667, 0.09212820512820513, 0.17602564102564103, 0.2647948717948718, 0.3707948717948718, 0.503948717948718, 0.5966923076923077, 0.5107692307692308, 0.6212820512820513, 0.118]"
Virtual_2D_response_surface,,34.31263927997365,16.248710123210476,17.936057370746354,,0.47780735785953177,54.94784615384615,0.6567435897435897,0.18060404735108865,0.3835019030766466,0.3910044818443534,17.862846135497215,6.9844528974754985,"[0.050923076923076925, 0.10148717948717949, 0.196, 0.2924102564102564, 0.38533333333333336, 0.5322564102564102, 0.6223076923076923, 0.5490512820512821, 0.6567435897435897, 0.13497435897435897]"
Virtual_2D_response_surface,,37.76188367900654,11.808670399362947,22.425665968950113,,0.5112198439241917,58.79028205128205,0.6771538461538461,0.14331932656723106,0.5405782840345074,0.19109657111998632,15.166410538117168,2.8982490500322173,"[0.060794871794871794, 0.12561538461538463, 0.23197435897435897, 0.3453846153846154, 0.43525641025641026, 0.5794615384615385, 0.6781282051282052, 0.5922307692307692, 0.6771538461538461, 0.16266666666666665]"
Virtual_2D_response_surface,,26.089221443291184,20.746396492728554,18.475500291971063,,0.49996399108138245,57.49585897435898,0.6893076923076923,0.18491906751810952,0.22750896030851242,0.56336412749044,19.137745129844145,10.781519087209062,"[0.05328205128205128, 0.10356410256410256, 0.19564102564102565, 0.29943589743589744, 0.41517948717948716, 0.5632307692307692, 0.6828461538461539, 0.565, 0.6893076923076923, 0.14253846153846153]"
Virtual_2D_response_surface,,41.9843197020009,13.50316297053709,17.639138503475493,,0.45503823857302117,52.329397435897434,0.6247692307692307,0.17328315957483093,0.480202160477121,0.3146324724658913,16.322045987410856,5.135445684721058,"[0.05028205128205128, 0.10484615384615385, 0.19230769230769232, 0.28107692307692306, 0.37525641025641027, 0.5050769230769231, 0.5933333333333334, 0.5147435897435897, 0.6247692307692307, 0.13943589743589743]"
Virtual_2D_response_surface,,27.97389676460411,19.03351589730199,18.78140219533187,,0.5084354515050167,58.47007692307692,0.6962820512820512,0.18344276543693994,0.286604112315426,0.4795777268781573,19.3066426909437,9.25903581537157,"[0.05476923076923077, 0.10758974358974359, 0.2041025641025641, 0.31046153846153846, 0.4188205128205128, 0.569923076923077, 0.666025641025641, 0.5858461538461538, 0.6962820512820512, 0.14256410256410257]"
Virtual_2D_response_surface,,37.48921809504342,15.255445106416039,17.485124700117854,,0.46564381270903016,53.549038461538466,0.6452051282051282,0.18236753897878352,0.4183392182093498,0.36840024948272504,17.57809144603979,6.475773274151213,"[0.05246153846153846, 0.10025641025641026, 0.1844102564102564, 0.2867179487179487, 0.3677179487179487, 0.5133589743589744, 0.6124615384615385, 0.5297179487179488, 0.6452051282051282, 0.13182051282051283]"
Virtual_2D_response_surface,,28.995014105184495,17.8634897898299,19.306803193107257,,0.5131171683389074,59.008474358974354,0.7011794871794872,0.17876510647042793,0.32718411752277304,0.4221630612951906,18.98758116259122,8.015855390190403,"[0.05728205128205128, 0.11102564102564103, 0.21015384615384616, 0.3158974358974359, 0.42943589743589744, 0.579076923076923, 0.6756153846153846, 0.5864871794871794, 0.7011794871794872, 0.14969230769230768]"
Virtual_2D_response_surface,,48.910001779193834,11.933243841919445,17.1334099507744,,0.4320503901895206,49.68579487179487,0.5943076923076923,0.16888126883847895,0.5361192452944487,0.28536475763149716,15.103800146154796,4.310092268022035,"[0.04815384615384615, 0.09715384615384616, 0.18107692307692308, 0.25774358974358974, 0.3434358974358974, 0.45864102564102566, 0.5627435897435897, 0.4942051282051282, 0.5943076923076923, 0.1347948717948718]"
Virtual_2D_response_surface,,30.97225635233713,18.296509430664358,17.646513428775314,,0.47892285395763656,55.07612820512821,0.6606923076923077,0.18574056371047099,0.3121444885770278,0.47143533897365913,18.41376797965923,8.68090094927296,"[0.051256410256410256, 0.103, 0.19384615384615383, 0.2917179487179487, 0.3941025641025641, 0.537, 0.6375897435897436, 0.5436410256410257, 0.6606923076923077, 0.1336923076923077]"
Virtual_2D_response_surface,,15.0,30.0,22.22222222222222,,0.49334247491638794,56.73438461538461,0.6622820512820513,0.14120693362953415,0.4273243622128776,0.27351959886775273,14.420319269214742,3.9442399420605416,"[0.06402564102564103, 0.12338461538461538, 0.2246923076923077, 0.31258974358974356, 0.42538461538461536, 0.5567692307692308, 0.639948717948718, 0.5594615384615385, 0.6622820512820513, 0.1686923076923077]"
Virtual_2D_response_surface,,31.991664762975912,18.042426942749515,17.324798986238772,,0.4781358974358974,54.9856282051282,0.6577692307692308,0.18905765418915121,0.320966191662775,0.46807413489364375,18.71181698864106,8.758517549246351,"[0.051256410256410256, 0.10187179487179487, 0.18856410256410255, 0.28812820512820514, 0.38766666666666666, 0.5291538461538462, 0.6403846153846153, 0.5484102564102564, 0.6577692307692308, 0.13264102564102564]"
Virtual_2D_response_surface,,20.598574587259925,30.0,16.182349507790587,,0.4313451505016722,49.604692307692304,0.5994102564102564,0.18324355280122215,0.23259499716861842,0.5981927596088538,16.361532097331388,9.7873500367315,"[0.04682051282051282, 0.09623076923076923, 0.1722820512820513, 0.25325641025641027, 0.362025641025641, 0.48256410256410254, 0.5608974358974359, 0.48407692307692307, 0.5994102564102564, 0.12592307692307692]"
Virtual_2D_response_surface,,43.15626243309767,13.869824503115558,16.706489754845958,,0.43426432552954286,49.94039743589743,0.5941538461538461,0.17416052270979354,0.46721208808078796,0.34452706452884474,15.655762299187312,5.3938338279003615,"[0.047461538461538465, 0.0981025641025641, 0.18212820512820513, 0.2692820512820513, 0.3472051282051282, 0.4726666666666667, 0.5738717948717948, 0.5008461538461538, 0.5941538461538461, 0.12317948717948718]"
Virtual_2D_response_surface,,39.56150899929911,12.505860688996131,20.21219897593134,,0.4868220735785953,55.98453846153846,0.6542307692307693,0.15536716329640488,0.5156656241636833,0.24101783651300498,15.65668607260987,3.773540604183728,"[0.05794871794871795, 0.11405128205128205, 0.21217948717948718, 0.31153846153846154, 0.4021794871794872, 0.536923076923077, 0.6511025641025641, 0.5618205128205128, 0.6542307692307693, 0.15207692307692308]"
Virtual_2D_response_surface,,24.141756150004362,24.198865304685416,17.117334552668805,,0.478085618729097,54.979846153846154,0.6601025641025641,0.19284912717603014,0.1113455459301252,0.770902218010079,19.085067617474966,14.712720957183784,"[0.051153846153846154, 0.10207692307692308, 0.18779487179487178, 0.28312820512820513, 0.3823846153846154, 0.54, 0.6457692307692308, 0.5442051282051282, 0.6601025641025641, 0.13343589743589743]"
Virtual_2D_response_surface,,36.51296210851661,13.452630751850705,20.358496970995155,,0.5056371237458194,58.14826923076923,0.6853846153846154,0.16284878219026383,0.481994390784164,0.261950096475272,17.044874695264244,4.464906570833391,"[0.05630769230769231, 0.1163076923076923, 0.21187179487179486, 0.3202820512820513, 0.41605128205128206, 0.5635641025641026, 0.663923076923077, 0.5827179487179487, 0.6853846153846154, 0.151974358974359]"
Virtual_2D_response_surface,,31.754326264824314,18.811659969233492,16.7405598256855,,0.4707602006688964,54.137423076923085,0.6536410256410257,0.19593796964626004,0.29428490445831534,0.5104044042417949,19.093638167231205,9.74547701355404,"[0.04730769230769231, 0.09633333333333334, 0.18405128205128204, 0.2793846153846154, 0.37066666666666664, 0.5228205128205128, 0.63, 0.5367435897435897, 0.6536410256410257, 0.12894871794871796]"
Virtual_2D_response_surface,,28.174419161541827,19.15330175103221,18.531107596915103,,0.5010016722408026,57.6151923076923,0.6872307692307692,0.1835194370329045,0.28245967219207074,0.48940178300969195,19.032313782330395,9.31444829987243,"[0.052384615384615384, 0.10787179487179487, 0.20643589743589744, 0.30338461538461536, 0.4077948717948718, 0.5650512820512821, 0.6683076923076923, 0.5756153846153846, 0.6872307692307692, 0.13564102564102565]"
Virtual_2D_response_surface,,29.59876639509212,21.482687312942076,15.726706495294234,,0.45712419175027863,52.569282051282045,0.640051282051282,0.20669408353663532,0.2022130852960019,0.6478182589172821,19.558367236383543,12.6702674103388,"[0.04535897435897436, 0.09384615384615384, 0.1722051282051282, 0.25864102564102565, 0.3626923076923077, 0.5095128205128205, 0.609025641025641, 0.5188974358974359, 0.640051282051282, 0.12084615384615384]"
Virtual_2D_response_surface,,45.065949236025254,11.259966842637615,19.706720870039216,,0.4622605351170569,53.159961538461545,0.6172307692307692,0.14948351172911548,0.5602601377084055,0.22151320448309722,14.3037679214771,3.1684734684689233,"[0.05428205128205128, 0.11538461538461539, 0.20605128205128206, 0.2956666666666667, 0.3889230769230769, 0.5141538461538462, 0.6027179487179487, 0.5358974358974359, 0.6172307692307692, 0.14851282051282053]"
Virtual_2D_response_surface,,36.477410622484626,13.540408680188706,20.24623276256392,,0.502051282051282,57.735897435897435,0.6861794871794872,0.16417254825673228,0.4788814732261326,0.26617262173479733,17.06156893429311,4.541322534149769,"[0.05525641025641025, 0.11617948717948717, 0.21366666666666667, 0.3222564102564103, 0.4116923076923077, 0.5503589743589744, 0.6604615384615384, 0.573025641025641, 0.6861794871794872, 0.14715384615384616]"
Virtual_2D_response_surface,,27.746516531555287,20.99470112622826,17.16650311194498,,0.4757501672240803,54.71126923076923,0.6593333333333333,0.1918588197440748,0.21897135273888266,0.598598041003055,18.89431117436826,11.310097655078971,"[0.0488974358974359, 0.09646153846153846, 0.18676923076923077, 0.28297435897435896, 0.38246153846153846, 0.5268461538461539, 0.6416666666666667, 0.5427435897435897, 0.6593333333333333, 0.12771794871794873]"
Virtual_2D_response_surface,,31.781744739249145,17.824144235924336,17.652799026710174,,0.48224760312151616,55.45847435897436,0.664923076923077,0.18716296840337332,0.3285519331911893,0.453036902484099,18.68359083146641,8.464356117567855,"[0.050666666666666665, 0.10020512820512821, 0.1888974358974359, 0.2916410256410256, 0.38805128205128203, 0.5371025641025641, 0.6325384615384615, 0.5520769230769231, 0.664923076923077, 0.13876923076923076]"
Virtual_2D_response_surface,,48.58211305795754,11.133075102686961,18.488788774831416,,0.44588193979933116,51.27642307692308,0.6032820512820513,0.1568579833552875,0.5648215541438224,0.2403563991576056,14.477609371533626,3.4797860569522276,"[0.05171794871794872, 0.10223076923076924, 0.19317948717948719, 0.27079487179487177, 0.36935897435897436, 0.4896923076923077, 0.5747179487179487, 0.5154102564102564, 0.6032820512820513, 0.14166666666666666]"
Virtual_2D_response_surface,,35.300767805011716,13.84157601476278,20.465874485544237,,0.5081976588628763,58.44273076923077,0.6844102564102564,0.16154107186606695,0.4682119879523858,0.270317126462586,16.99362246823472,4.593667193803247,"[0.05853846153846154, 0.11792307692307692, 0.22082051282051282, 0.32356410256410256, 0.4174871794871795, 0.5724358974358974, 0.6634615384615384, 0.5916666666666667, 0.6844102564102564, 0.14794871794871794]"
Virtual_2D_response_surface,,31.497698667544526,19.8111127058628,16.02552652844098,,0.4525440356744705,52.04256410256411,0.6264358974358974,0.19622447080912178,0.2597323676288358,0.566525766219953,18.38164428103579,10.413675110696417,"[0.049025641025641026, 0.09546153846153846, 0.1794871794871795, 0.265025641025641, 0.366948717948718, 0.5066410256410256, 0.6125897435897436, 0.5148461538461538, 0.6264358974358974, 0.12174358974358974]"
Virtual_2D_response_surface,,24.320362372070186,24.0682883454013,17.083810780529156,,0.4718068004459309,54.25778205128205,0.6452307692307693,0.18780462837303186,0.11384645115713948,0.7668095146549683,18.341752670074772,14.064630462861505,"[0.050487179487179484, 0.1026923076923077, 0.18682051282051282, 0.28105128205128205, 0.3862820512820513, 0.5254871794871795, 0.6452307692307693, 0.543, 0.6452307692307693, 0.12976923076923078]"
Virtual_2D_response_surface,,47.08388110584943,11.892865276307873,17.858346551872778,,0.44080680044593085,50.692782051282045,0.6009230769230769,0.16275321100753426,0.5375642017785998,0.2696669399727617,14.850743496752253,4.004754555089571,"[0.046538461538461535, 0.1005897435897436, 0.1875128205128205, 0.27315384615384614, 0.35146153846153844, 0.48005128205128206, 0.5742820512820512, 0.5065897435897436, 0.6009230769230769, 0.13866666666666666]"
Virtual_2D_response_surface,,30.221712027169403,17.991751419415355,18.391091067076978,,0.49313288740245265,56.71028205128206,0.6723333333333333,0.1802437955545354,0.3227266825977442,0.44473758731916463,18.39901767100438,8.182734728045164,"[0.05328205128205128, 0.10707692307692308, 0.20292307692307693, 0.299, 0.4046153846153846, 0.5485128205128205, 0.6587692307692308, 0.5717435897435897, 0.6723333333333333, 0.13392307692307692]"
Virtual_2D_response_surface,,52.193515712594106,11.548944975916283,16.589799460417257,,0.4078059085841695,46.89767948717949,0.5533076923076923,0.16102229392551823,0.549886069025097,0.28783166025341106,13.592829475456853,3.9124466754622484,"[0.04774358974358974, 0.09525641025641025, 0.17561538461538462, 0.25346153846153846, 0.3257948717948718, 0.4399487179487179, 0.5348717948717949, 0.4726153846153846, 0.5533076923076923, 0.1238974358974359]"
Virtual_2D_response_surface,,36.74676210671372,17.065523930901474,15.946350147650639,,0.44592040133779265,51.280846153846156,0.6202820512820513,0.1949916148504183,0.35496710356963673,0.4617429757178231,17.998803004381784,8.31082085860214,"[0.043974358974358974, 0.08958974358974359, 0.1706153846153846, 0.2662564102564103, 0.35928205128205126, 0.48994871794871797, 0.5836153846153846, 0.5086410256410256, 0.6202820512820513, 0.12333333333333334]"
Virtual_2D_response_surface,,36.21873720620464,17.804857698786915,15.507014348608568,,0.44061382385730213,50.670589743589744,0.6209743589743589,0.20241203622767323,0.3292224915947057,0.49809907021581207,18.4614070443427,9.195609683662742,"[0.04338461538461538, 0.09017948717948718, 0.16523076923076924, 0.2623846153846154, 0.35484615384615387, 0.4848717948717949, 0.5858461538461538, 0.4928205128205128, 0.6209743589743589, 0.11692307692307692]"
Virtual_2D_response_surface,,45.20320970887541,11.763801400392019,18.805420219512367,,0.45368862876254173,52.1741923076923,0.6085897435897436,0.15533504766343914,0.5421851816469554,0.24859414131840848,14.588065168050282,3.6265075339484443,"[0.05076923076923077, 0.10776923076923077, 0.20207692307692307, 0.2848205128205128, 0.3796923076923077, 0.4878205128205128, 0.6017692307692307, 0.5273076923076923, 0.6085897435897436, 0.14135897435897435]"
Virtual_2D_response_surface,,40.18806922698173,13.935988497017492,17.85521479797562,,0.45817580824972126,52.690217948717944,0.6292051282051282,0.17219443342843796,0.4648706814501535,0.3220192469165826,16.33133200842072,5.259003234496321,"[0.05169230769230769, 0.10294871794871795, 0.19115384615384615, 0.28605128205128205, 0.3771794871794872, 0.4988205128205128, 0.6098461538461538, 0.5197179487179487, 0.6292051282051282, 0.13564102564102565]"
Virtual_2D_response_surface,,45.854916805155625,12.521373986797373,17.41654887967516,,0.43823255295429214,50.39674358974359,0.5968717948717949,0.166404993827764,0.5151124545459187,0.2938273717055237,15.095285650783238,4.435408107913744,"[0.04976923076923077, 0.10261538461538462, 0.1854871794871795, 0.2681794871794872, 0.3476666666666667, 0.474, 0.5817692307692308, 0.5052307692307693, 0.5968717948717949, 0.13307692307692306]"
Virtual_2D_response_surface,,42.0684484042236,14.70929187354613,16.160386372668956,,0.4383021181716834,50.40474358974359,0.6082307692307692,0.1869767758427733,0.437563195348551,0.3808536230648194,16.964129598465515,6.460850219716732,"[0.04733333333333333, 0.09207692307692307, 0.17474358974358975, 0.25833333333333336, 0.3526410256410256, 0.47117948717948716, 0.5751025641025641, 0.5002820512820513, 0.6082307692307692, 0.12456410256410257]"
Virtual_2D_response_surface,,23.284863078975846,21.58246462642213,19.8987260809928,,0.5220261984392418,60.03301282051281,0.7089230769230769,0.1745388358430723,0.19878985341016744,0.5827384121285515,18.860565905720172,10.990776227745268,"[0.056282051282051285, 0.11412820512820512, 0.21756410256410255, 0.32284615384615384, 0.44335897435897437, 0.6039230769230769, 0.7065641025641025, 0.5962051282051282, 0.7089230769230769, 0.1484871794871795]"
Virtual_2D_response_surface,,21.79716102419031,26.42260423994982,17.36298729955201,,0.4665465997770346,53.65285897435898,0.6323333333333333,0.17938539652281843,0.19142762806633878,0.6352413374676665,17.324170887056837,11.005029484812397,"[0.052333333333333336, 0.10258974358974358, 0.19025641025641027, 0.28076923076923077, 0.39474358974358975, 0.537974358974359, 0.6334615384615384, 0.5372564102564102, 0.6323333333333333, 0.13053846153846155]"
Virtual_2D_response_surface,,36.06276022033684,16.913965759892836,16.394402325085565,,0.4506794871794871,51.82814102564102,0.6267692307692307,0.1907299177876428,0.3602542169899484,0.4465105259087913,17.793318738432365,7.944904107560187,"[0.046564102564102566, 0.09297435897435898, 0.17933333333333334, 0.27097435897435895, 0.3535641025641026, 0.49846153846153846, 0.6012564102564103, 0.5124871794871795, 0.6267692307692307, 0.1226923076923077]"
Virtual_2D_response_surface,,21.905534258288807,23.767823433927312,19.20687622849076,,0.5077753623188406,58.39416666666666,0.6855384615384615,0.17493880430699385,0.18771328723863556,0.6112814855385111,18.38773025130597,11.240079063699735,"[0.058076923076923075, 0.11305128205128205, 0.21297435897435898, 0.30864102564102563, 0.4295128205128205, 0.5822564102564103, 0.697076923076923, 0.583076923076923, 0.6855384615384615, 0.1478974358974359]"
Virtual_2D_response_surface,,27.90311826885513,18.611507659300603,19.255983482900465,,0.5068166109253066,58.28391025641026,0.6928974358974359,0.17671465007190673,0.3012197739980615,0.4530108193195188,18.53931745041112,8.398511387835393,"[0.052333333333333336, 0.11156410256410257, 0.21156410256410257, 0.3101282051282051, 0.4143846153846154, 0.5737179487179487, 0.6781025641025641, 0.580076923076923, 0.6928974358974359, 0.1438205128205128]"
Virtual_2D_response_surface,,18.621548246552603,18.38425593093902,29.21044385298487,,0.6481608695652173,74.5385,0.8433076923076923,0.13627368761711164,0.3090999570363031,0.291531295170131,18.283745276006535,5.330283940874949,"[0.08325641025641026, 0.1675897435897436, 0.3122820512820513, 0.4503846153846154, 0.5764871794871795, 0.739, 0.8338461538461538, 0.7584102564102564, 0.8433076923076923, 0.21717948717948718]"
Virtual_2D_response_surface,,27.618293473260632,22.924819026690013,15.794185845462513,,0.4532774804905239,52.12691025641025,0.6364615384615384,0.2040616404582543,0.15284037968193598,0.7192462910098368,19.1467850740979,13.771254149307417,"[0.044307692307692305, 0.09123076923076923, 0.16612820512820514, 0.2592820512820513, 0.3637948717948718, 0.5046923076923077, 0.6106923076923076, 0.5097435897435898, 0.6364615384615384, 0.12223076923076923]"
Virtual_2D_response_surface,,44.66511785934611,11.724284127678406,19.096122019801772,,0.46089464882943143,53.002884615384616,0.6239230769230769,0.15710480111634212,0.5436007866298586,0.24240602842627537,14.988613762966375,3.6333303338960894,"[0.05466666666666667, 0.10994871794871795, 0.2046923076923077, 0.297, 0.37341025641025644, 0.5135384615384615, 0.6025641025641025, 0.5277179487179487, 0.6239230769230769, 0.14464102564102563]"
Virtual_2D_response_surface,,25.847808825798236,20.4270751028113,18.939568551896457,,0.5101515050167225,58.66742307692308,0.7006923076923077,0.1829646517823647,0.23849889816181372,0.5397453002779601,19.32131634162822,10.42858969057758,"[0.05294871794871795, 0.10823076923076923, 0.20123076923076924, 0.30330769230769233, 0.42415384615384616, 0.5757948717948718, 0.6868205128205128, 0.583076923076923, 0.7006923076923077, 0.14146153846153847]"
Virtual_2D_response_surface,,35.1817216687679,12.508269145246103,22.724047791037684,,0.5325566332218507,61.24401282051282,0.7115128205128205,0.1494290161536776,0.5155797407253085,0.20200854201565124,16.47293864593041,3.327674318577678,"[0.06335897435897436, 0.1271025641025641, 0.2393076923076923, 0.3528205128205128, 0.4441282051282051, 0.5951794871794872, 0.6915641025641026, 0.6186923076923077, 0.7115128205128205, 0.1655897435897436]"
Virtual_2D_response_surface,,34.477654667252104,16.54549370387306,17.530025745612722,,0.46778494983277596,53.795269230769236,0.6463076923076924,0.18217104580465573,0.37312246534831034,0.40945059584626237,17.63989281920205,7.222664625486484,"[0.04848717948717949, 0.09992307692307692, 0.18671794871794872, 0.28523076923076923, 0.37325641025641026, 0.5211282051282051, 0.6294871794871795, 0.5332307692307693, 0.6463076923076924, 0.12756410256410255]"
Virtual_2D_response_surface,,15.0,30.0,22.22222222222222,,0.4944268673355629,56.859089743589735,0.6572564102564102,0.1399999874041854,0.4273243622128776,0.27351959886775273,14.328489326248818,3.919122652896453,"[0.06225641025641026, 0.12074358974358974, 0.2198974358974359, 0.3212564102564103, 0.4349230769230769, 0.5711282051282052, 0.6624358974358975, 0.560974358974359, 0.6572564102564102, 0.17066666666666666]"
Virtual_2D_response_surface,,30.821442861763813,19.531949704638624,16.611216438376392,,0.46242619843924193,53.179012820512824,0.6396923076923077,0.19250611956585237,0.26937084746662615,0.5428851666406388,18.427113720755347,10.003806702998268,"[0.04851282051282051, 0.101, 0.18305128205128204, 0.2785384615384615, 0.363, 0.5131282051282051, 0.6197435897435898, 0.5297435897435897, 0.6396923076923077, 0.12310256410256411]"
Virtual_2D_response_surface,,48.00735965905936,11.089964449164722,18.782873130066566,,0.44597369007803783,51.28697435897435,0.6068717948717949,0.1550361631328632,0.5663721280857623,0.23403498565993985,14.312404301956054,3.3496033355675467,"[0.05325641025641026, 0.1034102564102564, 0.19333333333333333, 0.27353846153846156, 0.3617435897435897, 0.4887948717948718, 0.5897435897435898, 0.5076153846153846, 0.6068717948717949, 0.1453076923076923]"
Virtual_2D_response_surface,,26.09179752298485,16.377251347713557,23.40210836181175,,0.574889409141583,66.11228205128205,0.7752307692307693,0.1597144951323652,0.37900478020139755,0.29794626160294874,19.006361549764275,5.662874370426293,"[0.06471794871794871, 0.13553846153846155, 0.25135897435897436, 0.375974358974359, 0.4865897435897436, 0.6428974358974359, 0.7546153846153846, 0.6591282051282051, 0.7752307692307693, 0.17623076923076922]"
Virtual_2D_response_surface,,47.06017846901695,11.336322195485614,18.74451679413488,,0.4496993311036789,51.715423076923074,0.6074615384615385,0.15559072970446433,0.5575171783994102,0.24010965197791295,14.4835927443244,3.4776504132295565,"[0.05430769230769231, 0.1061025641025641, 0.19938461538461538, 0.2793333333333333, 0.372974358974359, 0.4877692307692308, 0.5835384615384616, 0.5204102564102564, 0.6074615384615385, 0.1392051282051282]"
Virtual_2D_response_surface,,36.68998916604863,14.038878014524444,19.41422310101937,,0.48990445930880716,56.33901282051282,0.6652051282051282,0.16636606081917168,0.4612312200684923,0.29451150141073495,16.871219340101153,4.96876813848302,"[0.05448717948717949, 0.1101025641025641, 0.21271794871794872, 0.3035128205128205, 0.4047179487179487, 0.5366410256410257, 0.6475641025641026, 0.5665897435897436, 0.6652051282051282, 0.14092307692307693]"
Virtual_2D_response_surface,,51.96291295215114,10.38684605029172,18.527755731557217,,0.42798260869565224,49.21800000000001,0.5743076923076923,0.14769363940510474,0.591725027282276,0.22387090841381563,13.084533979632806,2.9292465081918344,"[0.05407692307692308, 0.10535897435897436, 0.19423076923076923, 0.2683589743589744, 0.35733333333333334, 0.48025641025641025, 0.5617948717948718, 0.4938717948717949, 0.5743076923076923, 0.13315384615384615]"
Virtual_2D_response_surface,,28.01906049959821,14.706724134069711,24.267804349767204,,0.5742968784838351,66.04414102564104,0.7614102564102564,0.14978622286069473,0.4376536960749559,0.23458521839455132,17.80650436735768,4.177142715860133,"[0.06984615384615385, 0.13833333333333334, 0.2557948717948718, 0.384974358974359, 0.4858717948717949, 0.6497179487179487, 0.7458974358974358, 0.6721282051282051, 0.7614102564102564, 0.17705128205128204]"
Virtual_2D_response_surface,,31.83257457894158,17.887509649390577,17.562177155621406,,0.4861314381270903,55.905115384615385,0.6741538461538461,0.19172223610748826,0.3263491915895476,0.4572907560534506,19.29285671649409,8.822445034316475,"[0.05023076923076923, 0.10171794871794872, 0.19638461538461538, 0.2911025641025641, 0.38897435897435895, 0.5322564102564102, 0.6328461538461538, 0.5568461538461539, 0.6741538461538461, 0.13266666666666665]"
Virtual_2D_response_surface,,35.58187128472864,17.560785110643916,16.00395373283664,,0.44948795986622075,51.69111538461539,0.6263076923076923,0.19651213867204942,0.33771291455995556,0.4781450970213233,18.284276942234005,8.742537372509222,"[0.0452051282051282, 0.0916923076923077, 0.17033333333333334, 0.2648974358974359, 0.3597179487179487, 0.5032564102564102, 0.5928717948717949, 0.5113076923076924, 0.6263076923076923, 0.12151282051282052]"
Virtual_2D_response_surface,,41.407731306284234,13.617894990595161,17.73407670213384,,0.4534931995540691,52.151717948717945,0.6198461538461538,0.17046795424784061,0.47613474087431806,0.31577461079713437,16.00235400461101,5.053137107644006,"[0.049076923076923074, 0.10156410256410256, 0.1905897435897436, 0.2825897435897436, 0.3657948717948718, 0.4972820512820513, 0.6056666666666667, 0.517974358974359, 0.6198461538461538, 0.13643589743589743]"
Virtual_2D_response_surface,,28.882291760713564,19.718780519519296,17.558535746986305,,0.4876703455964326,56.08208974358975,0.6785384615384615,0.19336649128375394,0.26291919990769747,0.5324697990659398,19.519914451641394,10.393764925849828,"[0.051256410256410256, 0.10387179487179488, 0.1942051282051282, 0.2877179487179487, 0.38887179487179485, 0.5507179487179488, 0.6488205128205128, 0.5523589743589744, 0.6785384615384615, 0.13141025641025642]"
Virtual_2D_response_surface,,43.65922265158771,11.525493228412715,19.87304798736132,,0.4677557413600892,53.791910256410254,0.6262820512820513,0.15055899101667314,0.5507272550912091,0.2244433856491613,14.577940319516205,3.2719222811036333,"[0.056205128205128206, 0.11625641025641026, 0.20997435897435898, 0.3065128205128205, 0.38753846153846155, 0.5173846153846153, 0.6108717948717949, 0.5421025641025641, 0.6262820512820513, 0.14548717948717949]"
Virtual_2D_response_surface,,46.042097372547026,11.759147449790424,18.47009226583386,,0.4480623188405798,51.52716666666667,0.6054871794871794,0.1577308818505982,0.5423518795014216,0.25473441286809007,14.629365787672949,3.7266029045553926,"[0.050923076923076925, 0.106, 0.18933333333333333, 0.2808974358974359, 0.3769487179487179, 0.4900769230769231, 0.5831794871794872, 0.5157948717948718, 0.6054871794871794, 0.1423846153846154]"
Virtual_2D_response_surface,,23.443163750724803,23.39382004861553,18.234028698799452,,0.49773010033444814,57.23896153846154,0.6845128205128205,0.1863684716676509,0.13683083953668845,0.711337901861158,19.20156800717975,13.658803098671578,"[0.052743589743589746, 0.10605128205128204, 0.19851282051282051, 0.30441025641025643, 0.4128205128205128, 0.5624358974358974, 0.6626410256410257, 0.5681025641025641, 0.6845128205128205, 0.13615384615384615]"
Virtual_2D_response_surface,,53.24263243827427,9.607281092908694,19.54969483310326,,0.43962742474916383,50.55715384615384,0.5922051282051282,0.14384309714766438,0.6199826037335806,0.1911580788535812,13.090135665963098,2.5022851858382493,"[0.055461538461538465, 0.11264102564102564, 0.1998974358974359, 0.2777948717948718, 0.3587948717948718, 0.4795641025641026, 0.5731282051282052, 0.5053589743589744, 0.5922051282051282, 0.14207692307692307]"
Virtual_2D_response_surface,,24.440701964927747,23.984678125034268,17.058955261090826,,0.4777960981047938,54.94655128205129,0.661,0.19402946772868127,0.11669325552240377,0.7620368870518918,19.190250177809585,14.623678507245028,"[0.04964102564102564, 0.10143589743589744, 0.18487179487179486, 0.28715384615384615, 0.39697435897435895, 0.5400512820512821, 0.6486923076923077, 0.5382564102564102, 0.661, 0.13392307692307692]"
Virtual_2D_response_surface,,24.882975929519983,19.37471291207285,20.742562366535772,,0.5416094760312151,62.285089743589744,0.743051282051282,0.17573176579085809,0.2748039097130651,0.45924674773597973,19.70184384554956,9.048007710470765,"[0.061384615384615385, 0.11797435897435897, 0.2317179487179487, 0.34192307692307694, 0.44535897435897437, 0.6094615384615385, 0.7192051282051282, 0.6138461538461538, 0.743051282051282, 0.15574358974358973]"
Virtual_2D_response_surface,,17.370742710040922,30.0,19.189354128229333,,0.4637954292084726,53.33647435897435,0.6296923076923077,0.1579181639795382,0.3443295930359135,0.4057438304643557,15.161036587039703,6.151497058635731,"[0.0538974358974359, 0.10766666666666666, 0.1995897435897436, 0.289, 0.38769230769230767, 0.5322307692307693, 0.6150256410256411, 0.5241025641025641, 0.6296923076923077, 0.14887179487179486]"
Virtual_2D_response_surface,,16.427015247244288,30.0,20.291777192405764,,0.473050613154961,54.400820512820516,0.638948717948718,0.1504136143858687,0.37726442286894873,0.3516600857820446,14.728723270002435,5.179504088589053,"[0.056102564102564104, 0.11028205128205128, 0.2038974358974359, 0.2985128205128205, 0.3935897435897436, 0.5423076923076923, 0.6269230769230769, 0.5361794871794872, 0.638948717948718, 0.15728205128205128]"
Virtual_2D_response_surface,,37.98043188377299,15.534764410048217,16.948662424219187,,0.45027068004459303,51.7811282051282,0.6147435897435898,0.1784771446025567,0.4085265963253719,0.3885850076062927,16.635146231430348,6.464168424872153,"[0.048, 0.10007692307692308, 0.1804871794871795, 0.26753846153846156, 0.36866666666666664, 0.5038974358974359, 0.6041282051282051, 0.5211538461538462, 0.6147435897435898, 0.123]"
Virtual_2D_response_surface,,21.668155416342202,27.6589963088881,16.685592837590356,,0.4439780379041249,51.05747435897436,0.6067435897435898,0.17904567292948687,0.19585079287110804,0.6401048930481619,16.454915738428653,10.532872078863388,"[0.04525641025641026, 0.09612820512820512, 0.185, 0.26687179487179485, 0.366948717948718, 0.5273846153846153, 0.6121282051282051, 0.5017179487179487, 0.6067435897435898, 0.1262051282051282]"
Virtual_2D_response_surface,,20.186571444881523,26.37726012028312,18.78052612757198,,0.4849777034559643,55.7724358974359,0.6516153846153846,0.16893658313661505,0.2467841328700817,0.5311441305800841,16.959608556693684,9.007996541823623,"[0.05435897435897436, 0.11158974358974359, 0.20997435897435898, 0.305, 0.413, 0.5478205128205128, 0.6458461538461538, 0.560923076923077, 0.6516153846153846, 0.14405128205128206]"
Virtual_2D_response_surface,,30.069685582687235,18.91170821651382,17.584918276768185,,0.4809144927536232,55.305166666666665,0.6671025641025641,0.1888624872885055,0.2908203865575352,0.49750138800237814,18.80112840582962,9.353587477911175,"[0.052, 0.10015384615384615, 0.19425641025641024, 0.28607692307692306, 0.3928974358974359, 0.5438974358974359, 0.6471025641025641, 0.5437179487179488, 0.6671025641025641, 0.129025641025641]"
Virtual_2D_response_surface,,30.378685404409865,16.39471424731443,20.078310776375805,,0.5145123745819398,59.16892307692308,0.6951794871794872,0.16850162484269726,0.3783940199438667,0.35444846654984885,17.946107421577388,6.360970256116967,"[0.05597435897435898, 0.11374358974358974, 0.21617948717948718, 0.3283846153846154, 0.4290769230769231, 0.5764615384615385, 0.6635384615384615, 0.5997179487179487, 0.6951794871794872, 0.148]"
Virtual_2D_response_surface,,33.26749221091425,20.46079017345389,14.691208909062611,,0.4293539576365663,49.37570512820513,0.6063846153846154,0.21050357620302218,0.23733797773804463,0.6212596197808766,18.708772512659547,11.623004897781787,"[0.0417948717948718, 0.08353846153846153, 0.1504871794871795, 0.2454102564102564, 0.3272307692307692, 0.4756153846153846, 0.576076923076923, 0.48605128205128206, 0.6063846153846154, 0.11128205128205128]"
Virtual_2D_response_surface,,40.95757133943107,12.018993098706115,20.314106164992566,,0.48285574136008924,55.52841025641026,0.6501538461538462,0.15331159316265436,0.5330518645413088,0.22803085339041307,15.323668275959522,3.4942691540386495,"[0.05692307692307692, 0.1117948717948718, 0.21794871794871795, 0.30615384615384617, 0.39697435897435895, 0.5401794871794872, 0.6276666666666667, 0.5536923076923077, 0.6501538461538462, 0.16030769230769232]"
Virtual_2D_response_surface,,36.14971868330639,15.454796004941512,17.89912500276208,,0.47175986622073585,54.25238461538462,0.6563589743589744,0.18093860956032234,0.41133462869509674,0.3660032430866833,17.66943186775113,6.467069367096105,"[0.052974358974358975, 0.10325641025641026, 0.1922051282051282, 0.2904102564102564, 0.3780769230769231, 0.5207692307692308, 0.6303589743589744, 0.5322820512820513, 0.6563589743589744, 0.12625641025641027]"
Virtual_2D_response_surface,,48.94706992718135,11.991246617666599,17.037621497741426,,0.4289088071348941,49.32451282051282,0.5902051282051282,0.16860821628783187,0.5340442236455266,0.2887627125345896,14.969732626679331,4.322700599197471,"[0.047128205128205126, 0.09405128205128205, 0.1782820512820513, 0.26061538461538464, 0.3395128205128205, 0.4705128205128205, 0.5545897435897436, 0.48928205128205127, 0.5902051282051282, 0.13307692307692306]"
Virtual_2D_response_surface,,36.47756926005066,18.027071119536497,15.207188777491105,,0.4360914158305462,50.150512820512816,0.6142307692307692,0.20467470046383326,0.3214996231036799,0.5130162658879892,18.476174141362964,9.478577865898254,"[0.04371794871794872, 0.0892051282051282, 0.169, 0.2520769230769231, 0.3487179487179487, 0.4716923076923077, 0.5822564102564103, 0.48941025641025643, 0.6142307692307692, 0.1168974358974359]"
Virtual_2D_response_surface,,19.845305202593156,30.0,16.796583873639655,,0.4364917502787068,50.19655128205128,0.6014358974358974,0.1756372392699482,0.2585524830054051,0.5527401147256578,15.869490638493359,8.77170407615857,"[0.048846153846153845, 0.09743589743589744, 0.1742051282051282, 0.2631538461538461, 0.3611025641025641, 0.49464102564102563, 0.5858717948717949, 0.4896923076923077, 0.6014358974358974, 0.13276923076923078]"
Virtual_2D_response_surface,,21.500783549440357,25.194466719134283,18.46037600637821,,0.4826306577480491,55.50252564102564,0.659025641025641,0.17498214790651553,0.2015921444329708,0.6016708235113245,17.481512071625616,10.518115764358145,"[0.05353846153846154, 0.108, 0.19907692307692307, 0.29228205128205126, 0.4024871794871795, 0.5547692307692308, 0.6542820512820513, 0.5488717948717948, 0.659025641025641, 0.13794871794871794]"
Virtual_2D_response_surface,,31.35121890020494,18.774769263349228,16.989123025574063,,0.47332675585284273,54.432576923076915,0.659025641025641,0.19430527803340025,0.29556270011517255,0.5038374676210687,19.037766587603233,9.591940106659008,"[0.04584615384615385, 0.09841025641025641, 0.1802051282051282, 0.2742820512820513, 0.38866666666666666, 0.5244102564102564, 0.6241282051282051, 0.5375897435897435, 0.659025641025641, 0.12994871794871796]"
Virtual_2D_response_surface,,54.12465364517466,8.896280170149305,20.768083349601696,,0.4460079152731326,51.29091025641025,0.591974358974359,0.1343693841897506,0.6459026596248628,0.16021067229175545,12.405470446234096,1.987488760286668,"[0.05928205128205128, 0.11292307692307692, 0.20405128205128206, 0.2762051282051282, 0.3718461538461538, 0.49238461538461537, 0.5792307692307692, 0.5168974358974359, 0.591974358974359, 0.15787179487179487]"
Virtual_2D_response_surface,,57.72968918914319,9.11358004334327,19.006920946885327,,0.42541382385730214,48.92258974358975,0.575076923076923,0.14364758921407783,0.6379650961348904,0.1910203018748022,12.649701734596867,2.4163498439689026,"[0.04976923076923077, 0.1074871794871795, 0.183, 0.2536923076923077, 0.347, 0.46274358974358976, 0.5461794871794872, 0.4866923076923077, 0.575076923076923, 0.15166666666666667]"
Virtual_2D_response_surface,,36.439967774843666,14.686037831898355,18.686044257296615,,0.4834666666666667,55.598666666666674,0.6614358974358975,0.17314903241787488,0.4383828321172717,0.32683457229695373,17.328339606703118,5.663500463973177,"[0.052794871794871794, 0.10838461538461538, 0.20287179487179488, 0.30546153846153845, 0.38992307692307693, 0.5358717948717949, 0.6393846153846154, 0.5531538461538461, 0.6614358974358975, 0.14048717948717948]"
Measured_50cm_transect,1.0,50.0,7.0,28.571428571428573,173.333,0.5151243032329988,59.23929487179487,0.6730512820512821,0.11042443467578378,0.7158316425079693,0.06129247030027315,11.77463816425801,0.7216966599792468,"[0.07776923076923077, 0.15771794871794872, 0.252025641025641, 0.33897435897435896, 0.4418717948717949, 0.5696410256410256, 0.6432051282051282, 0.5898461538461538, 0.6730512820512821, 0.21005128205128204]"
Measured_50cm_transect,2.0,50.0,8.0,25.0,153.333,0.4943215161649945,56.846974358974364,0.6577692307692308,0.12333973482211742,0.6787990692708965,0.09859879165919941,12.620683337176093,1.244384126958955,"[0.06933333333333333, 0.13712820512820512, 0.2265128205128205, 0.31546153846153846, 0.4217435897435897, 0.5362564102564102, 0.632, 0.561025641025641, 0.6577692307692308, 0.19138461538461538]"
Measured_50cm_transect,3.0,50.0,9.0,22.22222222222222,190.186,0.47559119286510587,54.692987179487176,0.6397692307692308,0.13585354492570906,0.6421121932230807,0.14256062862601057,13.374425143637444,1.9066664559884756,"[0.061615384615384614, 0.12520512820512822, 0.22205128205128205, 0.30046153846153845, 0.3941282051282051, 0.5251538461538462, 0.6087948717948718, 0.5418461538461539, 0.6397692307692308, 0.16374358974358974]"
Measured_50cm_transect,4.0,50.0,10.0,20.0,173.333,0.4554497212931996,52.37671794871795,0.6129743589743589,0.14578205517057424,0.605727101511649,0.19131285851334523,13.744054054176493,2.6294142686664363,"[0.05541025641025641, 0.11287179487179487, 0.20148717948717948, 0.28674358974358977, 0.36735897435897436, 0.5009743589743589, 0.5928974358974359, 0.5248205128205128, 0.6129743589743589, 0.15102564102564103]"
Measured_50cm_transect,5.0,50.0,11.0,18.181818181818183,189.333,0.44044225195094766,50.65085897435898,0.6036666666666667,0.16014904750176562,0.5696093274319451,0.243205993937038,14.601036275801725,3.5510595399671065,"[0.04897435897435897, 0.10215384615384615, 0.18446153846153845, 0.2693846153846154, 0.3558717948717949, 0.4704358974358974, 0.5729230769230769, 0.5045128205128205, 0.6036666666666667, 0.1353076923076923]"
