Config_Type,Treatment_Index,Row_Spacing,Plant_Spacing,Density,True_Yield,LIE,Cum_LIE,Peak_LIE,HI,Overlap_Ratio,Competition_Factor,Base_Score_No_Competition,Yield_Score,LIE_Trajectory
Virtual_2D_response_surface,,68.70063244428405,7.036203631645598,20.687159608979997,,0.4172761426978818,47.98675641025641,0.6405641025641026,0.20800042091910687,0.7778359989046288,0.08349342495681196,17.96627795737677,1.5000660803874624,"[0.03569230769230769, 0.08223076923076923, 0.14217948717948717, 0.17046153846153847, 0.2956923076923077, 0.38274358974358974, 0.4406923076923077, 0.41615384615384615, 0.6405641025641026, 0.20056410256410256]"
Virtual_2D_response_surface,,31.835944577723076,16.62646501501878,18.89219141480283,,0.5077542920847268,58.391743589743584,0.782,0.27989292697688356,0.509479772252456,0.22644933667108474,29.41818484431062,6.661728444061498,"[0.033846153846153845, 0.0858974358974359, 0.15656410256410255, 0.1823846153846154, 0.35328205128205126, 0.4513333333333333, 0.566974358974359, 0.5332820512820513, 0.782, 0.19197435897435897]"
Virtual_2D_response_surface,,16.47954844002767,27.0742885346922,22.41287865016374,,0.5365462653288741,61.70282051282052,0.8174102564102564,0.24542588156905557,0.5134846330470227,0.16933638800501383,27.258244415381128,4.61581265265848,"[0.04394871794871795, 0.10512820512820513, 0.18835897435897436, 0.21317948717948718, 0.3801538461538462, 0.48415384615384616, 0.607025641025641, 0.5517179487179488, 0.8174102564102564, 0.225]"
Virtual_2D_response_surface,,69.84158913395578,6.324597957890379,22.638777129412823,,0.4339459308807135,49.90378205128205,0.6636923076923077,0.1972278989256517,0.7985502629783547,0.061446222557701435,17.716352548352415,1.0886029415967635,"[0.039, 0.08638461538461538, 0.14543589743589744, 0.1808974358974359, 0.3048717948717949, 0.38743589743589746, 0.45379487179487177, 0.4327948717948718, 0.6636923076923077, 0.22146153846153846]"
Virtual_2D_response_surface,,61.6197781225053,7.492151114972162,21.660742591679448,,0.4322307692307693,49.70653846153847,0.6438461538461538,0.19986953452359646,0.7646466273178526,0.07763336351402782,17.88268086915649,1.3882926645205769,"[0.03976923076923077, 0.08464102564102564, 0.15220512820512822, 0.18097435897435898, 0.32271794871794873, 0.40787179487179487, 0.47492307692307695, 0.44874358974358974, 0.6438461538461538, 0.20292307692307693]"
Virtual_2D_response_surface,,33.74126813794582,13.600301774520853,21.79164693333528,,0.5350666666666667,61.53266666666667,0.8042564102564103,0.24845773746759262,0.5925113361027958,0.13637038038350122,27.5188808526256,3.7527602496008012,"[0.04164102564102564, 0.09471794871794872, 0.18125641025641026, 0.20502564102564103, 0.3928974358974359, 0.48515384615384616, 0.6096923076923076, 0.5747435897435897, 0.8042564102564103, 0.20092307692307693]"
Virtual_2D_response_surface,,62.280739701264075,5.485193175863208,29.27212903985951,,0.4757896321070234,54.71580769230769,0.699076923076923,0.16363396472886577,0.8232127355243637,0.024273626201652167,16.116056182862064,0.391195123627619,"[0.053307692307692306, 0.10423076923076922, 0.16851282051282052, 0.203, 0.368974358974359, 0.445025641025641, 0.5143589743589744, 0.4880769230769231, 0.699076923076923, 0.25664102564102564]"
Virtual_2D_response_surface,,41.29672897491935,12.507538067460322,19.360319189536064,,0.4888215161649945,56.214474358974364,0.7507948717948718,0.2615480718716824,0.6228038445769059,0.15558165973181776,26.46501728376577,4.1174713138395225,"[0.03761538461538461, 0.08625641025641026, 0.16076923076923078, 0.18725641025641027, 0.3467179487179487, 0.43056410256410255, 0.5298461538461539, 0.5084358974358975, 0.7507948717948718, 0.1971794871794872]"
Virtual_2D_response_surface,,33.55062149640074,14.210965692127985,20.973738044877646,,0.5220238573021182,60.032743589743596,0.7779230769230769,0.24973694175967334,0.5756592438900133,0.15519693937836673,26.98630882118136,4.188192534166767,"[0.03964102564102564, 0.09082051282051282, 0.1717948717948718, 0.2062051282051282, 0.38353846153846155, 0.4824102564102564, 0.6044615384615385, 0.5678717948717948, 0.7779230769230769, 0.1925897435897436]"
Virtual_2D_response_surface,,61.55653020893369,7.414474326842839,21.91015765392353,,0.4322192865105909,49.70521794871795,0.6474102564102564,0.198728669623855,0.7668893042660955,0.07481261107626737,17.780133305362458,1.3301781978582699,"[0.03964102564102564, 0.086, 0.15566666666666668, 0.17843589743589744, 0.3148205128205128, 0.39694871794871794, 0.47315384615384615, 0.447974358974359, 0.6474102564102564, 0.20135897435897435]"
Virtual_2D_response_surface,,50.459498133424894,7.777453356244783,25.481187177429796,,0.4960026755852842,57.040307692307685,0.729051282051282,0.19269279014985585,0.7564240286582498,0.05108814289622072,19.784260872426696,1.0107411465466434,"[0.048205128205128206, 0.10374358974358974, 0.18605128205128205, 0.21312820512820513, 0.37723076923076926, 0.46182051282051284, 0.5530512820512821, 0.5207948717948718, 0.729051282051282, 0.23523076923076924]"
Virtual_2D_response_surface,,66.02946480156477,7.521853585714673,20.13433764653787,,0.4158049052396879,47.817564102564106,0.6294615384615385,0.209978448385469,0.7637895164996696,0.09320125802419067,18.073184248492403,1.6844435084624791,"[0.03746153846153846, 0.0813076923076923, 0.14148717948717948, 0.16892307692307693, 0.29735897435897435, 0.38443589743589746, 0.45615384615384613, 0.4226923076923077, 0.6294615384615385, 0.1987179487179487]"
Virtual_2D_response_surface,,45.46912015461592,8.694316826301112,25.29577486729995,,0.5171308807134896,59.470051282051294,0.7606666666666667,0.20212959398193625,0.7301457107522721,0.05784497522322449,21.63718317550672,1.251602324687556,"[0.04707692307692308, 0.10751282051282052, 0.19405128205128205, 0.22056410256410255, 0.39753846153846156, 0.48833333333333334, 0.5638205128205128, 0.5483333333333333, 0.7606666666666667, 0.23376923076923076]"
Virtual_2D_response_surface,,54.07586706162452,9.019392255646983,20.503086001165002,,0.45999052396878487,52.89891025641026,0.7027948717948718,0.2303031465229359,0.7208786096665569,0.10221326598552528,21.92901386343424,2.2414361268234755,"[0.03882051282051282, 0.08594871794871795, 0.15817948717948718, 0.17956410256410257, 0.3302307692307692, 0.4108205128205128, 0.4906153846153846, 0.4725897435897436, 0.7027948717948718, 0.20364102564102565]"
Virtual_2D_response_surface,,27.57066400067353,14.448580977486625,25.10311282976607,,0.5812651059085842,66.84548717948718,0.8417179487179487,0.22520929327123548,0.5691159018949514,0.11030353328977231,27.097604866914732,2.9889615605108255,"[0.04707692307692308, 0.11328205128205128, 0.2098205128205128, 0.24484615384615385, 0.45176923076923076, 0.5581282051282052, 0.6741025641025641, 0.6373846153846154, 0.8417179487179487, 0.23958974358974358]"
Virtual_2D_response_surface,,51.28421733549794,8.876770272840973,21.966521373909373,,0.4720013377926422,54.28015384615385,0.7078974358974359,0.21640285409931018,0.7249413494916067,0.08567001390655898,21.143484383863214,1.8113626011986743,"[0.04346153846153846, 0.09315384615384616, 0.1701025641025641, 0.1926923076923077, 0.3474102564102564, 0.43033333333333335, 0.5265641025641026, 0.4911025641025641, 0.7078974358974359, 0.20912820512820512]"
Virtual_2D_response_surface,,51.90856239270298,9.12137283059102,21.120334448009128,,0.46319119286510585,53.266987179487174,0.697,0.22162314188385787,0.7179764661085147,0.09633762786233085,21.249354703329224,2.0471124257240008,"[0.04092307692307692, 0.09112820512820513, 0.16525641025641025, 0.18792307692307691, 0.34305128205128205, 0.42120512820512823, 0.5083333333333333, 0.4827179487179487, 0.697, 0.2008974358974359]"
Virtual_2D_response_surface,,49.89511543431408,8.84308521061907,22.66408333754608,,0.49229074693422514,56.61343589743589,0.7441282051282051,0.22048523311560808,0.7259015989323648,0.07897354488684974,22.46836790037904,1.774406660914838,"[0.04120512820512821, 0.09489743589743589, 0.17451282051282052, 0.19892307692307692, 0.3587179487179487, 0.4404102564102564, 0.5278205128205128, 0.5077948717948718, 0.7441282051282051, 0.228]"
Virtual_2D_response_surface,,62.294270469050325,8.200817317337101,19.57468392844937,,0.42252653288740244,48.59055128205128,0.642,0.2202459111822379,0.744263148012081,0.10560445175828155,19.263366435532756,2.034297251443319,"[0.03561538461538462, 0.08058974358974359, 0.14248717948717948, 0.1702051282051282, 0.3021025641025641, 0.38705128205128203, 0.45405128205128203, 0.4348461538461538, 0.642, 0.1901025641025641]"
Virtual_2D_response_surface,,23.298482601247596,22.426738172517897,19.138427455005726,,0.5149389074693423,59.21797435897437,0.7930769230769231,0.2802175328071063,0.35313061419611913,0.3524442126829674,29.869046410871302,10.527172545870549,"[0.03415384615384615, 0.08605128205128205, 0.15656410256410255, 0.1835897435897436, 0.3547948717948718, 0.4562820512820513, 0.5864871794871794, 0.5406153846153846, 0.7930769230769231, 0.19412820512820514]"
Virtual_2D_response_surface,,43.39021633933806,11.15282621325226,20.664421397613946,,0.4868876254180602,55.99207692307692,0.7363846153846154,0.239640126757567,0.6606236285191763,0.1216621577762849,24.152307140278072,2.938421801961803,"[0.0398974358974359, 0.09171794871794872, 0.1692051282051282, 0.19530769230769232, 0.35435897435897434, 0.4462820512820513, 0.5294358974358975, 0.5092820512820513, 0.7363846153846154, 0.204]"
Virtual_2D_response_surface,,70.85012929612162,6.368192597586852,22.16374594057286,,0.42987725752508366,49.43588461538462,0.6600769230769231,0.20024499120504813,0.7972764297425179,0.06543472886268727,17.818718904038644,1.1659630401662087,"[0.04148717948717949, 0.08515384615384615, 0.14584615384615385, 0.17658974358974358, 0.3037435897435897, 0.37733333333333335, 0.4580769230769231, 0.42456410256410254, 0.6600769230769231, 0.21902564102564104]"
Virtual_2D_response_surface,,16.036965448889287,30.0,20.78531218363508,,0.5048418060200668,58.056807692307686,0.7954871794871795,0.25798656475089543,0.5255644142245378,0.18532342223720488,26.96017747849528,4.996352354437162,"[0.03843589743589743, 0.09425641025641025, 0.16943589743589743, 0.19017948717948718, 0.34312820512820513, 0.4465128205128205, 0.5504102564102564, 0.49876923076923074, 0.7954871794871795, 0.2072051282051282]"
Virtual_2D_response_surface,,26.283561987198087,17.843277789162613,21.322648226734163,,0.549454960981048,63.18732051282052,0.8210512820512821,0.2596281433542118,0.4764031247618741,0.20857060979539763,29.52937207488797,6.15895914053457,"[0.040692307692307694, 0.09912820512820512, 0.18028205128205127, 0.2066923076923077, 0.39982051282051284, 0.4985897435897436, 0.6365128205128205, 0.5928717948717949, 0.8210512820512821, 0.214974358974359]"
Virtual_2D_response_surface,,43.184941865832435,10.98457600336884,21.08066770750387,,0.4928367892976588,56.67623076923076,0.7437179487179487,0.2371848576825428,0.6653430076443265,0.11483136881527227,24.196938712169313,2.7785675934576535,"[0.04074358974358974, 0.08994871794871795, 0.1732051282051282, 0.1996153846153846, 0.36935897435897436, 0.4467948717948718, 0.536025641025641, 0.5172307692307693, 0.7437179487179487, 0.20387179487179488]"
Virtual_2D_response_surface,,47.68623914342889,7.362176456569095,28.48398216640044,,0.5347683389074693,61.49835897435897,0.7801794871794872,0.18495597067642644,0.768400223603637,0.03413840311909869,20.47407962239779,0.6989523836419397,"[0.05146153846153846, 0.10971794871794872, 0.20382051282051283, 0.22797435897435897, 0.41535897435897434, 0.5014871794871795, 0.5827692307692308, 0.5607435897435897, 0.7801794871794872, 0.27389743589743587]"
Virtual_2D_response_surface,,68.92024671360338,6.378278344215666,22.74833990843688,,0.43274358974358973,49.76551282051282,0.6599487179487179,0.195255884072982,0.796981817985849,0.06095692267209862,17.49061656380619,1.066174161367261,"[0.039871794871794874, 0.08858974358974359, 0.1477948717948718, 0.17274358974358975, 0.3046923076923077, 0.39284615384615384, 0.4593333333333333, 0.43128205128205127, 0.6599487179487179, 0.22271794871794873]"
Virtual_2D_response_surface,,50.648488541976484,9.341711576911012,21.13523377837106,,0.47059609810479364,54.11855128205127,0.7194615384615385,0.22868598032142184,0.711714156026907,0.09816322570081625,22.277077116319866,2.1867897489237955,"[0.03956410256410257, 0.08953846153846154, 0.16484615384615384, 0.18366666666666667, 0.3483076923076923, 0.4312051282051282, 0.5094358974358975, 0.48207692307692307, 0.7194615384615385, 0.1967948717948718]"
Virtual_2D_response_surface,,32.96200833227508,11.944870371498508,25.398314353199822,,0.5718876254180603,65.76707692307693,0.836948717948718,0.2212956619764008,0.6384743796223794,0.081898966505928,26.197143883101326,2.145519009433092,"[0.05017948717948718, 0.11187179487179487, 0.2163846153846154, 0.237, 0.43615384615384617, 0.5327948717948718, 0.653974358974359, 0.6164615384615385, 0.836948717948718, 0.2444102564102564]"
Virtual_2D_response_surface,,18.004452719822645,28.249389554662883,19.66124467378931,,0.4966093645484949,57.11007692307692,0.7807948717948718,0.26808889543373754,0.4720339347203285,0.23880966093755074,27.559039392798258,6.581364853158756,"[0.035153846153846154, 0.08735897435897436, 0.16256410256410256, 0.17964102564102563, 0.3374102564102564, 0.4367179487179487, 0.5472051282051282, 0.5016666666666667, 0.7807948717948718, 0.18887179487179487]"
Virtual_2D_response_surface,,48.79013950495025,8.020773908484959,25.553574891007056,,0.5197710144927536,59.77366666666667,0.7736666666666666,0.20347296721306088,0.7494289907551496,0.05207501787813913,21.892185572167975,1.1400359550621868,"[0.049, 0.10512820512820513, 0.1874102564102564, 0.21461538461538462, 0.38884615384615384, 0.47905128205128206, 0.5573076923076923, 0.5423589743589744, 0.7736666666666666, 0.24702564102564104]"
Virtual_2D_response_surface,,62.40478598334271,8.106758229013565,19.766732305786185,,0.4174598662207358,48.00788461538461,0.6295897435897436,0.21389154119360035,0.7469608571205509,0.10245424672467726,18.483264773692472,1.8936889694014245,"[0.03869230769230769, 0.0787948717948718, 0.14651282051282052, 0.16456410256410256, 0.3018717948717949, 0.378, 0.45292307692307693, 0.4347692307692308, 0.6295897435897436, 0.18728205128205128]"
Virtual_2D_response_surface,,25.291381731197156,19.06156687781372,20.742870034082003,,0.5356875139353402,61.60406410256412,0.8058717948717948,0.262041946634751,0.44344353887465815,0.24186858445131487,29.057127980486193,7.028006412860889,"[0.038871794871794874, 0.09266666666666666, 0.1733076923076923, 0.2088205128205128, 0.39076923076923076, 0.488, 0.6256410256410256, 0.5735641025641026, 0.8058717948717948, 0.20015384615384615]"
Virtual_2D_response_surface,,20.627440370749998,19.771496778685226,24.519697689130474,,0.5895055741360089,67.79314102564102,0.8542820512820513,0.23416380409930534,0.42430504249042267,0.2008124395646306,28.57445962992861,5.738106947527016,"[0.05030769230769231, 0.11641025641025642, 0.21264102564102563, 0.2352820512820513, 0.44743589743589746, 0.5587435897435897, 0.6902307692307692, 0.648948717948718, 0.8542820512820513, 0.24394871794871795]"
Virtual_2D_response_surface,,65.05949060293943,6.5509737657010305,23.462996790447185,,0.4462402452619844,51.31762820512821,0.6745384615384615,0.19357436186571195,0.7919426278978257,0.056856095206572914,17.880798838085198,1.0166324011077503,"[0.045384615384615384, 0.09097435897435897, 0.15223076923076923, 0.18125641025641026, 0.3283589743589744, 0.4115128205128205, 0.4766410256410256, 0.45153846153846156, 0.6745384615384615, 0.2201025641025641]"
Virtual_2D_response_surface,,32.85992193606859,13.961456189886912,21.797302672738457,,0.5407871794871795,62.190525641025644,0.8182051282051283,0.2528516569839113,0.5825384656251342,0.14094940350973612,28.304959422660765,3.9895671469913196,"[0.04033333333333333, 0.09594871794871795, 0.18035897435897436, 0.20725641025641026, 0.3963333333333333, 0.491025641025641, 0.6130769230769231, 0.5724615384615385, 0.8182051282051283, 0.20912820512820512]"
Virtual_2D_response_surface,,28.457213889652515,16.11622650915711,21.80440595948833,,0.5478513935340023,63.00291025641025,0.8138205128205128,0.2513633252650267,0.5233993764696605,0.17187031609430445,28.50591784216561,4.899321110091276,"[0.04092307692307692, 0.09876923076923078, 0.17984615384615385, 0.21356410256410258, 0.4033846153846154, 0.49835897435897436, 0.6236153846153846, 0.5965384615384616, 0.8138205128205128, 0.2155128205128205]"
Virtual_2D_response_surface,,15.327826492986354,30.0,21.746940669367486,,0.5152870680044593,59.258012820512825,0.8043076923076923,0.2490023420177677,0.5449686731227706,0.16061354790780757,26.559691156127876,4.265846227921318,"[0.041846153846153845, 0.09428205128205128, 0.17543589743589744, 0.19635897435897437, 0.34894871794871796, 0.45187179487179485, 0.5554871794871795, 0.518025641025641, 0.8043076923076923, 0.2168974358974359]"
Virtual_2D_response_surface,,34.63768300008934,12.423068838577974,23.239258936721622,,0.546030657748049,62.793525641025646,0.809923076923077,0.23423841228221898,0.6251530778436942,0.10626848072596813,26.475580345961976,2.813519699703681,"[0.044487179487179486, 0.10020512820512821, 0.19, 0.22012820512820513, 0.40664102564102567, 0.5030256410256411, 0.6225641025641026, 0.5884358974358974, 0.809923076923077, 0.21984615384615386]"
Virtual_2D_response_surface,,58.551523980846724,8.641801268733312,19.76321165575967,,0.4446541806020067,51.135230769230766,0.6915384615384615,0.23519883204998193,0.7316451575562244,0.10739664087221679,21.648503796352877,2.3249765876377317,"[0.03728205128205128, 0.0793076923076923, 0.1462051282051282, 0.16505128205128206, 0.30823076923076925, 0.3973333333333333, 0.46964102564102567, 0.44664102564102565, 0.6915384615384615, 0.19789743589743589]"
Virtual_2D_response_surface,,44.95635521427491,10.334038598551377,21.524785218175165,,0.4997421404682274,57.47034615384615,0.7600769230769231,0.2374060601101926,0.6836403155758067,0.1032440199693641,24.558855216396438,2.5355549383863556,"[0.040358974358974356, 0.09233333333333334, 0.17525641025641026, 0.1985897435897436, 0.3631025641025641, 0.45579487179487177, 0.5503589743589744, 0.5171282051282051, 0.7600769230769231, 0.20866666666666667]"
Virtual_2D_response_surface,,31.462634169898905,13.912685548190378,22.845146637046074,,0.5511516164994426,63.3824358974359,0.8206666666666667,0.24162942437563528,0.5838841330086278,0.1276723023129965,27.567110702561468,3.5195564915132693,"[0.039051282051282055, 0.0998974358974359, 0.18507692307692308, 0.22015384615384614, 0.41023076923076923, 0.5145641025641026, 0.6223333333333333, 0.5931538461538461, 0.8206666666666667, 0.21933333333333332]"
Virtual_2D_response_surface,,48.87313108939095,9.481866055102476,21.579233815707074,,0.48283121516165,55.52558974358975,0.7345128205128205,0.22866609466057025,0.7077364027243563,0.09473804947146466,22.854275568705027,2.165169489462463,"[0.0372051282051282, 0.09112820512820513, 0.16792307692307692, 0.1914102564102564, 0.35128205128205126, 0.4363076923076923, 0.5223076923076924, 0.4986153846153846, 0.7345128205128205, 0.20892307692307693]"
Virtual_2D_response_surface,,17.62688170072772,24.405591875207733,23.245300546224055,,0.5636491638795986,64.81965384615384,0.8432564102564103,0.24407842967620805,0.4822736009659622,0.17730689412574493,28.477942781264296,5.049335585636651,"[0.04551282051282051, 0.11033333333333334, 0.20015384615384615, 0.22002564102564104, 0.40623076923076923, 0.5115384615384615, 0.652051282051282, 0.5962820512820513, 0.8432564102564103, 0.2347948717948718]"
Virtual_2D_response_surface,,45.28865795771071,12.1444890603075,18.181566577913998,,0.46115641025641024,53.03298717948718,0.7079487179487179,0.26265311521346146,0.632908994926058,0.16937275778786445,25.072702725182168,4.2466328057594085,"[0.034512820512820515, 0.08146153846153846, 0.15207692307692308, 0.17448717948717948, 0.3241794871794872, 0.40905128205128205, 0.5092051282051282, 0.47946153846153844, 0.7079487179487179, 0.1847948717948718]"
Virtual_2D_response_surface,,67.57804344452467,7.689646984526902,19.243673668504297,,0.4134996655518395,47.55246153846154,0.6398717948717949,0.22331311751305705,0.7589522515811745,0.10501435847714302,19.11435917683246,2.007282166656752,"[0.03546153846153846, 0.07805128205128205, 0.1383076923076923, 0.1611025641025641, 0.292974358974359, 0.37335897435897436, 0.43225641025641026, 0.4114871794871795, 0.6398717948717949, 0.19466666666666665]"
Virtual_2D_response_surface,,72.20950241472565,6.350730067876525,21.806300563894847,,0.41726599777034556,47.98558974358974,0.6364871794871795,0.19639876827039174,0.7977866052641974,0.06825913719374939,16.96375929666486,1.1579315731527884,"[0.03951282051282051, 0.08341025641025641, 0.1382820512820513, 0.16684615384615384, 0.2956923076923077, 0.37894871794871793, 0.441974358974359, 0.41374358974358977, 0.6364871794871795, 0.2205897435897436]"
Virtual_2D_response_surface,,37.39588975800204,12.472054607313238,21.440658792125834,,0.526047491638796,60.49546153846154,0.8006666666666666,0.2515007666073494,0.6237905616331483,0.12697362466142442,27.386378915739297,3.4773477972826288,"[0.039794871794871796, 0.09405128205128205, 0.1773846153846154, 0.1996153846153846, 0.38784615384615384, 0.4666923076923077, 0.5783846153846154, 0.5496923076923077, 0.8006666666666666, 0.21571794871794872]"
Virtual_2D_response_surface,,43.680169035646905,9.183995174658197,24.927805233942593,,0.5227298773690078,60.113935897435894,0.7741538461538462,0.20860548827802747,0.7161955471900987,0.06361722473868398,22.572174510357584,1.4359790986662124,"[0.048256410256410254, 0.11023076923076923, 0.19838461538461538, 0.22125641025641027, 0.39807692307692305, 0.48184615384615387, 0.5723589743589743, 0.5538461538461539, 0.7741538461538462, 0.22546153846153846]"
Virtual_2D_response_surface,,25.91029672991447,16.418900182151607,23.506260824608677,,0.5751166109253066,66.13841025641027,0.8433846153846154,0.24132576818028087,0.515138597557697,0.15435492090012962,28.729624790431398,4.434558962017442,"[0.04253846153846154, 0.10325641025641026, 0.1941025641025641, 0.23035897435897437, 0.4328205128205128, 0.5279230769230769, 0.6662051282051282, 0.6328717948717949, 0.8433846153846154, 0.22889743589743589]"
Virtual_2D_response_surface,,16.920811584554578,23.94546449506353,24.680590399527,,0.5747152731326645,66.09225641025641,0.8495128205128205,0.23128024669020636,0.5014634819794579,0.14811483971092343,27.514500060377657,4.07530576616903,"[0.046153846153846156, 0.11305128205128205, 0.20248717948717948, 0.2378205128205128, 0.4154358974358974, 0.5351025641025641, 0.6682051282051282, 0.6148205128205129, 0.8495128205128205, 0.24307692307692308]"
Virtual_2D_response_surface,,59.15790117201894,7.496802508726048,22.54816334333135,,0.46748729096989966,53.76103846153846,0.7142307692307692,0.21272262295340566,0.7645123875492815,0.06994836185826818,20.585140405627296,1.4398968499960756,"[0.04269230769230769, 0.08994871794871795, 0.1575128205128205, 0.18469230769230768, 0.3313589743589744, 0.4167948717948718, 0.48456410256410254, 0.4746153846153846, 0.7142307692307692, 0.22692307692307692]"
Virtual_2D_response_surface,,43.59253609012146,10.547050605512561,21.74987846039184,,0.49728483835005566,57.1877564102564,0.7486153846153846,0.23127347348473132,0.6776401267196622,0.10287222679350162,23.80681991843767,2.449060577881572,"[0.04038461538461539, 0.09912820512820512, 0.17302564102564102, 0.20274358974358975, 0.37133333333333335, 0.4564102564102564, 0.5450769230769231, 0.5201794871794871, 0.7486153846153846, 0.20905128205128204]"
Virtual_2D_response_surface,,28.196647870247098,16.20281355868502,21.888302623097545,,0.5486270903010033,63.092115384615376,0.8161794871794872,0.25111726165958115,0.5210350807891888,0.17207833725183622,28.5183346458509,4.907387607049456,"[0.03992307692307692, 0.09607692307692307, 0.1773076923076923, 0.20917948717948717, 0.40764102564102567, 0.5039230769230769, 0.6331794871794871, 0.5938717948717949, 0.8161794871794872, 0.2173076923076923]"
Virtual_2D_response_surface,,70.68167568004506,6.848646323278018,20.658007179387596,,0.4184614269788183,48.1230641025641,0.6516923076923077,0.21186297094338885,0.7832797888359496,0.08234468300130551,18.35189159700308,1.5111806960295409,"[0.03705128205128205, 0.08243589743589744, 0.13782051282051283, 0.16428205128205128, 0.2846923076923077, 0.36764102564102563, 0.44766666666666666, 0.4094871794871795, 0.6516923076923077, 0.20394871794871794]"
Virtual_2D_response_surface,,67.97727557272124,6.105692914637232,24.093577344538947,,0.446125641025641,51.304448717948716,0.6762820512820513,0.18923805798681737,0.8049567224636989,0.050153141094619234,17.47575763464398,0.8764641383856688,"[0.04320512820512821, 0.0881025641025641, 0.15246153846153845, 0.18207692307692308, 0.3263333333333333, 0.41310256410256413, 0.47817948717948716, 0.4447948717948718, 0.6762820512820513, 0.2302820512820513]"
Virtual_2D_response_surface,,71.21768125947392,6.802344955930698,20.642082934589077,,0.41330133779264216,47.52965384615385,0.6408717948717949,0.2085460795470845,0.7846253700641815,0.08215047380657134,17.841821349321705,1.465714077418978,"[0.03776923076923077, 0.08005128205128205, 0.13892307692307693, 0.16474358974358974, 0.2867692307692308, 0.36828205128205127, 0.4348974358974359, 0.40482051282051285, 0.6408717948717949, 0.20597435897435898]"
Virtual_2D_response_surface,,54.423230117973894,7.170968378495568,25.62346619293462,,0.5001040133779264,57.51196153846154,0.7511794871794871,0.19722441771108695,0.7739311755273095,0.046886240449906934,20.416973626521912,0.9572751347125147,"[0.04525641025641026, 0.10215384615384615, 0.17548717948717948, 0.2068974358974359, 0.37115384615384617, 0.45982051282051284, 0.5346410256410257, 0.5113076923076924, 0.7511794871794871, 0.24553846153846154]"
Virtual_2D_response_surface,,73.6346218744074,6.826792809196997,19.893042782890838,,0.4108642140468227,47.24938461538461,0.6372564102564102,0.21511608888376496,0.7839147971077306,0.0901452706007631,18.295385077127293,1.649242438522803,"[0.03717948717948718, 0.07630769230769231, 0.13515384615384615, 0.15525641025641027, 0.2825641025641026, 0.3564102564102564, 0.43238461538461537, 0.4077692307692308, 0.6372564102564102, 0.20207692307692307]"
Virtual_2D_response_surface,,60.93920592862983,6.301411115940709,26.041463920627688,,0.4618201783723523,53.10932051282051,0.6815128205128205,0.17738433242522286,0.799228049349213,0.0402920129665875,16.95737045650295,0.6832465903126447,"[0.048769230769230766, 0.09682051282051282, 0.1691025641025641, 0.19843589743589743, 0.3484871794871795, 0.43125641025641026, 0.5005384615384615, 0.4808205128205128, 0.6815128205128205, 0.22784615384615384]"
Virtual_2D_response_surface,,26.206918832258417,16.267054293251142,23.457143258990165,,0.5726622073578596,65.85615384615384,0.84,0.2408472474686192,0.5192815333752451,0.15265236107933564,28.550292088888934,4.358269496873573,"[0.042333333333333334, 0.10266666666666667, 0.19333333333333333, 0.2275128205128205, 0.42864102564102563, 0.5365384615384615, 0.6681025641025641, 0.6262307692307693, 0.84, 0.23243589743589743]"
Virtual_2D_response_surface,,73.09532886695715,5.848345812478239,23.392537323306133,,0.4314995540691193,49.622448717948714,0.663,0.19097582346169895,0.8125103994475412,0.053244347533187804,17.05803841097313,0.9082441253883199,"[0.043666666666666666, 0.08856410256410256, 0.1433076923076923, 0.16951282051282052, 0.2974102564102564, 0.3865128205128205, 0.4560769230769231, 0.4228717948717949, 0.663, 0.23097435897435897]"
Virtual_2D_response_surface,,51.5295283760063,9.298196163961007,20.871089870767584,,0.46602798216276486,53.59321794871796,0.7068974358974359,0.22751838148170334,0.7129500580790299,0.10065112281791108,21.94819597095927,2.2091105683046024,"[0.04046153846153846, 0.08984615384615384, 0.16356410256410256, 0.18269230769230768, 0.33882051282051284, 0.42794871794871797, 0.5122564102564102, 0.48430769230769233, 0.7068974358974359, 0.19376923076923078]"
Virtual_2D_response_surface,,54.21156937531358,7.121108071204569,25.90361898013176,,0.49842095875139364,57.31841025641027,0.7435128205128205,0.19327971074833394,0.7753752420278516,0.045082559995509384,19.941274358843966,0.8990036976694961,"[0.04682051282051282, 0.10294871794871795, 0.18258974358974359, 0.21428205128205127, 0.369974358974359, 0.46189743589743587, 0.539, 0.514, 0.7435128205128205, 0.23951282051282052]"
Virtual_2D_response_surface,,27.392415426578445,17.85565456504587,20.445319188135517,,0.5330803790412486,61.30424358974359,0.8005384615384615,0.264177660508562,0.4760675133779238,0.22270119736857066,29.151380971413847,6.49204744728123,"[0.038, 0.09582051282051282, 0.16987179487179488, 0.20156410256410257, 0.379025641025641, 0.4854871794871795, 0.6150256410256411, 0.5777692307692308, 0.8005384615384615, 0.1971025641025641]"
Virtual_2D_response_surface,,41.676998019556684,9.00333713883069,26.650174536300952,,0.5460625418060201,62.797192307692306,0.8035897435897436,0.2026679452957092,0.7213357208826789,0.0514906580428954,22.908560283611127,1.1795768438184753,"[0.05261538461538461, 0.1125897435897436, 0.20461538461538462, 0.23794871794871794, 0.41602564102564105, 0.5067692307692307, 0.600025641025641, 0.5763589743589743, 0.8035897435897436, 0.25266666666666665]"
Virtual_2D_response_surface,,36.76358683234641,12.895647272257591,21.09303036046515,,0.5241616499442586,60.27858974358974,0.7964871794871795,0.25441376883939903,0.6120242912636519,0.13641985876936386,27.6042657545831,3.7657700356722135,"[0.04117948717948718, 0.0932051282051282, 0.17666666666666667, 0.20194871794871794, 0.3736153846153846, 0.47207692307692306, 0.583, 0.5506666666666666, 0.7964871794871795, 0.2114871794871795]"
Virtual_2D_response_surface,,42.19534809874875,11.214365064236206,21.132979719885025,,0.506969342251951,58.30147435897437,0.7712307692307693,0.24558991682432285,0.6588987622107235,0.11664188646065202,25.77285762940063,3.0061947333750973,"[0.03966666666666667, 0.09556410256410257, 0.16838461538461538, 0.19987179487179488, 0.37025641025641026, 0.45264102564102565, 0.5441025641025641, 0.5254358974358975, 0.7712307692307693, 0.22117948717948718]"
Virtual_2D_response_surface,,45.00272528827212,11.766718788476885,18.88451392593385,,0.4761744704570792,54.76006410256411,0.7363846153846154,0.26304846464769044,0.6434468860908217,0.15335307802151207,25.928191415139477,3.9761679610425835,"[0.03571794871794872, 0.08184615384615385, 0.15356410256410255, 0.178, 0.33394871794871794, 0.41702564102564105, 0.5147948717948718, 0.49053846153846153, 0.7363846153846154, 0.1948974358974359]"
Virtual_2D_response_surface,,56.950741630507956,6.78037767722284,25.896837439762706,,0.490399331103679,56.39592307692308,0.7328717948717949,0.19070386668460726,0.7852640080011556,0.043370987431770903,19.358857072830432,0.839612746799178,"[0.04741025641025641, 0.09874358974358974, 0.16897435897435897, 0.2047179487179487, 0.3636153846153846, 0.4534871794871795, 0.5246410256410257, 0.501948717948718, 0.7328717948717949, 0.2501025641025641]"
Virtual_2D_response_surface,,44.751005854785745,11.582483669845832,19.29281066090138,,0.47356599777034564,54.46008974358975,0.7227179487179487,0.25231768680443617,0.6485948773029035,0.14502094800178691,24.734238961076215,3.586982782238006,"[0.03758974358974359, 0.08371794871794871, 0.1627948717948718, 0.18356410256410258, 0.33807692307692305, 0.4186410256410256, 0.5184358974358975, 0.4931794871794872, 0.7227179487179487, 0.1963076923076923]"
Virtual_2D_response_surface,,47.29389453505159,8.967659010726313,23.578481665255616,,0.5061229654403567,58.20414102564102,0.76,0.21644700589157492,0.7223517396751981,0.07221192197800921,22.676601699883765,1.6375209926783976,"[0.04494871794871795, 0.09664102564102564, 0.1777948717948718, 0.20687179487179488, 0.3723076923076923, 0.45656410256410257, 0.5483589743589744, 0.530025641025641, 0.76, 0.22530769230769232]"
Virtual_2D_response_surface,,39.459371873925946,12.497975789843702,20.27730124515584,,0.5006742474916387,57.57753846153845,0.7634615384615384,0.2536479570060623,0.6230697308052939,0.1423393622088912,26.287965000372967,3.7418121719227426,"[0.03917948717948718, 0.09015384615384615, 0.16533333333333333, 0.19197435897435897, 0.3553076923076923, 0.45405128205128203, 0.5537435897435897, 0.5228205128205128, 0.7634615384615384, 0.20343589743589743]"
Virtual_2D_response_surface,,50.66869229470354,10.431176712014587,18.920255703254714,,0.44543121516164996,51.224589743589746,0.6778205128205128,0.24095196244383943,0.6809030002532388,0.136980701936904,22.216797763377336,3.0432725524176667,"[0.036923076923076927, 0.08176923076923077, 0.1513076923076923, 0.17025641025641025, 0.3233076923076923, 0.403, 0.4875897435897436, 0.4684615384615385, 0.6778205128205128, 0.1744102564102564]"
Virtual_2D_response_surface,,26.826800490730225,18.671009435484294,19.96472452443995,,0.5351528428093644,61.54257692307691,0.8085128205128205,0.2736004935502611,0.45399327551819285,0.24693860123023562,30.308542956915755,7.484349203107286,"[0.038, 0.09356410256410257, 0.16848717948717948, 0.19789743589743589, 0.3820769230769231, 0.4756410256410256, 0.6074871794871795, 0.5755128205128205, 0.8085128205128205, 0.20466666666666666]"
Virtual_2D_response_surface,,64.33596165675313,7.367632060348064,21.096882012015787,,0.4334885172798217,49.85117948717949,0.6591538461538462,0.20985276267517236,0.7682425705918753,0.08200835625553547,18.830533928400897,1.5442611348822486,"[0.04051282051282051, 0.08397435897435897, 0.15023076923076922, 0.174, 0.30556410256410255, 0.3903333333333333, 0.46205128205128204, 0.4422051282051282, 0.6591538461538462, 0.20612820512820512]"
Virtual_2D_response_surface,,55.14790265794573,8.274228590059874,21.915101416952936,,0.4661130434782608,53.602999999999994,0.7073076923076923,0.21672958019289348,0.7421592218603155,0.08129056911146192,20.911240236743403,1.699886619671373,"[0.040205128205128206, 0.0894102564102564, 0.15917948717948718, 0.18805128205128205, 0.33592307692307694, 0.41805128205128206, 0.5045128205128205, 0.48015384615384615, 0.7073076923076923, 0.21058974358974358]"
Virtual_2D_response_surface,,20.334526490111415,21.49764598736153,22.87573354461752,,0.5650247491638797,64.97784615384616,0.836025641025641,0.2459526374507013,0.4091605868666858,0.23591349343747178,28.766650747327866,6.786441072297775,"[0.044076923076923076, 0.10671794871794872, 0.19105128205128205, 0.21774358974358973, 0.4156666666666667, 0.5203846153846153, 0.6631025641025641, 0.6118717948717949, 0.836025641025641, 0.22628205128205128]"
Virtual_2D_response_surface,,35.403496905879464,13.14768100704255,21.483482418473677,,0.5238982162764771,60.24829487179487,0.787,0.24655301568617427,0.6050365889868975,0.13456236517571762,26.737917823063608,3.597917462145414,"[0.040358974358974356, 0.09441025641025641, 0.17866666666666667, 0.19948717948717948, 0.3821025641025641, 0.48538461538461536, 0.5841794871794872, 0.5594358974358974, 0.787, 0.2083076923076923]"
Virtual_2D_response_surface,,64.49393408981186,7.519031389305307,20.62145157692312,,0.4265173913043478,49.049499999999995,0.650051282051282,0.21170555287192147,0.7638709445587029,0.08797844206724828,18.69129272806436,1.6444308144379896,"[0.038564102564102566, 0.08182051282051282, 0.15028205128205127, 0.17166666666666666, 0.30843589743589744, 0.38535897435897437, 0.4602307692307692, 0.4315128205128205, 0.650051282051282, 0.1996923076923077]"
Virtual_2D_response_surface,,55.706774326782565,10.335947601059438,17.367675234046676,,0.42400356744704576,48.76041025641026,0.6584358974358975,0.2554682707293482,0.6835865027264052,0.16009622871774984,22.422127838865666,3.5896981068296636,"[0.03135897435897436, 0.07266666666666667, 0.13682051282051283, 0.15825641025641027, 0.30005128205128206, 0.3791282051282051, 0.4615641025641026, 0.4305128205128205, 0.6584358974358975, 0.1747948717948718]"
Virtual_2D_response_surface,,46.22353001569171,9.80999540883268,22.053020800716073,,0.4955477146042363,56.98798717948718,0.7520769230769231,0.2291111449405843,0.6984403094252877,0.0928521147783246,23.501849382992962,2.18219641641256,"[0.03761538461538461, 0.09210256410256411, 0.1742051282051282, 0.19723076923076924, 0.36628205128205127, 0.4451538461538462, 0.5401794871794872, 0.5138717948717949, 0.7520769230769231, 0.21110256410256412]"
Virtual_2D_response_surface,,73.55905123167386,5.281950345495812,25.73769006502494,,0.44246867335562984,50.88389743589743,0.6660512820512821,0.17559694692786298,0.8292256762090099,0.03713206481229621,16.083102667561388,0.5971988106347035,"[0.048358974358974356, 0.0896923076923077, 0.1492051282051282, 0.1844102564102564, 0.3118205128205128, 0.40115384615384614, 0.46184615384615385, 0.44294871794871793, 0.6660512820512821, 0.24925641025641027]"
Virtual_2D_response_surface,,15.46581259358415,30.0,21.552914295082925,,0.5089146042363434,58.525179487179486,0.7935897435897435,0.24785853428991547,0.5411880831478735,0.16532126971575123,26.110737372143763,4.316660255577324,"[0.04130769230769231, 0.09528205128205128, 0.1772820512820513, 0.1946153846153846, 0.34797435897435897, 0.452, 0.574025641025641, 0.506, 0.7935897435897435, 0.21274358974358976]"
Virtual_2D_response_surface,,16.54574307663879,29.194033614786285,20.70234872925903,,0.5084657748049052,58.4735641025641,0.8018717948717948,0.2612206700703608,0.5116798974131146,0.19503617358928133,27.494106473293183,5.362345322807393,"[0.039, 0.09094871794871795, 0.16794871794871793, 0.1875897435897436, 0.3436153846153846, 0.4451794871794872, 0.5609487179487179, 0.5041794871794871, 0.8018717948717948, 0.20607692307692307]"
Virtual_2D_response_surface,,43.049052359392185,10.672132183891843,21.766329963854318,,0.4994268673355629,57.43408974358974,0.7505641025641026,0.23170854016335823,0.6741208811921552,0.1039164837559741,23.954344362177274,2.4892512367972044,"[0.041512820512820514, 0.09492307692307693, 0.1743076923076923, 0.20592307692307693, 0.37484615384615383, 0.45487179487179485, 0.5445128205128205, 0.5273846153846153, 0.7505641025641026, 0.2044102564102564]"
Virtual_2D_response_surface,,73.92709204066249,4.862281886577124,27.819943495787612,,0.4517207357859532,51.947884615384616,0.6776923076923077,0.16645503485379048,0.8416982239609136,0.026964014194958842,15.56457649962216,0.41968346167433473,"[0.05061538461538462, 0.09346153846153846, 0.15817948717948718, 0.19343589743589742, 0.32274358974358974, 0.41125641025641024, 0.47397435897435897, 0.4501025641025641, 0.6776923076923077, 0.25753846153846155]"
Virtual_2D_response_surface,,53.341127717717264,9.247029765137045,20.273818364713925,,0.4563292084726867,52.47785897435897,0.6976923076923077,0.23123357013095003,0.7144037992573421,0.10699907326002377,21.842356830245173,2.3371119386509838,"[0.03835897435897436, 0.08743589743589744, 0.1555897435897436, 0.18, 0.3302564102564103, 0.4127948717948718, 0.4967179487179487, 0.4673076923076923, 0.6976923076923077, 0.19571794871794873]"
Virtual_2D_response_surface,,48.71824085890471,8.750697359140796,23.456636494378095,,0.5039471571906354,57.953923076923076,0.7596410256410256,0.2174682173607668,0.7285366479539355,0.07157888151136069,22.685645413082643,1.6238131250317855,"[0.04592307692307692, 0.09987179487179487, 0.1768205128205128, 0.20666666666666667, 0.3671794871794872, 0.4591282051282051, 0.544025641025641, 0.5206923076923077, 0.7596410256410256, 0.23097435897435897]"
Virtual_2D_response_surface,,61.09483358043885,7.9725979857402285,20.53031667431154,,0.432501226309922,49.73764102564103,0.6558717948717949,0.21452988007660376,0.7508127059086086,0.09268457516030548,19.206378296143086,1.7801350127461337,"[0.03907692307692308, 0.08005128205128205, 0.15153846153846154, 0.1738205128205128, 0.3076153846153846, 0.3924102564102564, 0.47333333333333333, 0.4442820512820513, 0.6558717948717949, 0.19741025641025642]"
Virtual_2D_response_surface,,31.787610036836284,12.101002327745858,25.996853030818507,,0.5802254180602007,66.72592307692308,0.8491538461538461,0.21934409730263854,0.6341208468217104,0.07856936663526827,26.344687255187385,2.0698853918442968,"[0.04853846153846154, 0.11276923076923077, 0.20953846153846153, 0.2465128205128205, 0.4493333333333333, 0.5341538461538462, 0.6628461538461539, 0.6283076923076923, 0.8491538461538461, 0.24258974358974358]"
Virtual_2D_response_surface,,35.99672713237471,11.46070486843208,24.239611513536268,,0.5496193979933109,63.206230769230764,0.8118717948717948,0.22495910176060108,0.6520009049861681,0.08727370205541002,25.59387041913495,2.233671821404356,"[0.04484615384615385, 0.107, 0.19423076923076923, 0.22566666666666665, 0.40902564102564104, 0.5043846153846154, 0.6157692307692307, 0.5902820512820512, 0.8118717948717948, 0.23651282051282052]"
Virtual_2D_response_surface,,38.18032087329774,12.433247012768728,21.06569850114333,,0.5066173913043478,58.261,0.7628461538461538,0.24363656029289552,0.6248699451594838,0.13117898032808054,25.550117350603898,3.351638341315018,"[0.039871794871794874, 0.08951282051282052, 0.1675897435897436, 0.20135897435897435, 0.37356410256410255, 0.4611025641025641, 0.5695897435897436, 0.5375128205128206, 0.7628461538461538, 0.2021025641025641]"
Virtual_2D_response_surface,,23.538666843199394,20.83238030757374,20.392911880508304,,0.5332928651059086,61.328679487179485,0.8106666666666666,0.2683696983391764,0.3957933715676125,0.28780552610961696,29.625766584325913,8.52645933820263,"[0.03933333333333333, 0.09241025641025641, 0.16833333333333333, 0.19535897435897437, 0.3738974358974359, 0.4788717948717949, 0.6204615384615385, 0.5652051282051282, 0.8106666666666666, 0.20392307692307693]"
Virtual_2D_response_surface,,39.72534237205905,11.888520045130665,21.17408034938942,,0.5132264214046822,59.02103846153845,0.7845641025641026,0.24947713210537378,0.6400466323009688,0.12353510390729168,26.503918936678037,3.274164379792957,"[0.038871794871794874, 0.09215384615384616, 0.16976923076923076, 0.20166666666666666, 0.36530769230769233, 0.45384615384615384, 0.5678974358974359, 0.5353846153846153, 0.7845641025641026, 0.20566666666666666]"
Virtual_2D_response_surface,,29.126787623615282,15.618752246578198,21.981689797757948,,0.5527480490523969,63.56602564102565,0.819974358974359,0.2512164291687073,0.5370005617288698,0.16178815335305943,28.743893960372912,4.650421524024892,"[0.04141025641025641, 0.10048717948717949, 0.1824871794871795, 0.2205128205128205, 0.40676923076923077, 0.5036410256410256, 0.6327179487179487, 0.6005897435897436, 0.819974358974359, 0.21943589743589745]"
Virtual_2D_response_surface,,32.0144103587265,16.26776213633314,19.201125180379012,,0.5149502787068004,59.21928205128205,0.7881025641025641,0.2774472808717467,0.519262214442349,0.21470176585456036,29.57441180454943,6.349678438546718,"[0.037230769230769234, 0.08607692307692308, 0.15625641025641027, 0.1853846153846154, 0.3627435897435897, 0.45679487179487177, 0.5765897435897436, 0.5469487179487179, 0.7881025641025641, 0.1936923076923077]"
Virtual_2D_response_surface,,44.36792708737129,10.395149597202423,21.682038827164074,,0.4932285395763656,56.721282051282046,0.7441025641025641,0.23058589954096478,0.6819180146581347,0.10213228027740288,23.542430120840972,2.4044420715129022,"[0.04253846153846154, 0.09482051282051282, 0.17335897435897435, 0.20094871794871794, 0.371974358974359, 0.45397435897435895, 0.5412051282051282, 0.5108205128205128, 0.7441025641025641, 0.2123076923076923]"
Virtual_2D_response_surface,,35.10499234935807,13.71671197575553,20.767350745512715,,0.5222711259754738,60.06117948717949,0.7972051282051282,0.2587973529419839,0.5892947719837133,0.1513102269217407,27.97861367853978,4.233450384655573,"[0.039051282051282055, 0.09071794871794872, 0.17276923076923076, 0.19897435897435897, 0.37743589743589745, 0.47333333333333333, 0.5732564102564103, 0.550025641025641, 0.7972051282051282, 0.19987179487179488]"
Virtual_2D_response_surface,,46.93961029369314,8.6691545093193,24.5744483183108,,0.508546934225195,58.482897435897435,0.7563846153846154,0.2067790776472878,0.7308640729786933,0.06257162854701243,21.76747126188445,1.3620261262064015,"[0.045384615384615384, 0.10343589743589744, 0.18564102564102564, 0.21053846153846154, 0.3844871794871795, 0.4676923076923077, 0.5686666666666667, 0.5294102564102564, 0.7563846153846154, 0.23412820512820512]"
Virtual_2D_response_surface,,34.02284518873163,11.25088576481744,26.12417930106673,,0.5694538461538462,65.48719230769231,0.833974358974359,0.21437588440198854,0.6578754493922192,0.07051072940750513,25.269974582336353,1.7818043399096513,"[0.04958974358974359, 0.11717948717948717, 0.2092051282051282, 0.24, 0.43835897435897436, 0.535051282051282, 0.6448461538461538, 0.6105897435897436, 0.833974358974359, 0.24682051282051282]"
Virtual_2D_response_surface,,34.151060064752336,14.39482971000215,20.34179529171052,,0.5168656633221851,59.43955128205128,0.7796666666666666,0.2583835096752095,0.5705954094135502,0.16678808083061417,27.644759772796817,4.610816427528147,"[0.03828205128205128, 0.09182051282051282, 0.16897435897435897, 0.1987948717948718, 0.3773076923076923, 0.4673846153846154, 0.5745128205128205, 0.5562051282051282, 0.7796666666666666, 0.1931025641025641]"
Virtual_2D_response_surface,,43.01548527673502,9.352379166013199,24.85724927196921,,0.5207788182831662,59.88956410256411,0.7678717948717949,0.20751773011568636,0.7114112448558515,0.06530264756264184,22.370663520327597,1.4608635556104017,"[0.04851282051282051, 0.10782051282051282, 0.20041025641025642, 0.22735897435897437, 0.3951282051282051, 0.483974358974359, 0.5776153846153846, 0.5536666666666666, 0.7678717948717949, 0.2236923076923077]"
Virtual_2D_response_surface,,29.53729865308403,13.663270637314039,24.77847391455555,,0.580220624303233,66.72537179487179,0.8494358974358974,0.23032836310677618,0.5907711836121753,0.10447486226708118,27.663742193766968,2.890165655485846,"[0.04428205128205128, 0.11046153846153846, 0.20251282051282052, 0.2373846153846154, 0.4336153846153846, 0.5463589743589744, 0.6642051282051282, 0.6352564102564102, 0.8494358974358974, 0.23576923076923076]"
Virtual_2D_response_surface,,52.733263050850184,7.163424976535744,26.472480529513398,,0.5007507246376811,57.58633333333333,0.7391282051282051,0.1882982589558171,0.7741496013587394,0.042327634612258615,19.5181313513688,0.8261563321548081,"[0.04961538461538462, 0.1076923076923077, 0.1793846153846154, 0.21964102564102564, 0.3814871794871795, 0.4694871794871795, 0.5483333333333333, 0.5211538461538462, 0.7391282051282051, 0.24156410256410257]"
Virtual_2D_response_surface,,15.0,30.0,22.22222222222222,,0.5179471571906356,59.56392307692309,0.8054102564102564,0.24384978252819792,0.5539602318259863,0.14963531484372772,26.14436943990121,3.9121209525303513,"[0.04041025641025641, 0.09802564102564103, 0.17771794871794871, 0.19712820512820514, 0.3586923076923077, 0.44661538461538464, 0.5625384615384615, 0.5194615384615384, 0.8054102564102564, 0.2258974358974359]"
Virtual_2D_response_surface,,15.0,30.0,22.22222222222222,,0.5153662207357859,59.26711538461538,0.7972307692307692,0.24129972291539653,0.5539602318259863,0.14963531484372772,25.742049336544547,3.8519196571966154,"[0.041666666666666664, 0.09651282051282051, 0.17817948717948717, 0.20405128205128206, 0.35912820512820515, 0.4604871794871795, 0.574, 0.5142564102564102, 0.7972307692307692, 0.22728205128205128]"
Virtual_2D_response_surface,,47.42524885426065,10.888388928061937,19.36541267970116,,0.4721296544035674,54.294910256410255,0.7293589743589743,0.25373125767703714,0.668043368472003,0.13584243524183318,24.797368556677505,3.368534932328334,"[0.035512820512820516, 0.08361538461538462, 0.15107692307692308, 0.1762820512820513, 0.33382051282051284, 0.41310256410256413, 0.5060256410256411, 0.48735897435897435, 0.7293589743589743, 0.19353846153846155]"
Virtual_2D_response_surface,,39.73619431344012,10.413821205531715,24.16593551403453,,0.5353865105908584,61.56944871794872,0.7982820512820513,0.2218394558179233,0.6813919360657832,0.07879607931379781,24.5853593974787,1.9372299290419561,"[0.046051282051282054, 0.10712820512820513, 0.1945897435897436, 0.22374358974358974, 0.4033076923076923, 0.48435897435897435, 0.5880512820512821, 0.562974358974359, 0.7982820512820513, 0.23602564102564103]"
Virtual_2D_response_surface,,35.81073187465491,12.368547096061624,22.577097890255082,,0.5430176142697881,62.44702564102563,0.8201794871794872,0.24443584667767,0.6266700260489851,0.11268087065326109,27.475724853119285,3.0959885982789253,"[0.04135897435897436, 0.09828205128205128, 0.18982051282051282, 0.21297435897435898, 0.39471794871794874, 0.4877435897435897, 0.6044102564102564, 0.5727692307692308, 0.8201794871794872, 0.2212051282051282]"
Virtual_2D_response_surface,,37.54462285566895,10.308115326702907,25.838838360057593,,0.5478159420289854,62.99883333333333,0.7964615384615384,0.20707513033440716,0.6843711376688858,0.06530639058050433,23.48188492214807,1.5335171482922574,"[0.04682051282051282, 0.11346153846153846, 0.2032051282051282, 0.23653846153846153, 0.4193846153846154, 0.5185897435897436, 0.6193589743589744, 0.5925641025641025, 0.7964615384615384, 0.24015384615384616]"
Virtual_2D_response_surface,,15.0,23.545748214708716,28.313675173431477,,0.6062140468227425,69.71461538461539,0.8794102564102564,0.2086301152831401,0.5539602318259863,0.08889928310242134,26.180222840301745,2.3274030419644625,"[0.05217948717948718, 0.12994871794871796, 0.22802564102564102, 0.2589230769230769, 0.4581794871794872, 0.5701282051282052, 0.7035128205128205, 0.6531794871794872, 0.8794102564102564, 0.2721025641025641]"
Virtual_2D_response_surface,,25.045920471233845,14.835434149415889,26.9130391147345,,0.6070292084726868,69.80835897435898,0.863,0.2153310040076151,0.5584791167974319,0.09834326075503691,27.05742724693091,2.660915623105367,"[0.051974358974358974, 0.12112820512820513, 0.2216153846153846, 0.2588205128205128, 0.4746666666666667, 0.5831282051282052, 0.7066666666666667, 0.6806666666666666, 0.863, 0.25735897435897437]"
Virtual_2D_response_surface,,32.66724533891884,14.295707510836355,21.41321274590598,,0.5382625418060201,61.90019230769231,0.814076923076923,0.25620890931975915,0.5733247808683375,0.1504108683868435,28.546885364106945,4.293761817354999,"[0.04005128205128205, 0.09133333333333334, 0.17797435897435898, 0.21102564102564103, 0.3971794871794872, 0.49156410256410255, 0.6027948717948718, 0.570974358974359, 0.814076923076923, 0.20758974358974358]"
Virtual_2D_response_surface,,49.99747042795268,8.246364963451725,24.254337479188486,,0.5017445930880714,57.70062820512821,0.7540256410256411,0.20882018669546598,0.7429576155269288,0.06200107831665566,21.688300717632977,1.3446980313491415,"[0.045153846153846156, 0.09935897435897435, 0.17812820512820512, 0.20661538461538462, 0.3746923076923077, 0.45474358974358975, 0.5458461538461539, 0.5167435897435897, 0.7540256410256411, 0.23464102564102565]"
Virtual_2D_response_surface,,38.8814716676721,12.16030368214007,21.150122373975908,,0.5116005574136009,58.834064102564106,0.7765128205128206,0.24711993917108246,0.6324683633192472,0.12692851621678175,26.170326615983775,3.3217607262753717,"[0.03951282051282051, 0.09292307692307693, 0.17302564102564102, 0.2001794871794872, 0.3729487179487179, 0.45892307692307693, 0.5648717948717948, 0.5344615384615384, 0.7765128205128206, 0.21258974358974358]"
Virtual_2D_response_surface,,32.67037796090723,14.779844445730003,20.709803486906115,,0.5324804905239688,61.23525641025641,0.8096666666666666,0.26376183278291726,0.5600063758310208,0.16702793824461334,29.07274223106201,4.855960193971388,"[0.03858974358974359, 0.09392307692307693, 0.17615384615384616, 0.19874358974358974, 0.3750769230769231, 0.4711025641025641, 0.5913846153846154, 0.5678461538461539, 0.8096666666666666, 0.20364102564102565]"
Virtual_2D_response_surface,,38.22807791930135,13.47732545855345,19.409476469586696,,0.49358662207357856,56.76246153846154,0.7537435897435898,0.26192451728768423,0.5959114544413199,0.1678364119818983,26.761464609340106,4.491548199412197,"[0.03497435897435897, 0.08194871794871794, 0.15605128205128205, 0.18894871794871795, 0.3587692307692308, 0.4444102564102564, 0.5540512820512821, 0.5196410256410257, 0.7537435897435898, 0.18717948717948718]"
Virtual_2D_response_surface,,45.92484328234437,9.349261745344661,23.290295481820472,,0.5031140468227424,57.85811538461538,0.7555897435897436,0.21785361716372564,0.7114997628646705,0.07753488438828114,22.688279493866396,1.7591331275259408,"[0.04346153846153846, 0.09407692307692307, 0.17907692307692308, 0.2077179487179487, 0.37894871794871793, 0.4682820512820513, 0.5475128205128205, 0.5239230769230769, 0.7555897435897436, 0.21974358974358973]"
Virtual_2D_response_surface,,27.018050997435687,18.197212545674585,20.3395394619002,,0.5377532887402453,61.84162820512821,0.811974358974359,0.26955371767579195,0.4668121021361314,0.23105366573890523,30.00535342166956,6.932846899868156,"[0.03753846153846154, 0.095, 0.17551282051282052, 0.19938461538461538, 0.38233333333333336, 0.49646153846153845, 0.6129230769230769, 0.5746410256410256, 0.811974358974359, 0.2062051282051282]"
Virtual_2D_response_surface,,16.884731374434985,24.63761192167985,24.038492799762064,,0.5675528428093646,65.26857692307692,0.8512051282051282,0.23808456939169637,0.5024455693192481,0.15509380541269627,27.97099385677124,4.338127878421801,"[0.04482051282051282, 0.11012820512820513, 0.1986923076923077, 0.2212051282051282, 0.4174102564102564, 0.5277948717948718, 0.6413333333333333, 0.5983846153846154, 0.8512051282051282, 0.23464102564102565]"
Virtual_2D_response_surface,,28.634646691826585,15.097796572017101,23.131010282781833,,0.564318171683389,64.89658974358974,0.8391794871794872,0.24409915860524872,0.5512764514515358,0.13978382288631552,28.514165314968487,3.985819034138676,"[0.04346153846153846, 0.10282051282051283, 0.191025641025641, 0.2216923076923077, 0.42235897435897435, 0.5264615384615384, 0.644948717948718, 0.6044102564102564, 0.8391794871794872, 0.23038461538461538]"
Virtual_2D_response_surface,,36.399109750483206,12.671460965065101,21.68116168405177,,0.5269410256410256,60.598217948717945,0.7967692307692308,0.24736359656890308,0.6182480933370915,0.12638999837689055,26.98162764743003,3.4102078745645468,"[0.0408974358974359, 0.09415384615384616, 0.17476923076923076, 0.20284615384615384, 0.3863076923076923, 0.4724871794871795, 0.580076923076923, 0.5561794871794872, 0.7967692307692308, 0.21774358974358973]"
Virtual_2D_response_surface,,34.16620309715013,12.525810344875678,23.36670362346194,,0.5443772575250837,62.60338461538462,0.8057179487179488,0.23169929603193815,0.6222958106948314,0.10605703418609845,26.109288260282312,2.7690736775954603,"[0.04451282051282051, 0.10553846153846154, 0.1916923076923077, 0.22233333333333333, 0.40925641025641024, 0.5012564102564102, 0.6182820512820513, 0.5865128205128205, 0.8057179487179488, 0.22]"
Virtual_2D_response_surface,,31.34167254596958,17.02404837193937,18.74195913211704,,0.5062697881828317,58.22102564102565,0.7797692307692308,0.28138718493891496,0.49865422995273145,0.2364270208759834,29.488770916892268,6.971942257175181,"[0.03333333333333333, 0.08115384615384616, 0.1531025641025641, 0.18061538461538462, 0.3567692307692308, 0.44466666666666665, 0.5671538461538461, 0.5338974358974359, 0.7797692307692308, 0.18853846153846154]"
Virtual_2D_response_surface,,37.60128066488926,13.181517343290073,20.175855451034305,,0.5026403567447046,57.80364102564103,0.7607179487179487,0.25402041314071394,0.6040991974180944,0.1524791683958681,26.429948593867543,4.030016582338466,"[0.03766666666666667, 0.08748717948717949, 0.16166666666666665, 0.19392307692307692, 0.36443589743589744, 0.45056410256410256, 0.5603589743589743, 0.5362820512820513, 0.7607179487179487, 0.19402564102564102]"
Virtual_2D_response_surface,,41.676801801269455,12.794193982815885,18.75394699686821,,0.48529018952062436,55.8083717948718,0.7517948717948718,0.27072179144801045,0.6148398474688316,0.16876237339205946,27.195376302187764,4.5895562500473766,"[0.03597435897435897, 0.08141025641025641, 0.15282051282051282, 0.17905128205128204, 0.34192307692307694, 0.4357179487179487, 0.5173076923076924, 0.5014102564102564, 0.7517948717948718, 0.19297435897435897]"
Virtual_2D_response_surface,,31.389617026962007,14.427816272093272,22.080727579524826,,0.5424600891861762,62.38291025641026,0.8122051282051282,0.24760050816707804,0.569687405704946,0.14355385453662223,27.80287250477113,3.9912095152501688,"[0.040769230769230766, 0.09974358974358974, 0.1855128205128205, 0.2161025641025641, 0.4011025641025641, 0.49643589743589744, 0.6052051282051282, 0.5817692307692308, 0.8122051282051282, 0.21297435897435898]"
Virtual_2D_response_surface,,49.53073319390073,9.554308005841422,21.131289771572757,,0.47963455964325535,55.157974358974364,0.7333076923076923,0.23321484854933186,0.7056820948992198,0.10015646155570394,23.154585545549047,2.3190813570310413,"[0.03935897435897436, 0.08515384615384615, 0.1626923076923077, 0.1918974358974359, 0.3464358974358974, 0.4441794871794872, 0.5236666666666666, 0.4904871794871795, 0.7333076923076923, 0.20546153846153847]"
Virtual_2D_response_surface,,30.43823181130977,14.226792419939486,23.092639984033223,,0.5548089186176143,63.80302564102564,0.8241538461538461,0.2400108357007225,0.5752231754189235,0.1287703272363569,27.564151507806944,3.5494448096528206,"[0.04305128205128205, 0.09994871794871794, 0.18843589743589745, 0.22405128205128205, 0.4106153846153846, 0.5244871794871795, 0.6313589743589744, 0.6001025641025641, 0.8241538461538461, 0.2143076923076923]"
Virtual_2D_response_surface,,34.489282078208284,14.734195586942114,19.678383281142523,,0.5082971014492754,58.45416666666667,0.780025641025641,0.26757160759205667,0.5612608254469919,0.181904159691307,28.15321562181723,5.1211870302948395,"[0.03561538461538462, 0.08876923076923077, 0.16482051282051283, 0.1902051282051282, 0.36766666666666664, 0.4489230769230769, 0.5735384615384616, 0.5334871794871795, 0.780025641025641, 0.18633333333333332]"
Virtual_2D_response_surface,,39.304599043765414,12.003536857374522,21.195682207088343,,0.5055790412486064,58.14158974358973,0.763051282051282,0.24216462677654133,0.6368380672894648,0.12457225967800353,25.343705484812144,3.157122660856861,"[0.04082051282051282, 0.08943589743589743, 0.16907692307692307, 0.19897435897435897, 0.3741282051282051, 0.4571282051282051, 0.569025641025641, 0.5315384615384615, 0.763051282051282, 0.2076923076923077]"
Virtual_2D_response_surface,,33.33084373189228,13.366854510239433,22.445251263620694,,0.5469646599777035,62.9009358974359,0.818025641025641,0.24525100199165803,0.5989676963838876,0.12561919533456384,27.767731599106572,3.488160099745909,"[0.041692307692307695, 0.09956410256410256, 0.18356410256410258, 0.22176923076923077, 0.40782051282051285, 0.5014102564102564, 0.6233589743589744, 0.5835641025641025, 0.818025641025641, 0.2171025641025641]"
Virtual_2D_response_surface,,21.16298177666709,19.959130021299273,23.67453920124389,,0.5826090301003345,67.00003846153847,0.8585641025641025,0.24400120788442423,0.41925478516339154,0.21618962778759193,29.42656256325288,6.361717607617927,"[0.04446153846153846, 0.11069230769230769, 0.2012051282051282, 0.22528205128205128, 0.4276153846153846, 0.5381794871794872, 0.6745384615384615, 0.6356153846153846, 0.8585641025641025, 0.2348974358974359]"
Virtual_2D_response_surface,,48.9572164969275,8.050813294950887,25.371347122297397,,0.5144377926421404,59.16034615384615,0.7684871794871795,0.20356016076046052,0.7485665058284576,0.053363935182182784,21.676841232698546,1.1567615504961923,"[0.046948717948717945, 0.10497435897435897, 0.189, 0.21697435897435896, 0.3821025641025641, 0.4676666666666667, 0.5600512820512821, 0.532, 0.7684871794871795, 0.24417948717948718]"
Virtual_2D_response_surface,,33.81343056906691,12.63271243137644,23.410686824217496,,0.5511053511705687,63.377115384615394,0.8214102564102564,0.23585789613613337,0.6193246124020889,0.10674969474654222,26.906387576026244,2.8722486604729576,"[0.04305128205128205, 0.1018974358974359, 0.19166666666666668, 0.22733333333333333, 0.4073846153846154, 0.5189230769230769, 0.619, 0.5913846153846154, 0.8214102564102564, 0.2154102564102564]"
Virtual_2D_response_surface,,15.0,30.0,22.22222222222222,,0.5201876254180603,59.82157692307693,0.8074615384615385,0.24449016584957345,0.5539602318259863,0.14963531484372772,26.32641707395097,3.9393617075679424,"[0.041102564102564104, 0.1001025641025641, 0.17935897435897435, 0.19723076923076924, 0.3628461538461539, 0.45715384615384613, 0.5596923076923077, 0.5246153846153846, 0.8074615384615385, 0.22176923076923077]"
Virtual_2D_response_surface,,32.610766553021946,14.11746554090363,21.72112206280892,,0.5401156075808249,62.113294871794864,0.8125384615384615,0.25194982856799725,0.5782361246904424,0.14397923517291855,28.168981190535924,4.055748367413691,"[0.0417948717948718, 0.09394871794871795, 0.1804102564102564, 0.2128205128205128, 0.3978974358974359, 0.49035897435897435, 0.6086410256410256, 0.5768974358974359, 0.8125384615384615, 0.20966666666666667]"
Virtual_2D_response_surface,,31.620190874571996,13.06121297833108,24.213189535083494,,0.5644017837235229,64.90620512820513,0.830076923076923,0.2303339155999434,0.607432854077108,0.1033607687121722,26.910180673042706,2.7814569605491335,"[0.04676923076923077, 0.10538461538461538, 0.2002820512820513, 0.23487179487179488, 0.4277692307692308, 0.524974358974359, 0.6448461538461538, 0.6121025641025641, 0.830076923076923, 0.22884615384615384]"
Virtual_2D_response_surface,,53.006865936333824,9.308334049720207,20.267300765720414,,0.4592059085841695,52.80867948717949,0.7036666666666667,0.23333051169621838,0.7126620895276241,0.10766081209045132,22.179377172141326,2.387849758013153,"[0.03802564102564102, 0.08787179487179488, 0.1595128205128205, 0.18225641025641026, 0.33043589743589746, 0.4185897435897436, 0.49153846153846154, 0.46935897435897433, 0.7036666666666667, 0.19628205128205128]"
Virtual_2D_response_surface,,24.080737754360772,17.732314518530906,23.418808002201857,,0.5766885172798217,66.3191794871795,0.8448717948717949,0.24269330002484668,0.47941275531667626,0.17685110838537105,28.97139694443068,5.123623661095118,"[0.04361538461538462, 0.10648717948717949, 0.1956153846153846, 0.2267948717948718, 0.428025641025641, 0.5465641025641026, 0.6723076923076923, 0.6334358974358975, 0.8448717948717949, 0.2296153846153846]"
Virtual_2D_response_surface,,18.025391196584998,29.61768354233651,18.731140123538772,,0.48555395763656634,55.83870512820513,0.7659230769230769,0.276363658786272,0.4714665270934618,0.25596838078378786,27.77721993201337,7.11009000867262,"[0.03597435897435897, 0.08579487179487179, 0.15864102564102564, 0.17912820512820513, 0.32687179487179485, 0.41535897435897434, 0.5336923076923077, 0.4864871794871795, 0.7659230769230769, 0.1906923076923077]"
Virtual_2D_response_surface,,43.33198350852282,10.12783119556155,22.786361161947713,,0.5062289855072464,58.21633333333334,0.7557435897435898,0.22274042559170337,0.689457362248912,0.0885491504139806,23.340835553499243,2.0668111582147906,"[0.04279487179487179, 0.1, 0.1849230769230769, 0.20533333333333334, 0.3782307692307692, 0.4693076923076923, 0.5676410256410256, 0.5316410256410257, 0.7557435897435898, 0.21723076923076923]"
Virtual_2D_response_surface,,38.44228257794529,10.05593379722288,25.868332093381234,,0.5501551839464883,63.26784615384616,0.8037948717948717,0.20871603613918713,0.691487575217529,0.06327996881757492,23.769025315730435,1.5041031808035707,"[0.047615384615384615, 0.11284615384615385, 0.201, 0.23364102564102565, 0.42138461538461536, 0.5140769230769231, 0.625, 0.5901794871794872, 0.8037948717948717, 0.24456410256410258]"
Virtual_2D_response_surface,,40.72235517984329,9.295925758791228,26.416450716461668,,0.548109364548495,63.032576923076924,0.8054358974358974,0.2048746301635047,0.7130145525019521,0.05467106704572215,23.244796593662485,1.2708178330362956,"[0.04948717948717949, 0.11061538461538462, 0.20712820512820512, 0.23325641025641025, 0.41517948717948716, 0.5157435897435897, 0.6077179487179487, 0.5808461538461539, 0.8054358974358974, 0.2512051282051282]"
Virtual_2D_response_surface,,21.5108800368033,18.188378921852788,25.559233665045966,,0.5989294314381272,68.87688461538463,0.8562307692307692,0.22500164946080736,0.4670513191165469,0.15849445097427362,27.895342766729847,4.421257036552022,"[0.049692307692307695, 0.11617948717948717, 0.21956410256410255, 0.2478974358974359, 0.4584358974358974, 0.5758974358974359, 0.7107179487179487, 0.6702820512820513, 0.8562307692307692, 0.2455128205128205]"
Virtual_2D_response_surface,,45.348957868949114,9.220998670018133,23.914137902755787,,0.5100588628762541,58.65676923076923,0.7642820512820513,0.21461628039802433,0.715143620505477,0.07143517608924255,22.659655738451356,1.618696497797888,"[0.04479487179487179, 0.10264102564102565, 0.18420512820512822, 0.21143589743589744, 0.3848974358974359, 0.46707692307692306, 0.5533589743589744, 0.532025641025641, 0.7642820512820513, 0.22484615384615383]"
Virtual_2D_response_surface,,55.12659425045404,9.128939422012438,19.870944595245124,,0.4498489409141583,51.7326282051282,0.6835384615384615,0.23113378764434095,0.7177612322674354,0.11071256343055333,21.52288494332594,2.3828537644964745,"[0.03782051282051282, 0.0843076923076923, 0.15428205128205127, 0.17702564102564103, 0.3215128205128205, 0.4063076923076923, 0.4957179487179487, 0.4633076923076923, 0.6835384615384615, 0.1996923076923077]"
Virtual_2D_response_surface,,30.54508777471345,13.673907686996845,23.94230609919142,,0.5611772575250835,64.5353846153846,0.8273589743589743,0.23221267411785512,0.5904772836615144,0.11287234118392592,26.97468162617294,3.04469546783717,"[0.04507692307692308, 0.10530769230769231, 0.19782051282051283, 0.23012820512820512, 0.429, 0.5168717948717949, 0.6457692307692308, 0.6093333333333333, 0.8273589743589743, 0.21974358974358973]"
Virtual_2D_response_surface,,36.87941042157624,12.078362840574218,22.44956646656715,,0.5378966555183947,61.85811538461539,0.8105641025641026,0.24289679824262114,0.6347518684277857,0.11092955832283771,27.045248710042266,3.000117494136285,"[0.04146153846153846, 0.10053846153846153, 0.18046153846153845, 0.20864102564102563, 0.3931025641025641, 0.48028205128205126, 0.5915641025641025, 0.5696666666666667, 0.8105641025641026, 0.2246923076923077]"
Virtual_2D_response_surface,,32.41020174594662,13.362075493802447,23.09108523922261,,0.5516054626532888,63.434628205128206,0.821076923076923,0.23910679073761457,0.5990999510076987,0.11828449405186026,27.301770669171553,3.2293761303228754,"[0.04312820512820513, 0.10194871794871795, 0.18997435897435896, 0.22182051282051282, 0.4124102564102564, 0.5065384615384615, 0.6238205128205129, 0.5924615384615385, 0.821076923076923, 0.22094871794871795]"
Virtual_2D_response_surface,,34.005699948803006,12.66279951357702,23.223012217221587,,0.546218060200669,62.81507692307693,0.8107692307692308,0.23465641485419686,0.6184887070068841,0.1090075963434173,26.53192934920769,2.8921818447104983,"[0.044, 0.10123076923076924, 0.18838461538461537, 0.2285128205128205, 0.41112820512820514, 0.5088717948717949, 0.6123846153846154, 0.5885384615384616, 0.8107692307692308, 0.215974358974359]"
Virtual_2D_response_surface,,49.587031138650254,9.702598361207714,20.78470374895607,,0.48210824972129324,55.44244871794872,0.7443076923076923,0.24084981578383552,0.7014804030302492,0.10541971688683667,24.035946408580855,2.5338626654997722,"[0.03717948717948718, 0.08461538461538462, 0.16346153846153846, 0.18684615384615386, 0.34417948717948715, 0.4247179487179487, 0.5128717948717949, 0.49312820512820515, 0.7443076923076923, 0.2028974358974359]"
Virtual_2D_response_surface,,40.266201612432994,10.057824180729593,24.691944763604763,,0.5349473801560758,61.51894871794872,0.7948205128205128,0.21615655786066754,0.6914341818052483,0.07175764544038526,23.935903556541696,1.7175840807055758,"[0.04725641025641026, 0.10497435897435897, 0.19592307692307692, 0.22382051282051282, 0.40584615384615386, 0.49564102564102563, 0.5975897435897436, 0.5624102564102564, 0.7948205128205128, 0.23482051282051283]"
Virtual_2D_response_surface,,36.28155359198403,10.870013028621244,25.356193650489907,,0.5612680044593087,64.5458205128205,0.8253333333333334,0.21857546500928424,0.6685594496357578,0.07310700278394423,25.39463891939197,1.8565259381772472,"[0.04628205128205128, 0.11164102564102564, 0.20856410256410257, 0.23615384615384616, 0.4278461538461538, 0.5169230769230769, 0.6308461538461538, 0.5985128205128205, 0.8253333333333334, 0.24971794871794872]"
Virtual_2D_response_surface,,37.473866167881056,13.143970663327854,20.30228487942251,,0.5134111482720177,59.042282051282044,0.7819487179487179,0.2596928667039925,0.6051393896565228,0.15020243483673434,27.59914706875761,4.145459089144513,"[0.03835897435897436, 0.08846153846153847, 0.17056410256410257, 0.19446153846153846, 0.36646153846153845, 0.4615128205128205, 0.5649487179487179, 0.5383589743589744, 0.7819487179487179, 0.21035897435897435]"
Virtual_2D_response_surface,,28.15405423412084,16.883908268279296,21.037109776254898,,0.5406788182831661,62.1780641025641,0.818025641025641,0.26228270576395285,0.5024679756152367,0.1957145496748326,29.354815605573034,5.7451645170324745,"[0.04017948717948718, 0.094, 0.17453846153846153, 0.19951282051282052, 0.3843076923076923, 0.5034358974358975, 0.6184871794871795, 0.576076923076923, 0.818025641025641, 0.2051025641025641]"
Virtual_2D_response_surface,,48.440454544758765,8.563742856132555,24.106167618459867,,0.5087030100334449,58.50084615384616,0.7686666666666667,0.2141303236138289,0.7338751509871921,0.06523022901390273,22.54824921349061,1.4708274600585445,"[0.04230769230769231, 0.09535897435897436, 0.17797435897435898, 0.20907692307692308, 0.37661538461538463, 0.45976923076923076, 0.5564102564102564, 0.5226923076923077, 0.7686666666666667, 0.23264102564102565]"
Virtual_2D_response_surface,,36.43748420186831,12.358385007870421,22.20700013862979,,0.5365684503901895,61.705371794871795,0.8115641025641026,0.24594583557354682,0.6269528166907299,0.11667344043463364,27.317122605839003,3.187182677197941,"[0.0398974358974359, 0.09902564102564103, 0.18187179487179486, 0.2098974358974359, 0.39105128205128203, 0.4767692307692308, 0.5845128205128205, 0.5666666666666667, 0.8115641025641026, 0.22192307692307692]"
Virtual_2D_response_surface,,34.81816600925481,12.55028678457319,22.88444890959958,,0.5427720178372353,62.41878205128205,0.8122820512820513,0.23867012677477226,0.6216153620716743,0.1113510855556978,26.81549752555146,2.985934759186283,"[0.04394871794871795, 0.09884615384615385, 0.18797435897435896, 0.21523076923076923, 0.4046923076923077, 0.5034358974358975, 0.6031282051282051, 0.5785384615384616, 0.8122820512820513, 0.21897435897435896]"
Virtual_2D_response_surface,,41.10400019097648,10.031301459855237,24.252618154529905,,0.5328449275362318,61.27716666666666,0.7927435897435897,0.2195005150240909,0.6921833760567165,0.07499067635882865,24.2106653565907,1.815574170187998,"[0.0442051282051282, 0.10412820512820513, 0.1925128205128205, 0.2226153846153846, 0.40192307692307694, 0.48025641025641025, 0.5767435897435897, 0.5617948717948718, 0.7927435897435897, 0.2423846153846154]"
Virtual_2D_response_surface,,47.86281743338681,9.761187018563758,21.404205238961282,,0.48572920847268675,55.858858974358974,0.736897435897436,0.23133102655182658,0.6998216295441607,0.09912398180946169,23.259396939393913,2.305564039119531,"[0.039384615384615386, 0.08928205128205129, 0.16297435897435897, 0.19125641025641027, 0.3601025641025641, 0.44776923076923075, 0.5303589743589744, 0.5040256410256411, 0.736897435897436, 0.20553846153846153]"
Virtual_2D_response_surface,,34.34019570260717,12.487071581647658,23.320434233199762,,0.5434433667781493,62.49598717948717,0.8065641025641026,0.23241694198523857,0.6233729481391097,0.10611717643205783,26.145227207889153,2.774457688475812,"[0.043743589743589745, 0.10064102564102564, 0.19123076923076923, 0.2206923076923077, 0.4016153846153846, 0.5050769230769231, 0.6217692307692307, 0.5828717948717949, 0.8065641025641026, 0.22115384615384615]"
Virtual_2D_response_surface,,35.55920278832539,11.840504462478824,23.750774611771817,,0.5511583054626533,63.383205128205134,0.8222051282051283,0.23263559068066225,0.6413867553721543,0.09530956188800944,26.54134085562045,2.5296435688695107,"[0.04382051282051282, 0.10571794871794872, 0.19782051282051283, 0.2251025641025641, 0.41215384615384615, 0.5125641025641026, 0.6178461538461538, 0.5837692307692308, 0.8222051282051283, 0.22866666666666666]"
Virtual_2D_response_surface,,28.89204899495876,13.015149718549656,26.593315682402178,,0.592176923076923,68.10034615384615,0.8542564102564103,0.21571095702681142,0.6087098533651842,0.08226068869075912,26.441983516865918,2.175135774447091,"[0.05028205128205128, 0.11705128205128205, 0.22397435897435897, 0.25015384615384617, 0.4573846153846154, 0.5661282051282052, 0.6867179487179487, 0.6493076923076923, 0.8542564102564103, 0.2512820512820513]"
Virtual_2D_response_surface,,20.49258472311986,22.760680839493784,21.439665821974998,,0.5445454849498328,62.62273076923077,0.8278461538461539,0.26037601359152285,0.40491435320879754,0.2619571704387603,29.349822596233516,7.688396480188922,"[0.04017948717948718, 0.09392307692307693, 0.1738974358974359, 0.2054102564102564, 0.38774358974358974, 0.49415384615384617, 0.6344615384615384, 0.5715128205128205, 0.8278461538461539, 0.21323076923076922]"
Virtual_2D_response_surface,,47.29956750101947,10.379137928290229,20.369555265803587,,0.48003656633221853,55.20420512820513,0.7376153846153846,0.24362923015547402,0.6823692030446799,0.11709158341847625,24.208844394113076,2.8346519228382023,"[0.035923076923076926, 0.08407692307692308, 0.16025641025641027, 0.1828974358974359, 0.34623076923076923, 0.4297435897435897, 0.5137692307692308, 0.49543589743589744, 0.7376153846153846, 0.19933333333333333]"
Virtual_2D_response_surface,,41.21373784371261,9.557217037036665,25.387886444199545,,0.5466124860646601,62.860435897435906,0.8161025641025641,0.21586088981110968,0.7055996243688034,0.06302608481215143,24.424397328122524,1.5393741374879348,"[0.04948717948717949, 0.10851282051282052, 0.2026923076923077, 0.23407692307692307, 0.41925641025641025, 0.49866666666666665, 0.6004871794871794, 0.5696923076923077, 0.8161025641025641, 0.2408205128205128]"
Virtual_2D_response_surface,,39.75557524627099,12.78373603042214,19.67633299222458,,0.4959003344481605,57.02853846153846,0.7598974358974359,0.2604253464499445,0.6151301693672607,0.15448540813330197,26.733018395484248,4.129861257461453,"[0.03641025641025641, 0.08594871794871795, 0.15894871794871795, 0.19202564102564101, 0.3587692307692308, 0.4396923076923077, 0.5471538461538461, 0.5162820512820513, 0.7598974358974359, 0.19748717948717948]"
Virtual_2D_response_surface,,33.77242552854364,15.18105903123658,19.50453847448893,,0.5055159420289856,58.134333333333345,0.7691282051282051,0.2661297009736974,0.5489924888717906,0.1916095845116151,27.848290943349458,5.335999457013764,"[0.03712820512820513, 0.08641025641025642, 0.1615128205128205, 0.1912051282051282, 0.3627179487179487, 0.4581282051282051, 0.5772307692307692, 0.5364102564102564, 0.7691282051282051, 0.1865897435897436]"
Virtual_2D_response_surface,,32.870966333728816,14.385623492428032,21.14749051713128,,0.5347326644370123,61.49425641025641,0.8092564102564103,0.25795614542024864,0.5708488503587845,0.15523778885467002,28.55307842833349,4.432516760208467,"[0.04046153846153846, 0.0918974358974359, 0.17035897435897435, 0.20323076923076924, 0.39115384615384613, 0.4807179487179487, 0.6028717948717949, 0.5693076923076923, 0.8092564102564103, 0.20651282051282052]"
Virtual_2D_response_surface,,41.39668799973825,11.387282626239328,21.213596506529015,,0.5078120401337792,58.398384615384614,0.7698205128205128,0.24416576376072185,0.6540557044626442,0.11753841448304421,25.665995127613993,3.0167403734292866,"[0.04048717948717949, 0.09528205128205128, 0.17505128205128206, 0.19592307692307692, 0.37025641025641026, 0.4604102564102564, 0.5554871794871795, 0.5281282051282051, 0.7698205128205128, 0.2183076923076923]"
Virtual_2D_response_surface,,37.586533007640575,12.974851160691868,20.50526315946463,,0.508526867335563,58.48058974358974,0.7717179487179487,0.2535367331989602,0.6098273033046832,0.14521237772717924,26.68855982244905,3.8755092299318914,"[0.03876923076923077, 0.08805128205128206, 0.16646153846153847, 0.19653846153846155, 0.3732051282051282, 0.46294871794871795, 0.5578717948717948, 0.5394615384615384, 0.7717179487179487, 0.19538461538461538]"
Virtual_2D_response_surface,,27.30194233979752,16.272470952497255,22.508831491745365,,0.5532738015607581,63.626487179487185,0.8179487179487179,0.2445126748976442,0.5191336997417543,0.16478864447399355,28.00346863427474,4.61465363681213,"[0.040846153846153845, 0.10292307692307692, 0.18671794871794872, 0.21707692307692308, 0.41002564102564104, 0.5135897435897436, 0.6426410256410257, 0.6027435897435898, 0.8179487179487179, 0.21507692307692308]"
Virtual_2D_response_surface,,39.59658867282985,13.662243645822391,18.485031788311815,,0.48197012263099226,55.42656410256411,0.7411794871794872,0.2707843744798721,0.5907995600791835,0.1854112856500026,27.015565482146435,5.008990728606602,"[0.035666666666666666, 0.08341025641025641, 0.15294871794871795, 0.17574358974358975, 0.3416666666666667, 0.4224871794871795, 0.5394102564102564, 0.5037692307692307, 0.7411794871794872, 0.18587179487179487]"
Virtual_2D_response_surface,,52.45663135193766,7.691339718419425,24.785495649769526,,0.49099520624303233,56.46444871794872,0.733025641025641,0.19889975512839791,0.7589034923280291,0.0548867355700833,20.215377042227967,1.109556054166299,"[0.04623076923076923, 0.103, 0.17664102564102563, 0.20176923076923076, 0.37438461538461537, 0.4592307692307692, 0.5352564102564102, 0.5058461538461538, 0.733025641025641, 0.23153846153846153]"
Virtual_2D_response_surface,,21.273864071010614,19.024897311024876,24.707641924946763,,0.5941913043478262,68.33200000000001,0.8632307692307692,0.2348316294785381,0.4444334144142137,0.18370392415999276,28.883726829949445,5.306053963026981,"[0.04741025641025641, 0.11525641025641026, 0.20533333333333334, 0.2428974358974359, 0.4416923076923077, 0.5694615384615385, 0.7018974358974359, 0.654051282051282, 0.8632307692307692, 0.2413846153846154]"
Virtual_2D_response_surface,,40.77660399055212,12.132094159423495,20.21404248888916,,0.5014953177257524,57.67196153846153,0.7682051282051282,0.25611123922942763,0.6332543739686342,0.13872983624145585,26.58678756913309,3.6883806856522074,"[0.0381025641025641, 0.09007692307692308, 0.16807692307692307, 0.19697435897435897, 0.36466666666666664, 0.44446153846153846, 0.5472307692307692, 0.5188974358974359, 0.7682051282051282, 0.20464102564102565]"
Virtual_2D_response_surface,,29.467526946892818,14.827420566083463,22.887096700210503,,0.5618284280936455,64.61026923076923,0.8385128205128205,0.2465817168793529,0.5586992552390941,0.13902185485333754,28.677080006928552,3.986740854340769,"[0.04512820512820513, 0.10248717948717949, 0.19382051282051282, 0.22443589743589742, 0.4138974358974359, 0.5213589743589744, 0.635, 0.5967435897435898, 0.8385128205128205, 0.2357179487179487]"
Virtual_2D_response_surface,,44.80578958900122,7.804519121957892,28.596949991203534,,0.5413534002229654,62.255641025641026,0.789,0.1862140936591024,0.7556451459562105,0.035634449442011815,20.86717998376112,0.7435904701286965,"[0.05358974358974359, 0.11702564102564103, 0.209, 0.23874358974358975, 0.4285897435897436, 0.513051282051282, 0.6036923076923076, 0.5671025641025641, 0.789, 0.2628974358974359]"
Virtual_2D_response_surface,,16.910963547168357,27.923926930324022,21.176547353406196,,0.511413823857302,58.81258974358974,0.7957179487179488,0.25312002416645746,0.5017315266528439,0.19407651854542657,26.79595944694089,5.200466520546722,"[0.04007692307692308, 0.09233333333333334, 0.16887179487179488, 0.19628205128205128, 0.35292307692307695, 0.4566923076923077, 0.5714358974358974, 0.5141282051282051, 0.7957179487179488, 0.21053846153846154]"
Virtual_2D_response_surface,,16.878014842983116,25.421860296508694,23.3061913472914,,0.5523239687848384,63.51725641025641,0.829076923076923,0.2392108692800468,0.5026284065240101,0.16404627561914878,27.34923261632591,4.486539751750014,"[0.04282051282051282, 0.10392307692307692, 0.18807692307692309, 0.21343589743589744, 0.3986923076923077, 0.49915384615384617, 0.634102564102564, 0.5832051282051282, 0.829076923076923, 0.23238461538461538]"
Virtual_2D_response_surface,,31.057804714721538,14.576037497379385,22.089697482195568,,0.5429817168338908,62.44289743589744,0.808,0.2461731726207921,0.565609203931292,0.14544858844430514,27.669179104973274,4.024443044231025,"[0.0418974358974359, 0.09841025641025641, 0.18476923076923077, 0.2141025641025641, 0.39476923076923076, 0.4948461538461538, 0.6239743589743589, 0.5867948717948718, 0.808, 0.21546153846153845]"
Virtual_2D_response_surface,,47.70582176649025,9.401945816952729,22.29517444078483,,0.49545507246376813,56.977333333333334,0.7514615384615385,0.2263974089462067,0.7100041065183608,0.08693208628156951,23.219137143595802,2.018488033550666,"[0.04053846153846154, 0.09374358974358975, 0.17476923076923076, 0.1951025641025641, 0.36928205128205127, 0.4422307692307692, 0.5379487179487179, 0.5137948717948718, 0.7514615384615385, 0.2123076923076923]"
Virtual_2D_response_surface,,20.992472080567985,20.62902694004907,23.09179390328657,,0.5724185061315497,65.82812820512821,0.847948717948718,0.24716471923012856,0.40125065166586926,0.23936960109862948,29.28670348547776,7.010346530812653,"[0.041435897435897436, 0.1048974358974359, 0.19071794871794873, 0.21797435897435896, 0.4124358974358974, 0.5260769230769231, 0.6645897435897435, 0.6221025641025641, 0.847948717948718, 0.23243589743589743]"
Virtual_2D_response_surface,,24.441074789724446,17.895545863495595,22.863080733525614,,0.571463768115942,65.71833333333333,0.8451282051282051,0.24886232237149025,0.4749859223588836,0.1871736220929374,29.438670700290697,5.510142624574639,"[0.04435897435897436, 0.10766666666666666, 0.1937948717948718, 0.22274358974358974, 0.427025641025641, 0.5315641025641026, 0.6663333333333333, 0.6214871794871795, 0.8451282051282051, 0.21997435897435896]"
Virtual_2D_response_surface,,15.0,29.754755133900435,22.405382389019042,,0.5196394648829431,59.75853846153846,0.802,0.24074337490178122,0.5539602318259863,0.14731079104633718,25.895650011171597,3.814708687804778,"[0.041692307692307695, 0.10169230769230769, 0.17925641025641026, 0.199, 0.35794871794871796, 0.4513846153846154, 0.5695641025641026, 0.527, 0.802, 0.2265128205128205]"
Virtual_2D_response_surface,,51.34920023986443,9.452573004075793,20.602326996274513,,0.45572575250836117,52.40846153846154,0.6880512820512821,0.2243016688022861,0.7085674187107183,0.1051260957121075,21.15954968838723,2.2244208457664905,"[0.03751282051282051, 0.08658974358974358, 0.15930769230769232, 0.18566666666666667, 0.3427179487179487, 0.41828205128205126, 0.49448717948717946, 0.4758974358974359, 0.6880512820512821, 0.18979487179487178]"
Virtual_2D_response_surface,,32.22365669845365,13.481466637543477,23.01908394263823,,0.5572559643255296,64.08443589743591,0.8361794871794872,0.24441883217963584,0.5957969210552428,0.12047969743069596,28.194197369295633,3.396828368354062,"[0.04353846153846154, 0.10112820512820513, 0.188, 0.22174358974358974, 0.4084358974358974, 0.5056410256410256, 0.6249743589743589, 0.5960512820512821, 0.8361794871794872, 0.21994871794871795]"
Virtual_2D_response_surface,,41.53400232118706,8.847076908082567,27.2142527868818,,0.553669342251951,63.67197435897437,0.8193333333333334,0.2023640035099516,0.7257877949110966,0.04746148967035289,23.192848156797066,1.100767123219887,"[0.051743589743589745, 0.11802564102564103, 0.2134102564102564, 0.23676923076923076, 0.41594871794871796, 0.5136923076923077, 0.6054102564102564, 0.5793076923076923, 0.8193333333333334, 0.25676923076923075]"
Virtual_2D_response_surface,,27.68820583507428,16.07574912958094,22.466424727624222,,0.5540341137123747,63.71392307692308,0.8152564102564103,0.24415711632109244,0.5245049336901554,0.1622989728720755,28.0011739103378,4.544561764860183,"[0.04287179487179487, 0.09861538461538462, 0.18607692307692308, 0.22187179487179487, 0.41712820512820514, 0.5124102564102564, 0.6318717948717949, 0.6081794871794872, 0.8152564102564103, 0.21866666666666668]"
Virtual_2D_response_surface,,55.886150103946726,6.883313771505568,25.995503888303208,,0.4955627647714604,56.989717948717946,0.7409743589743589,0.1920063051072261,0.7822727494518059,0.04337286177504929,19.696293310385336,0.8542846072321711,"[0.046948717948717945, 0.10128205128205128, 0.17215384615384616, 0.2108205128205128, 0.37143589743589744, 0.44946153846153847, 0.5335384615384615, 0.5062051282051282, 0.7409743589743589, 0.25133333333333335]"
Virtual_2D_response_surface,,53.41051524742772,9.085703894073298,20.60699441949054,,0.4556303232998885,52.39748717948718,0.6892564102564103,0.22464732693454398,0.7189912549440837,0.10164684178328796,21.1877197793259,2.1536648001577805,"[0.03971794871794872, 0.08866666666666667, 0.1627948717948718, 0.18743589743589745, 0.3262564102564103, 0.42017948717948717, 0.5046923076923077, 0.4684871794871795, 0.6892564102564103, 0.20194871794871794]"
Virtual_2D_response_surface,,39.17473169444573,10.374730035497942,24.604648476625133,,0.5395994425863991,62.0539358974359,0.8031025641025641,0.21918618450174487,0.6824934206727372,0.0749299317403381,24.482457796814703,1.834468891551034,"[0.04633333333333333, 0.10325641025641026, 0.19735897435897437, 0.2226153846153846, 0.3994358974358974, 0.5007692307692307, 0.5978205128205129, 0.5670512820512821, 0.8031025641025641, 0.2423076923076923]"
Virtual_2D_response_surface,,35.91649184079963,13.021160450371825,21.38239752759766,,0.5297015607580825,60.91567948717949,0.8040512820512821,0.2533154196125343,0.6085432012410901,0.13427571944694963,27.77558563849954,3.7295867446698874,"[0.0408974358974359, 0.09451282051282052, 0.1758974358974359, 0.20341025641025642, 0.3802307692307692, 0.47774358974358977, 0.5901025641025641, 0.5592051282051282, 0.8040512820512821, 0.20933333333333334]"
Virtual_2D_response_surface,,27.031105518005102,17.43148502792736,21.222757171302863,,0.5483499442586398,63.06024358974358,0.8253589743589743,0.26232051539983,0.48757871422328486,0.2025573026000619,29.77559207946065,6.031263614935318,"[0.036974358974358974, 0.09087179487179488, 0.17141025641025642, 0.20312820512820512, 0.39276923076923076, 0.4938974358974359, 0.6210769230769231, 0.5938461538461538, 0.8253589743589743, 0.20976923076923076]"
Virtual_2D_response_surface,,29.138183492555022,12.258530444298072,27.996201855574355,,0.6046690078037904,69.5369358974359,0.8700769230769231,0.2087547382917127,0.629732456407486,0.06584509442380114,26.1290967387783,1.7204728419734916,"[0.052153846153846155, 0.12133333333333333, 0.2297179487179487, 0.2633846153846154, 0.4676666666666667, 0.5816153846153846, 0.6988461538461539, 0.6657435897435897, 0.8700769230769231, 0.2520769230769231]"
Virtual_2D_response_surface,,27.823469066202772,17.622511782342254,20.394868664354167,,0.5339493868450389,61.404179487179476,0.8016410256410257,0.26523649459788506,0.48239220134042693,0.21912291600032477,29.31593277750992,6.423792675477474,"[0.03787179487179487, 0.09043589743589743, 0.1671794871794872, 0.19802564102564102, 0.3773076923076923, 0.485974358974359, 0.6169743589743589, 0.5799487179487179, 0.8016410256410257, 0.20064102564102565]"
Virtual_2D_response_surface,,32.01950570915311,13.689265234263104,22.814199685289456,,0.5546243032329989,63.78179487179487,0.8322307692307692,0.24548192491056306,0.5900529857479716,0.12527838136561514,28.183100002881993,3.5307331502263195,"[0.043102564102564106, 0.09917948717948719, 0.18574358974358973, 0.22071794871794873, 0.40594871794871795, 0.5130769230769231, 0.6234102564102564, 0.5921025641025641, 0.8322307692307692, 0.21887179487179487]"
Virtual_2D_response_surface,,37.61929655273006,13.600035183608215,19.545613097612968,,0.4948716833890748,56.9102435897436,0.7492307692307693,0.258412312404232,0.5925187045903213,0.1674532439336346,26.471353761924778,4.432714058749125,"[0.03669230769230769, 0.08671794871794872, 0.15925641025641027, 0.18979487179487178, 0.36238461538461536, 0.445, 0.5524102564102564, 0.528974358974359, 0.7492307692307693, 0.18576923076923077]"
Virtual_2D_response_surface,,15.0,30.0,22.22222222222222,,0.5160365663322185,59.34420512820513,0.8017179487179488,0.2426979590976206,0.5539602318259863,0.14963531484372772,25.924891443994685,3.879279293511608,"[0.04305128205128205, 0.09917948717948719, 0.1747179487179487, 0.20112820512820512, 0.3604102564102564, 0.4517948717948718, 0.5745384615384616, 0.5150769230769231, 0.8017179487179488, 0.2210769230769231]"
Virtual_2D_response_surface,,21.098267048130012,24.85538211825251,19.069213042113063,,0.5121724637681159,58.899833333333326,0.7962820512820513,0.28245395876386864,0.38866345015333437,0.31865469250369954,29.94568397195772,9.542332717897152,"[0.03579487179487179, 0.08730769230769231, 0.16138461538461538, 0.18312820512820513, 0.35520512820512823, 0.448, 0.5796153846153846, 0.5272051282051282, 0.7962820512820513, 0.19428205128205128]"
Virtual_2D_response_surface,,41.423195091556614,11.884835886690247,20.31249243882848,,0.49844671125975465,57.32137179487179,0.7632564102564102,0.25312198309517786,0.6401494440296595,0.13446402544941807,26.116738744417095,3.511761823185103,"[0.038564102564102566, 0.08705128205128206, 0.1646923076923077, 0.19371794871794873, 0.36464102564102563, 0.4492051282051282, 0.5493589743589744, 0.5128974358974359, 0.7632564102564102, 0.20733333333333334]"
Virtual_2D_response_surface,,41.568468293515224,10.761610535392844,22.35417812460085,,0.5176119286510591,59.525371794871795,0.7875641025641026,0.23685102868048477,0.6716051829273191,0.09860444225003083,25.377561975966657,2.5023403443057823,"[0.04335897435897436, 0.09615384615384616, 0.1827948717948718, 0.20446153846153847, 0.3738974358974359, 0.4735641025641026, 0.5579487179487179, 0.5321282051282051, 0.7875641025641026, 0.22841025641025642]"
Virtual_2D_response_surface,,30.439761472218116,14.888628934048274,22.065005946103106,,0.5459064659977703,62.77924358974359,0.8147179487179487,0.2485753336506425,0.557018033289007,0.15008904949841972,28.08966855897985,4.2159516547429305,"[0.043076923076923075, 0.09871794871794871, 0.1843076923076923, 0.21628205128205127, 0.3991794871794872, 0.498, 0.6192051282051282, 0.590948717948718, 0.8147179487179487, 0.20946153846153845]"
Virtual_2D_response_surface,,46.58971467955186,10.439302737131891,20.5607265427244,,0.4811435897435897,55.33151282051281,0.7355384615384616,0.24059801078710327,0.6806740957493196,0.1153770135715932,23.962773453221676,2.7647532379253708,"[0.03915384615384616, 0.08620512820512821, 0.16343589743589743, 0.18807692307692309, 0.3496666666666667, 0.43323076923076925, 0.5298717948717949, 0.49623076923076925, 0.7355384615384616, 0.19938461538461538]"
Virtual_2D_response_surface,,44.97826103834651,9.981150177896254,22.274950586116027,,0.4997340022296544,57.46941025641026,0.7573589743589744,0.22841036064960651,0.6936004055378505,0.0921783582949754,23.627895701376353,2.1779806357177782,"[0.04171794871794872, 0.0953076923076923, 0.17976923076923076, 0.2078974358974359, 0.369025641025641, 0.45543589743589746, 0.5393333333333333, 0.5194615384615384, 0.7573589743589744, 0.20687179487179488]"
Virtual_2D_response_surface,,41.187222628911755,9.212689293483184,26.35427469441826,,0.551749386845039,63.45117948717949,0.8158717948717948,0.207957605018555,0.7153798106476783,0.05451940846525248,23.751279579161363,1.2949057129487083,"[0.04953846153846154, 0.11271794871794871, 0.21097435897435898, 0.23592307692307693, 0.4175384615384615, 0.5187179487179487, 0.5982051282051282, 0.5808717948717949, 0.8158717948717948, 0.25076923076923074]"
Virtual_2D_response_surface,,52.86751824746685,9.092199163724128,20.803774411911384,,0.46258260869565215,53.196999999999996,0.6988717948717948,0.22563813297380633,0.7188064415044478,0.09951077416561903,21.605889167653636,2.1500187576097756,"[0.04094871794871795, 0.09153846153846154, 0.16264102564102564, 0.18576923076923077, 0.3401025641025641, 0.4232051282051282, 0.4936153846153846, 0.4804871794871795, 0.6988717948717948, 0.20351282051282052]"
Virtual_2D_response_surface,,32.75647378306767,14.10477799021667,21.643953949123656,,0.5399257525083613,62.091461538461544,0.8132564102564103,0.2531121074634527,0.5785858887767605,0.14480475747335478,28.28898123387465,4.0963790667395035,"[0.03835897435897436, 0.09723076923076923, 0.17333333333333334, 0.20992307692307693, 0.3972051282051282, 0.4988717948717949, 0.6034358974358974, 0.5767692307692308, 0.8132564102564103, 0.20866666666666667]"
Virtual_2D_response_surface,,37.67319829830779,11.849044130781898,22.401865811686378,,0.5239758082497212,60.257217948717944,0.7805384615384615,0.23417700379897205,0.6411483833456604,0.10901181419819662,25.399538561686338,2.7688497784064814,"[0.04092307692307692, 0.09702564102564103, 0.1831025641025641, 0.21192307692307694, 0.3895128205128205, 0.48246153846153844, 0.5792820512820512, 0.5613333333333334, 0.7805384615384615, 0.21623076923076923]"
Virtual_2D_response_surface,,29.327330663989713,13.261274565701797,25.712375226559484,,0.5885186176142698,67.67964102564103,0.8605128205128205,0.22477758616201907,0.6018903039694574,0.09180765802198161,27.383159415699986,2.51398373519799,"[0.049282051282051285, 0.10858974358974359, 0.21266666666666667, 0.24687179487179486, 0.4461794871794872, 0.5485897435897436, 0.6702820512820513, 0.6424615384615384, 0.8605128205128205, 0.24276923076923076]"
Virtual_2D_response_surface,,27.50480012325436,16.03904345681426,22.667991578695496,,0.5601197324414716,64.41376923076923,0.8266923076923077,0.24541912321493997,0.5255076432947062,0.15911370459688215,28.455067381652754,4.5275911856486735,"[0.04038461538461539, 0.10151282051282051, 0.18838461538461537, 0.2174102564102564, 0.40623076923076923, 0.5232820512820513, 0.6544615384615384, 0.6133589743589744, 0.8266923076923077, 0.21823076923076923]"
Virtual_2D_response_surface,,28.94335468946056,16.1355833064376,21.412455003569153,,0.5435334448160535,62.506346153846145,0.8166666666666667,0.2570642688442768,0.5228707538404854,0.1777081207034623,28.92266670989832,5.139792746748622,"[0.038564102564102566, 0.09433333333333334, 0.1722051282051282, 0.20564102564102565, 0.3922564102564103, 0.49958974358974356, 0.6258205128205129, 0.5833589743589743, 0.8166666666666667, 0.2108205128205128]"
Virtual_2D_response_surface,,39.44814715421337,11.849723729111435,21.392678544838436,,0.5066107023411371,58.260230769230766,0.7617435897435897,0.2394486916722085,0.6411294139071629,0.12046526957837571,25.11060486158385,3.0249557839267704,"[0.03817948717948718, 0.09153846153846154, 0.17264102564102565, 0.2051025641025641, 0.37971794871794873, 0.45594871794871794, 0.5668205128205128, 0.531025641025641, 0.7617435897435897, 0.2167948717948718]"
Virtual_2D_response_surface,,40.289018853669546,11.114796718952801,22.331185776077845,,0.52075005574136,59.88625641025641,0.7819230769230769,0.23536152280894743,0.6616898957272721,0.10227505092374013,25.370856907281066,2.594805682171095,"[0.04369230769230769, 0.09656410256410257, 0.18143589743589744, 0.2083846153846154, 0.3861794871794872, 0.4663333333333333, 0.5755641025641025, 0.5467435897435897, 0.7819230769230769, 0.22748717948717948]"
Virtual_2D_response_surface,,20.40590190515434,25.05715423001256,19.55746038738976,,0.5112353400222966,58.79206410256411,0.7920769230769231,0.27362100780788673,0.40724280561568366,0.29258534126608754,28.95613889552905,8.472141780496598,"[0.03843589743589743, 0.08802564102564102, 0.16546153846153847, 0.18484615384615385, 0.3495128205128205, 0.454, 0.5885897435897436, 0.5265128205128206, 0.7920769230769231, 0.1941025641025641]"
Virtual_2D_response_surface,,31.801977181452514,15.046623967486761,20.898100374581748,,0.5327047937569678,61.26105128205129,0.8057179487179488,0.25996811309202783,0.5526806012236318,0.1682605056534415,28.66665583409189,4.8234660060374805,"[0.039846153846153844, 0.09492307692307693, 0.1701794871794872, 0.20064102564102565, 0.3839230769230769, 0.49235897435897436, 0.6028461538461538, 0.5663333333333334, 0.8057179487179488, 0.2053846153846154]"
Virtual_2D_response_surface,,34.43640707276232,11.351737184835729,25.581136744484503,,0.5680219620958752,65.32252564102565,0.835076923076923,0.21921291622690325,0.6550508231866126,0.07534228410803712,25.77517441393661,1.9419605136290212,"[0.04812820512820513, 0.11271794871794871, 0.20776923076923076, 0.24433333333333335, 0.42935897435897435, 0.5277692307692308, 0.6468205128205128, 0.6075897435897436, 0.835076923076923, 0.24443589743589744]"
Virtual_2D_response_surface,,15.0,30.0,22.22222222222222,,0.5185608695652174,59.634499999999996,0.8113076923076923,0.2456917826181585,0.5539602318259863,0.14963531484372772,26.37307189897663,3.946342916999636,"[0.042897435897435894, 0.09764102564102564, 0.1734102564102564, 0.1976923076923077, 0.3615897435897436, 0.45953846153846156, 0.5608974358974359, 0.5131282051282051, 0.8113076923076923, 0.2240769230769231]"
Virtual_2D_response_surface,,22.80382202302278,18.261143706594897,24.01399318309231,,0.5852474916387959,67.30346153846152,0.8585128205128205,0.24043598732385676,0.4650810691290713,0.178463620641005,29.127913605563787,5.198272923767304,"[0.04643589743589743, 0.11105128205128205, 0.19848717948717948, 0.23348717948717948, 0.43774358974358973, 0.5496153846153846, 0.6867948717948718, 0.6375128205128205, 0.8585128205128205, 0.23746153846153847]"
Virtual_2D_response_surface,,31.893089961360182,14.483750778316827,21.648228274741044,,0.5437401337792642,62.530115384615385,0.8197179487179487,0.2551452461826946,0.5681480612389297,0.14988555033439216,28.717671030551983,4.304363926736315,"[0.04117948717948718, 0.09802564102564103, 0.18125641025641026, 0.20817948717948717, 0.4001025641025641, 0.4898205128205128, 0.6117692307692307, 0.5781538461538461, 0.8197179487179487, 0.21517948717948718]"
Virtual_2D_response_surface,,33.48066951312737,13.090085620064768,22.81725409631666,,0.542532552954292,62.39124358974358,0.8052051282051282,0.23725164416678057,0.6066325891663028,0.1181418139794387,26.64436522189819,3.147813639645722,"[0.042076923076923074, 0.09389743589743589, 0.1847948717948718, 0.21833333333333332, 0.39807692307692305, 0.5125128205128205, 0.6085897435897436, 0.5904102564102565, 0.8052051282051282, 0.21046153846153845]"
Virtual_2D_response_surface,,37.54899747740893,13.63660209730482,19.529696101720845,,0.4919039018952062,56.568948717948714,0.7463333333333333,0.2575926026890584,0.591508102450774,0.16820861718588553,26.229136916952513,4.4119668507798435,"[0.03543589743589744, 0.08464102564102564, 0.16084615384615383, 0.18833333333333332, 0.3495384615384615, 0.445025641025641, 0.5447948717948718, 0.525948717948718, 0.7463333333333333, 0.1853846153846154]"
Virtual_2D_response_surface,,34.56458969252435,13.132781465441559,22.029867073264885,,0.5333938684503902,61.340294871794875,0.7990512820512821,0.24404267564186313,0.6054494157688664,0.12769098959854616,26.945369433312617,3.4406808880381052,"[0.04279487179487179, 0.09464102564102564, 0.1831025641025641, 0.21233333333333335, 0.3973846153846154, 0.48612820512820515, 0.601025641025641, 0.5714871794871795, 0.7990512820512821, 0.20687179487179488]"
Virtual_2D_response_surface,,45.86106752052922,10.60234297397186,20.566196986680005,,0.48259275362318843,55.49816666666667,0.7347948717948718,0.24028220010887424,0.6760840729104082,0.11700270375206716,24.00339885961618,2.8084625658143785,"[0.039948717948717946, 0.08866666666666667, 0.16507692307692307, 0.1906923076923077, 0.35102564102564104, 0.4388205128205128, 0.522025641025641, 0.5006666666666667, 0.7347948717948718, 0.2022820512820513]"
Virtual_2D_response_surface,,51.36768252723108,9.046662143991119,21.51897870137882,,0.46739409141583055,53.750320512820515,0.7032564102564103,0.2194588918786973,0.7201023347192125,0.09152705902612499,21.232774400163127,1.943373395812126,"[0.04058974358974359, 0.09343589743589743, 0.1681794871794872, 0.1858974358974359, 0.3392307692307692, 0.43025641025641026, 0.5177179487179487, 0.4888461538461538, 0.7032564102564103, 0.19876923076923078]"
Virtual_2D_response_surface,,54.61029853683222,8.478101024212776,21.598662688807835,,0.46726789297658866,53.735807692307695,0.7076666666666667,0.22002268013458268,0.7363235061277645,0.08594590639228675,21.281573569784513,1.8290641299092634,"[0.03997435897435898, 0.08938461538461538, 0.16135897435897437, 0.18956410256410255, 0.33666666666666667, 0.41820512820512823, 0.5083333333333333, 0.48323076923076924, 0.7076666666666667, 0.20933333333333334]"
Virtual_2D_response_surface,,57.506424195483795,7.128513083514578,24.394093572207336,,0.4834402452619844,55.59562820512821,0.732948717948718,0.20196798836720292,0.7751607288418997,0.05405009765200126,20.211366943081213,1.0924263569539696,"[0.04458974358974359, 0.09628205128205128, 0.16735897435897437, 0.192, 0.3474102564102564, 0.437, 0.5156923076923077, 0.4889230769230769, 0.732948717948718, 0.24228205128205127]"
Virtual_2D_response_surface,,52.40359889176332,9.182158368662222,20.78232380744189,,0.4637237458193979,53.32823076923076,0.7029230769230769,0.22720099444342234,0.7162477715284703,0.10056964234259899,21.809208712819576,2.1933443200233587,"[0.03992307692307692, 0.09148717948717949, 0.16187179487179487, 0.18825641025641027, 0.33815384615384614, 0.42943589743589744, 0.5006153846153846, 0.4797948717948718, 0.7029230769230769, 0.19835897435897437]"
Virtual_2D_response_surface,,39.08130807706527,12.498626926589278,20.472392704321173,,0.500894314381271,57.60284615384616,0.7606923076923077,0.2502012681989558,0.6230516250038679,0.1397023937915824,25.942149287210974,3.624180355521966,"[0.03825641025641026, 0.08976923076923077, 0.167, 0.2008974358974359, 0.3626153846153846, 0.4472307692307692, 0.5505384615384615, 0.5267948717948718, 0.7606923076923077, 0.2011794871794872]"
Virtual_2D_response_surface,,42.37277111064235,9.923289347091785,23.78249850115764,,0.5277505016722408,60.69130769230769,0.7943846153846154,0.22433758756771985,0.6952359112234612,0.07797392415566314,24.50761479724051,1.9109548974362391,"[0.04446153846153846, 0.10530769230769231, 0.18466666666666667, 0.2171025641025641, 0.39384615384615385, 0.4885128205128205, 0.5745128205128205, 0.5453076923076923, 0.7943846153846154, 0.23658974358974358]"
Virtual_2D_response_surface,,22.273330409734406,20.538935438133155,21.859333231815803,,0.554471906354515,63.76426923076923,0.8327692307692308,0.25676304123657834,0.4036695708401586,0.256251258355885,29.47015384185651,7.55176400591725,"[0.03969230769230769, 0.09861538461538462, 0.1803076923076923, 0.20615384615384616, 0.3975641025641026, 0.5005641025641026, 0.6342307692307693, 0.5958205128205128, 0.8327692307692308, 0.21930769230769231]"
Virtual_2D_response_surface,,44.8091879089514,9.410706528547298,23.71432113191246,,0.506615050167224,58.26073076923076,0.7472307692307693,0.21161655377590347,0.7097554566190116,0.07448199018617227,22.19208311853064,1.6529105170451184,"[0.04217948717948718, 0.10202564102564103, 0.18917948717948718, 0.2128205128205128, 0.38543589743589746, 0.47335897435897434, 0.5658205128205128, 0.538, 0.7472307692307693, 0.22253846153846155]"
Virtual_2D_response_surface,,39.1653242121003,12.013228463626481,21.25389533582014,,0.5138542920847269,59.09324358974359,0.7753846153846153,0.24550532499193015,0.6365678064007205,0.1239715098659186,26.113870750189125,3.237375985344394,"[0.041923076923076924, 0.09243589743589743, 0.17282051282051283, 0.20351282051282052, 0.37423076923076926, 0.45825641025641023, 0.5695384615384615, 0.5443333333333333, 0.7753846153846153, 0.2093076923076923]"
Virtual_2D_response_surface,,38.47642404775908,12.40296685837803,20.954616369997243,,0.5086054626532888,58.489628205128206,0.7695641025641026,0.24719598454215289,0.6257123159943042,0.13223089952811895,26.025122213408057,3.4413253206081773,"[0.038205128205128204, 0.09056410256410256, 0.1734102564102564, 0.2026923076923077, 0.37333333333333335, 0.45715384615384613, 0.5761794871794872, 0.5347435897435897, 0.7695641025641026, 0.202]"
Virtual_2D_response_surface,,57.179835345371686,7.673037141694549,22.792386412482,,0.4651846153846155,53.49623076923078,0.7014102564102564,0.20674328917960447,0.75943074075398,0.06918739267334101,19.90797607429548,1.3773809579837593,"[0.03997435897435898, 0.0898974358974359, 0.15997435897435897, 0.18705128205128205, 0.3432820512820513, 0.42438461538461536, 0.5025897435897436, 0.4766666666666667, 0.7014102564102564, 0.22330769230769232]"
Virtual_2D_response_surface,,33.673706306237186,13.136399839934223,22.60646837757013,,0.5408714604236343,62.20021794871795,0.8062307692307692,0.239835931713119,0.6053491571453745,0.12103671322250932,26.85212500408171,3.25009295353401,"[0.042256410256410255, 0.09861538461538462, 0.1834871794871795, 0.21707692307692308, 0.40194871794871795, 0.4983076923076923, 0.6077179487179487, 0.5833076923076923, 0.8062307692307692, 0.21166666666666667]"
Virtual_2D_response_surface,,42.10920276800785,8.76691231350063,27.087961157089683,,0.5534418060200669,63.64580769230769,0.8178461538461539,0.2029228886971915,0.7280740247782553,0.04767973357514207,23.247344070700215,1.1084271716206449,"[0.05284615384615385, 0.12007692307692308, 0.20784615384615385, 0.23241025641025642, 0.41823076923076924, 0.5111282051282051, 0.6056923076923076, 0.5811282051282052, 0.8178461538461539, 0.25733333333333336]"
Virtual_2D_response_surface,,29.90907391296275,13.909790567367084,24.036788543702542,,0.573959977703456,66.00539743589744,0.8455384615384616,0.23647671389927308,0.5839640210978007,0.11464113575849547,28.095731073461756,3.2209265202269086,"[0.04533333333333334, 0.1058974358974359, 0.1941025641025641, 0.22748717948717948, 0.428948717948718, 0.5347692307692308, 0.6604358974358975, 0.6226153846153846, 0.8455384615384616, 0.2372820512820513]"
Virtual_2D_response_surface,,54.69554983192373,7.451900808165944,24.534710742355582,,0.48801828316610923,56.12210256410256,0.7337692307692307,0.2010626881826756,0.7658085141918305,0.055064106927175366,20.311309454404125,1.1184241156282566,"[0.043897435897435895, 0.09756410256410257, 0.17402564102564103, 0.2031025641025641, 0.363, 0.4463076923076923, 0.5195128205128206, 0.4997179487179487, 0.7337692307692307, 0.23643589743589744]"
Virtual_2D_response_surface,,41.581142861168665,11.782370737234398,20.411310736567803,,0.5040684503901897,57.96787179487181,0.771948717948718,0.254825831760775,0.6430097991092156,0.13196364547917205,26.58908006195432,3.508791934913062,"[0.03976923076923077, 0.09246153846153846, 0.17123076923076924, 0.19402564102564102, 0.3599230769230769, 0.4386923076923077, 0.5444102564102564, 0.5223076923076924, 0.771948717948718, 0.2124871794871795]"
Virtual_2D_response_surface,,34.453654016301755,12.646378720669302,22.950836986788673,,0.5416382385730212,62.28839743589744,0.8048974358974359,0.23574450871448996,0.6189449061207779,0.11169562938074298,26.431465773849368,2.952279205065672,"[0.04279487179487179, 0.09864102564102564, 0.18753846153846154, 0.2185897435897436, 0.4106666666666667, 0.5013846153846154, 0.6042564102564103, 0.5815897435897436, 0.8048974358974359, 0.2206923076923077]"
Virtual_2D_response_surface,,51.875598177095995,8.90883600625112,21.63794028314134,,0.47169910813823857,54.24539743589744,0.7132820512820512,0.22137332458637726,0.7240275094263867,0.08914910573069872,21.61527115300913,1.9269820934173327,"[0.04130769230769231, 0.09184615384615384, 0.16328205128205128, 0.19038461538461537, 0.34825641025641024, 0.43235897435897436, 0.5232820512820513, 0.486, 0.7132820512820512, 0.20653846153846153]"
Virtual_2D_response_surface,,38.87203035114503,10.655751877087782,24.14230185118975,,0.5371520624303233,61.77248717948718,0.7952820512820513,0.22121802232712282,0.6745815807119712,0.0810218573221797,24.597337406532667,1.9929219618576035,"[0.04617948717948718, 0.1051025641025641, 0.19441025641025642, 0.22712820512820514, 0.404, 0.4884871794871795, 0.602051282051282, 0.5706410256410256, 0.7952820512820513, 0.2347948717948718]"
Virtual_2D_response_surface,,47.11325541199082,9.103142147321805,23.31661821501519,,0.5039726867335563,57.95685897435898,0.7612051282051282,0.21922785513646487,0.7184950966459249,0.07538960247103327,22.87036419011153,1.724187664660263,"[0.043512820512820516, 0.09692307692307692, 0.17856410256410257, 0.21143589743589744, 0.3758974358974359, 0.4543076923076923, 0.5425128205128205, 0.5228717948717949, 0.7612051282051282, 0.21892307692307691]"
Virtual_2D_response_surface,,37.38881561819108,14.324894729101446,18.67096878431979,,0.4967219620958752,57.12302564102565,0.7702564102564102,0.278919862999347,0.572520959905761,0.19215213584002902,28.678943674625508,5.510720280715182,"[0.035333333333333335, 0.08238461538461539, 0.15182051282051282, 0.17969230769230768, 0.3531025641025641, 0.4305128205128205, 0.5449487179487179, 0.5180769230769231, 0.7702564102564102, 0.18505128205128205]"
Virtual_2D_response_surface,,37.789451572391734,12.902238358842393,20.509938113982535,,0.5053449275362318,58.114666666666665,0.7643333333333333,0.2509645655070418,0.6118414285739328,0.14422622458220877,26.25249972525582,3.78629892121912,"[0.03966666666666667, 0.0888974358974359, 0.17174358974358975, 0.1947948717948718, 0.37543589743589745, 0.4586923076923077, 0.5713333333333334, 0.5312820512820513, 0.7643333333333333, 0.20135897435897435]"
Virtual_2D_response_surface,,27.119509911223133,16.005352423964435,23.03843221736917,,0.5705697881828317,65.61552564102564,0.8454615384615385,0.24700545121646203,0.5264281420265374,0.15390074122080777,29.173306531980373,4.489793499133612,"[0.04328205128205128, 0.10171794871794872, 0.18956410256410255, 0.22317948717948718, 0.42394871794871797, 0.5258717948717949, 0.6452051282051282, 0.6195128205128205, 0.8454615384615385, 0.23174358974358975]"
Virtual_2D_response_surface,,48.557260734688505,9.70666037105527,21.216609685536003,,0.4840993311036789,55.67142307692308,0.734025641025641,0.23248958093040245,0.701365375174468,0.10064257052989076,23.29744647771537,2.3447149002998238,"[0.03971794871794872, 0.08905128205128206, 0.16474358974358974, 0.18505128205128205, 0.35474358974358977, 0.4379487179487179, 0.5223846153846153, 0.5062307692307693, 0.734025641025641, 0.2056923076923077]"
Virtual_2D_response_surface,,15.0,30.0,22.22222222222222,,0.5167693422519509,59.42847435897436,0.8066923076923077,0.2442499824555412,0.5539602318259863,0.14963531484372772,26.127726875170325,3.9096306371170377,"[0.04279487179487179, 0.09723076923076923, 0.177, 0.20212820512820512, 0.34802564102564104, 0.45474358974358975, 0.562, 0.5139230769230769, 0.8066923076923077, 0.22492307692307692]"
Virtual_2D_response_surface,,36.55571878493775,12.26699713993994,22.300079342417558,,0.5348085841694538,61.50298717948718,0.8078461538461539,0.24372976370607954,0.6294967073697217,0.11461978904667092,26.98219535845401,3.092693540002062,"[0.04343589743589744, 0.0981025641025641, 0.18182051282051281, 0.21105128205128204, 0.3931025641025641, 0.48925641025641026, 0.5957179487179487, 0.5588461538461539, 0.8078461538461539, 0.2247948717948718]"
Virtual_2D_response_surface,,29.908706104611607,16.33094829788805,20.47344711110268,,0.5362383500557414,61.66741025641026,0.8125641025641026,0.2679224772840424,0.5175379320169254,0.19495162958074364,29.73975358245984,5.797813424230305,"[0.03948717948717949, 0.08861538461538461, 0.16574358974358974, 0.19841025641025642, 0.37961538461538463, 0.48323076923076924, 0.6002564102564103, 0.5734358974358974, 0.8125641025641026, 0.21084615384615385]"
Virtual_2D_response_surface,,36.388986593030964,12.61468916921245,21.784795388824595,,0.5275488294314382,60.66811538461539,0.7921538461538462,0.2446770187359898,0.6198254183129119,0.12448477819980025,26.719368488349716,3.3261546599109466,"[0.041102564102564104, 0.09174358974358975, 0.17602564102564103, 0.21064102564102563, 0.38771794871794873, 0.47917948717948716, 0.5861794871794872, 0.5611794871794872, 0.7921538461538462, 0.21733333333333332]"
Virtual_2D_response_surface,,51.331961357440534,8.02013484538579,24.290165342608642,,0.4891447045707914,56.251641025641014,0.7284102564102564,0.20158750423566688,0.7494473419916011,0.06026309689134326,20.41133026233532,1.23004997328032,"[0.04505128205128205, 0.10158974358974358, 0.18353846153846154, 0.21353846153846154, 0.3648461538461538, 0.45587179487179486, 0.5328717948717949, 0.5075384615384615, 0.7284102564102564, 0.22553846153846155]"
Virtual_2D_response_surface,,45.36333334663661,10.386716101608918,21.223488935598258,,0.48575217391304343,55.86149999999999,0.7363076923076923,0.23315032131155206,0.6821556535241334,0.10709768593833474,23.443428013101475,2.5107368906651004,"[0.03753846153846154, 0.09043589743589743, 0.16892307692307693, 0.1914871794871795, 0.35946153846153844, 0.4482051282051282, 0.530025641025641, 0.5051794871794871, 0.7363076923076923, 0.2028974358974359]"
Virtual_2D_response_surface,,23.74061104517782,20.95352517369148,20.10254342888278,,0.5302508361204014,60.978846153846156,0.8054358974358974,0.27057484778780083,0.392544022360667,0.2959226871341631,29.698815629434765,8.788553325764417,"[0.03694871794871795, 0.09210256410256411, 0.16846153846153847, 0.19484615384615384, 0.37151282051282053, 0.47725641025641025, 0.6136410256410256, 0.565974358974359, 0.8054358974358974, 0.1962051282051282]"
Virtual_2D_response_surface,,36.44866950892792,10.23114813517754,26.81599693914375,,0.5717167224080267,65.74742307692307,0.8388205128205128,0.2100946379841593,0.6865417620527177,0.05837670680421936,24.863725889527526,1.4514624363134265,"[0.05015384615384615, 0.11728205128205128, 0.21707692307692308, 0.24702564102564104, 0.43984615384615383, 0.537974358974359, 0.6384102564102564, 0.6033589743589743, 0.8388205128205128, 0.26443589743589746]"
Virtual_2D_response_surface,,52.567469395518046,6.955177245408518,27.35109559700187,,0.5036723522853958,57.922320512820505,0.7413589743589744,0.1831735931138666,0.7801864203954597,0.03715155149185689,19.097711225687434,0.7095096019777402,"[0.05343589743589744, 0.11243589743589744, 0.18774358974358973, 0.22066666666666668, 0.38125641025641027, 0.4685384615384615, 0.5494871794871795, 0.5216410256410257, 0.7413589743589744, 0.2536923076923077]"
Virtual_2D_response_surface,,37.887473389703366,10.718459679622388,24.62475833557992,,0.5395646599777035,62.0499358974359,0.7992820512820513,0.21796263865308624,0.6728181868999786,0.07757143704958312,24.344221961627976,1.8884162814175036,"[0.04676923076923077, 0.10682051282051282, 0.1967948717948718, 0.2326153846153846, 0.40894871794871795, 0.49756410256410255, 0.6055641025641025, 0.5712307692307692, 0.7992820512820513, 0.23215384615384616]"
Virtual_2D_response_surface,,41.59832064161036,9.987347089826144,24.069887403229348,,0.531190635451505,61.08692307692308,0.7928205128205128,0.22119665857744109,0.6934252832545271,0.07611675405873705,24.32200188130661,1.8513118354155549,"[0.045794871794871794, 0.10528205128205129, 0.19523076923076924, 0.2165897435897436, 0.3993333333333333, 0.4898717948717949, 0.579974358974359, 0.5548974358974359, 0.7928205128205128, 0.24056410256410257]"
Virtual_2D_response_surface,,21.996446336034804,24.443139262156283,18.59903854168295,,0.507283166109253,58.33756410256409,0.7898205128205128,0.28742295992052946,0.364623440363467,0.3511803681583991,30.181599628042676,10.599185268985428,"[0.036307692307692305, 0.08861538461538461, 0.15615384615384614, 0.18223076923076922, 0.3496153846153846, 0.44761538461538464, 0.5729487179487179, 0.5229230769230769, 0.7898205128205128, 0.18738461538461537]"
Virtual_2D_response_surface,,44.20041560617491,8.77936402994482,25.769772821477343,,0.5239088071348941,60.24951282051282,0.7718205128205128,0.2013444826313649,0.7277188117627346,0.05536863707171838,21.835632577748292,1.2090092154287357,"[0.049512820512820514, 0.11156410256410257, 0.19594871794871796, 0.2255897435897436, 0.3983589743589744, 0.4897948717948718, 0.5856153846153846, 0.5531025641025641, 0.7718205128205128, 0.23453846153846153]"
Virtual_2D_response_surface,,24.861045028770945,15.810494504643744,25.44105789482124,,0.6002273132664439,69.02614102564104,0.8701538461538462,0.22979180801952953,0.5317546842510323,0.123993392764669,28.55095514440754,3.540129795026971,"[0.049179487179487176, 0.11387179487179487, 0.21184615384615385, 0.2457948717948718, 0.45871794871794874, 0.5584871794871795, 0.7001538461538461, 0.6597179487179488, 0.8701538461538462, 0.25443589743589745]"
Virtual_2D_response_surface,,24.4421241235178,21.54329998388829,18.991043382415892,,0.5184385730211817,59.6204358974359,0.7981794871794872,0.28436171640133323,0.3767434084501062,0.3315329664417914,30.516785071902962,10.117320281154566,"[0.03564102564102564, 0.08925641025641026, 0.15792307692307692, 0.1857948717948718, 0.36035897435897435, 0.462, 0.591974358974359, 0.5437692307692308, 0.7981794871794872, 0.19279487179487179]"
Virtual_2D_response_surface,,34.36719885911714,13.956057271787667,20.84937886116045,,0.5238389074693423,60.24147435897436,0.7918717948717948,0.2559508080942837,0.582687414809103,0.15341250874748313,27.75393727734701,4.257801145338096,"[0.0378974358974359, 0.09394871794871795, 0.16987179487179488, 0.2, 0.3752051282051282, 0.47794871794871796, 0.591025641025641, 0.5605641025641026, 0.7918717948717948, 0.19692307692307692]"
Virtual_2D_response_surface,,32.83073890757588,13.890213102872366,21.928576183383047,,0.546801895206243,62.882217948717944,0.8218461538461539,0.252442165412636,0.584504299570316,0.13837245305991885,28.57342187686263,3.9537744774174324,"[0.04235897435897436, 0.09702564102564103, 0.18258974358974359, 0.20997435897435898, 0.39474358974358975, 0.4971794871794872, 0.6062051282051282, 0.5893589743589743, 0.8218461538461539, 0.2113076923076923]"
Virtual_2D_response_surface,,47.23401653963129,8.635787560045532,24.51563645322536,,0.5112257525083613,58.79096153846155,0.7641538461538462,0.20936174654178946,0.7318169061036885,0.06276139177468652,22.155441099414265,1.3905063187813302,"[0.04476923076923077, 0.10243589743589744, 0.18487179487179486, 0.21125641025641026, 0.38664102564102565, 0.4685641025641026, 0.5621282051282052, 0.5296410256410257, 0.7641538461538462, 0.23594871794871794]"
Virtual_2D_response_surface,,44.01169040837246,11.99205182645875,18.946912693453275,,0.4731169453734671,54.408448717948716,0.7220769230769231,0.2568595505433966,0.6371583599918427,0.15523388030872892,25.15559343022035,3.9050003796418733,"[0.03666666666666667, 0.08356410256410256, 0.15964102564102564, 0.18576923076923077, 0.3405384615384615, 0.4226153846153846, 0.5152051282051282, 0.494025641025641, 0.7220769230769231, 0.19164102564102564]"
Virtual_2D_response_surface,,46.82096469088342,8.612138132189484,24.79982723962623,,0.5145395763656633,59.17205128205127,0.7703846153846153,0.20866024440554853,0.7324924071833315,0.06062231212087823,22.224338428482845,1.3472907808915153,"[0.042846153846153846, 0.1011025641025641, 0.18420512820512822, 0.2155128205128205, 0.3935897435897436, 0.47417948717948716, 0.5637435897435897, 0.5316666666666666, 0.7703846153846153, 0.23553846153846153]"
Virtual_2D_response_surface,,39.96364226628216,11.410560825949569,21.9294604695577,,0.518472463768116,59.62433333333334,0.7848205128205128,0.24069799588456797,0.6534041365110079,0.1095872677471109,25.8326235707162,2.8309266358544045,"[0.039794871794871796, 0.09425641025641025, 0.17625641025641026, 0.20592307692307693, 0.38456410256410256, 0.46592307692307694, 0.5595128205128205, 0.5433589743589744, 0.7848205128205128, 0.2185128205128205]"
Virtual_2D_response_surface,,38.77670555987275,12.072903786257264,21.360792016399415,,0.5140263099219622,59.11302564102565,0.7742820512820513,0.2438799815265391,0.6349040391851124,0.12335120723859401,25.949670482360105,3.200923181442827,"[0.04030769230769231, 0.09282051282051282, 0.17248717948717948, 0.20561538461538462, 0.3752820512820513, 0.4715641025641026, 0.5702051282051283, 0.5432564102564102, 0.7742820512820513, 0.21071794871794872]"
Virtual_2D_response_surface,,21.39774773664029,22.19944921879958,21.05182432896112,,0.548957525083612,63.13011538461538,0.8342051282051282,0.2674842534338983,0.3806400893025029,0.2904023480974195,30.395361209129465,8.826884266400416,"[0.037384615384615384, 0.09451282051282052, 0.17084615384615384, 0.20476923076923076, 0.37861538461538463, 0.4962820512820513, 0.6237179487179487, 0.5825897435897436, 0.8342051282051282, 0.21725641025641027]"
Virtual_2D_response_surface,,34.56773953409688,11.203307765238383,25.821576409766752,,0.5651760312151617,64.9952435897436,0.8235128205128205,0.21416846352637342,0.6592086358307159,0.07232512222157748,25.055876621047965,1.8121693389860598,"[0.048615384615384616, 0.10858974358974359, 0.20674358974358975, 0.23923076923076922, 0.4331794871794872, 0.5364615384615384, 0.6462051282051282, 0.6097435897435898, 0.8235128205128205, 0.24828205128205127]"
Virtual_2D_response_surface,,50.77126814737431,7.933227158320587,24.827449022658207,,0.4912560758082497,56.494448717948714,0.7251794871794872,0.19653141120982068,0.7519439776806865,0.05609356150178624,19.98528071770675,1.1210455730691462,"[0.04607692307692308, 0.1051025641025641, 0.18220512820512821, 0.21064102564102563, 0.372025641025641, 0.45802564102564103, 0.5434615384615384, 0.5157435897435897, 0.7251794871794872, 0.22646153846153846]"
Virtual_2D_response_surface,,20.149912877721384,20.303033134410775,24.443641406018493,,0.5869075808249722,67.4943717948718,0.8548717948717949,0.23507487669212168,0.414123118385031,0.20971624882502127,28.559216028765064,5.98933165493603,"[0.044, 0.10817948717948718, 0.2047179487179487, 0.23382051282051283, 0.44335897435897437, 0.5583589743589744, 0.6872051282051282, 0.6441025641025641, 0.8548717948717949, 0.24135897435897435]"
Virtual_2D_response_surface,,21.212681127164075,20.545782562163485,22.94466645427366,,0.5700856187290971,65.55984615384617,0.8498461538461538,0.24937891549385932,0.40348570275662743,0.239656121282125,29.428638000822758,7.052753237892931,"[0.04176923076923077, 0.10425641025641026, 0.1888974358974359, 0.21446153846153845, 0.4144871794871795, 0.5285641025641026, 0.6637435897435897, 0.6131025641025641, 0.8498461538461538, 0.2275897435897436]"
Virtual_2D_response_surface,,24.977773789612012,18.88334117710162,21.20154119207765,,0.5446924191750279,62.639628205128204,0.8156153846153846,0.2593729506703588,0.4482558914841438,0.23073398610570411,29.244645353625003,6.747733594689556,"[0.039794871794871796, 0.09633333333333334, 0.17866666666666667, 0.20758974358974358, 0.38682051282051283, 0.5010769230769231, 0.6368461538461538, 0.5893589743589743, 0.8156153846153846, 0.2037179487179487]"
Virtual_2D_response_surface,,34.66044346593674,12.283767904248123,23.487364243460352,,0.5432491638795988,62.47365384615385,0.8044615384615385,0.23012057219535026,0.6290297718630943,0.1023077025255205,25.877651346380105,2.647483056004591,"[0.04453846153846154, 0.10497435897435897, 0.18923076923076923, 0.22625641025641025, 0.41335897435897434, 0.5054871794871795, 0.6116410256410256, 0.5817692307692308, 0.8044615384615385, 0.22374358974358974]"
Virtual_2D_response_surface,,35.26036380994382,15.392436562782056,18.424929664062944,,0.4929673355629878,56.69124358974359,0.7589230769230769,0.2784687746911199,0.5431981676211708,0.21344752301290446,28.41613404867307,6.065353426291923,"[0.03746153846153846, 0.08335897435897435, 0.14964102564102563, 0.1772820512820513, 0.34502564102564104, 0.4403846153846154, 0.5398717948717948, 0.5228717948717949, 0.7589230769230769, 0.17812820512820512]"
Virtual_2D_response_surface,,37.43443058891146,12.997494710789717,20.552711171668395,,0.5184055741360089,59.61664102564102,0.7977435897435897,0.2617894091796947,0.6091993836217244,0.144853640823442,28.09260941648492,4.06931675420875,"[0.03787179487179487, 0.09005128205128204, 0.16666666666666666, 0.1996153846153846, 0.3741282051282051, 0.4633589743589744, 0.5637435897435897, 0.5342051282051282, 0.7977435897435897, 0.21192307692307694]"
Virtual_2D_response_surface,,34.47523640302334,12.751421544916958,22.747524629473514,,0.5414028985507247,62.26133333333334,0.8037179487179488,0.23754670549005302,0.6160273547986825,0.11505799906061938,26.621954302952442,3.063068793180954,"[0.042666666666666665, 0.10038461538461538, 0.18335897435897436, 0.21615384615384614, 0.4072820512820513, 0.5063846153846154, 0.6088205128205129, 0.5825641025641025, 0.8037179487179488, 0.21953846153846154]"
Virtual_2D_response_surface,,39.12224914645194,13.67757096540085,18.688188616653214,,0.4880615384615385,56.12707692307693,0.7487692307692307,0.2705753714790978,0.5903760716321165,0.18223135352184291,27.33588843929539,4.9814559500148965,"[0.03487179487179487, 0.08192307692307692, 0.15220512820512822, 0.17971794871794872, 0.3477179487179487, 0.42656410256410254, 0.5421538461538462, 0.5144358974358975, 0.7487692307692307, 0.18646153846153846]"
Virtual_2D_response_surface,,27.51108761699107,14.932753140670298,24.3417811962405,,0.5747829431438127,66.10003846153846,0.8358974358974359,0.23073084334347813,0.5558063677843763,0.12397588182480224,27.452371714680798,3.40343199150981,"[0.04417948717948718, 0.10843589743589743, 0.20151282051282052, 0.23658974358974358, 0.43156410256410255, 0.5477435897435897, 0.6684358974358975, 0.6312564102564102, 0.8358974358974359, 0.23764102564102563]"
Virtual_2D_response_surface,,41.74239728918956,10.893601487857115,21.991311437903942,,0.5165581939799332,59.40419230769231,0.7823846153846153,0.2392366990791216,0.667896986863142,0.10367954615555802,25.580993182476583,2.652225763367596,"[0.042743589743589744, 0.09653846153846155, 0.17858974358974358, 0.2083076923076923, 0.37684615384615383, 0.4703846153846154, 0.5619487179487179, 0.5362307692307692, 0.7823846153846153, 0.22315384615384615]"
Virtual_2D_response_surface,,18.842828577741034,22.452720804091467,23.636595705617868,,0.5659909698996655,65.08896153846153,0.8383846153846154,0.23849641634672963,0.4493502290855332,0.19419130292142056,27.94227132717575,5.42614607560811,"[0.04220512820512821, 0.10458974358974359, 0.191025641025641, 0.21802564102564104, 0.41294871794871796, 0.5155641025641026, 0.661025641025641, 0.6115128205128205, 0.8383846153846154, 0.23346153846153847]"
Virtual_2D_response_surface,,25.931240012994706,20.276444014511746,19.0188792984943,,0.512827536231884,58.97516666666667,0.7905128205128205,0.2810999967422122,0.41072154398952876,0.29958309757052126,29.840254484168558,8.939635870659854,"[0.036897435897435896, 0.08584615384615385, 0.15723076923076923, 0.18123076923076922, 0.3610769230769231, 0.4643589743589744, 0.5891282051282051, 0.5355128205128206, 0.7905128205128205, 0.18833333333333332]"
Virtual_2D_response_surface,,41.55553721779509,9.84978151237358,24.43118328247077,,0.5358830546265327,61.62655128205127,0.8042564102564103,0.22106818756375463,0.6973146973303479,0.07216440323707993,24.522605995910137,1.769659227512893,"[0.045564102564102565, 0.10353846153846154, 0.19515384615384615, 0.21905128205128205, 0.39825641025641023, 0.4908461538461538, 0.5794358974358974, 0.5592307692307692, 0.8042564102564103, 0.23794871794871794]"
Virtual_2D_response_surface,,33.67365190814942,12.342321850569416,24.06095797113692,,0.556098773690078,63.95135897435897,0.820974358974359,0.2292305217848374,0.6273998562165206,0.0973547327689495,26.387286095775153,2.5689271863520067,"[0.04405128205128205, 0.10346153846153847, 0.19841025641025642, 0.2281794871794872, 0.4218205128205128, 0.5096153846153846, 0.643051282051282, 0.600051282051282, 0.820974358974359, 0.22382051282051282]"
Virtual_2D_response_surface,,32.71631482946147,13.793374705246025,22.159761761524553,,0.5446513935340023,62.634910256410265,0.8135641025641026,0.247114616168972,0.5871775403649895,0.13428397101256054,27.8604032522235,3.741205582719828,"[0.04205128205128205, 0.09805128205128205, 0.18366666666666667, 0.21374358974358976, 0.40094871794871795, 0.49941025641025644, 0.6140256410256411, 0.5849487179487179, 0.8135641025641026, 0.21820512820512822]"
Virtual_2D_response_surface,,39.657584735901615,11.309232991844619,22.29669985544642,,0.5223896321070235,60.0748076923077,0.7892307692307692,0.23799257529827833,0.6562410510877522,0.10457806655129488,25.735244747834038,2.69134213795285,"[0.04141025641025641, 0.09461538461538462, 0.1794102564102564, 0.20807692307692308, 0.3862564102564103, 0.46982051282051285, 0.5774871794871795, 0.545974358974359, 0.7892307692307692, 0.22179487179487178]"
Virtual_2D_response_surface,,29.1684472268663,14.696498394368625,23.327748166145913,,0.5653727982162765,65.0178717948718,0.8341025641025641,0.2404725548696638,0.5622969667883115,0.13211749097604816,28.143024736861932,3.7181858167110566,"[0.044743589743589746, 0.10725641025641025, 0.19384615384615383, 0.22671794871794873, 0.4169230769230769, 0.5213076923076924, 0.6421538461538462, 0.6166410256410256, 0.8341025641025641, 0.22733333333333333]"
Virtual_2D_response_surface,,46.54323130363808,8.523514334286421,25.207209616488953,,0.519703790412486,59.765935897435895,0.773051282051282,0.20604477617576383,0.7350249915219844,0.057326686462525,22.16602599286001,1.2707048222128652,"[0.046948717948717945, 0.10256410256410256, 0.1867948717948718, 0.22002564102564104, 0.394025641025641, 0.4767692307692308, 0.5653589743589743, 0.5421538461538462, 0.773051282051282, 0.24325641025641026]"
Virtual_2D_response_surface,,53.157444328759055,8.691874316151134,21.643249659077014,,0.4664195094760311,53.63824358974358,0.7017948717948718,0.217741503987474,0.7302154356052946,0.08727388608974743,21.022689294859056,1.8347317908196819,"[0.04230769230769231, 0.09007692307692308, 0.16128205128205128, 0.18594871794871795, 0.3404358974358974, 0.4259230769230769, 0.515948717948718, 0.48423076923076924, 0.7017948717948718, 0.2102051282051282]"
Virtual_2D_response_surface,,30.182561520225924,16.241265449461014,20.399712222623588,,0.522321850613155,60.067012820512815,0.785051282051282,0.25946974750799623,0.5199854201838476,0.19459795756264583,28.054030770176457,5.459257089275958,"[0.03915384615384616, 0.08894871794871795, 0.16805128205128206, 0.20176923076923076, 0.3852307692307692, 0.4714615384615385, 0.5977692307692307, 0.5604871794871795, 0.785051282051282, 0.20053846153846153]"
Virtual_2D_response_surface,,39.93089322630142,11.247908504576724,22.264820587355533,,0.519873801560758,59.78548717948718,0.783,0.23641292103013847,0.6579588634939755,0.10429884326414066,25.441310986762424,2.6534993070425936,"[0.042846153846153846, 0.09602564102564103, 0.1824102564102564, 0.20594871794871794, 0.3884871794871795, 0.47015384615384614, 0.5772051282051283, 0.5427692307692308, 0.783, 0.22356410256410256]"
Virtual_2D_response_surface,,50.608252018863446,10.704012428419675,18.460015359506613,,0.4458634336677815,51.27429487179487,0.6933846153846154,0.25302227883697276,0.6732243890231663,0.14694659584119085,23.352370081596803,3.4315512883143224,"[0.035076923076923075, 0.07966666666666666, 0.14587179487179489, 0.17133333333333334, 0.3182820512820513, 0.3974615384615385, 0.485974358974359, 0.4541794871794872, 0.6933846153846154, 0.17205128205128206]"
Virtual_2D_response_surface,,32.44028490980442,16.56461972680372,18.609464232908618,,0.5061136008918617,58.203064102564106,0.7785897435897436,0.28302194527151714,0.5111653357221412,0.2304209812549889,29.650939961526905,6.832198681067792,"[0.03307692307692308, 0.08238461538461539, 0.15433333333333332, 0.17971794871794872, 0.3531025641025641, 0.4482564102564103, 0.5678461538461539, 0.5333589743589744, 0.7785897435897436, 0.1915897435897436]"
Virtual_2D_response_surface,,35.17082451037564,13.523723428835888,21.02428184232654,,0.5196538461538461,59.76019230769231,0.782974358974359,0.2507898905572003,0.5946283595276214,0.145280402319738,26.977053759342112,3.9192372235584223,"[0.03951282051282051, 0.09107692307692308, 0.1748974358974359, 0.19902564102564102, 0.3748974358974359, 0.4746410256410256, 0.5930769230769231, 0.5543333333333333, 0.782974358974359, 0.20082051282051283]"
Virtual_2D_response_surface,,38.72527704034151,10.382857684676853,24.870731864812615,,0.5422152731326644,62.35475641025641,0.8056666666666666,0.2175304288344673,0.6822643805711943,0.07292344935226071,24.415302423225285,1.7804480696801972,"[0.04707692307692308, 0.10835897435897436, 0.19864102564102565, 0.22825641025641025, 0.4105641025641026, 0.4992820512820513, 0.6105641025641025, 0.5687948717948718, 0.8056666666666666, 0.239]"
Measured_50cm_transect,1.0,50.0,7.0,28.571428571428573,144.444,0.5337403567447045,61.380141025641024,0.7897948717948718,0.18654442565706358,0.7788859470704635,0.03225991076540778,20.610221677879988,0.6648839121836815,"[0.05358974358974359, 0.11382051282051282, 0.19235897435897437, 0.22615384615384615, 0.3984871794871795, 0.48946153846153845, 0.5781538461538461, 0.5516666666666666, 0.7897948717948718, 0.2734871794871795]"
Measured_50cm_transect,2.0,50.0,8.0,25.0,171.556,0.5109272017837235,58.75662820512821,0.7725128205128206,0.20757881561188482,0.7500255863193747,0.05539007581813779,21.953936325903083,1.2160301975983412,"[0.04725641025641026, 0.105, 0.1824871794871795, 0.21397435897435899, 0.3800769230769231, 0.4655897435897436, 0.5436153846153846, 0.5175641025641026, 0.7725128205128206, 0.2463076923076923]"
Measured_50cm_transect,3.0,50.0,9.0,22.22222222222222,182.213,0.4862071348940915,55.91382051282052,0.7342051282051282,0.22187916137958216,0.7214307412819941,0.08426253169721677,22.331000888843572,1.8816666702267575,"[0.04297435897435897, 0.09407692307692307, 0.16794871794871793, 0.18964102564102564, 0.36130769230769233, 0.44146153846153846, 0.5327948717948718, 0.5053076923076923, 0.7342051282051282, 0.21184615384615385]"
Measured_50cm_transect,4.0,50.0,10.0,20.0,162.222,0.4743803790412487,54.5537435897436,0.7391794871794872,0.2488220679406263,0.6930677414857718,0.11778386409458928,24.433515529024838,2.8778738724236983,"[0.036897435897435896, 0.08512820512820513, 0.1594102564102564, 0.18469230769230768, 0.3375128205128205, 0.4168717948717949, 0.5126666666666667, 0.47584615384615386, 0.7391794871794872, 0.19776923076923078]"
Measured_50cm_transect,5.0,50.0,11.0,18.181818181818183,187.556,0.45455763656633225,52.27412820512821,0.7108205128205128,0.26375700850266365,0.6649101525068464,0.1548250111588817,24.817801819444796,3.842416443634455,"[0.03271794871794872, 0.07717948717948718, 0.14869230769230768, 0.16923076923076924, 0.3183846153846154, 0.3932307692307692, 0.4918717948717949, 0.46025641025641023, 0.7108205128205128, 0.1827948717948718]"
