Config_Type,Treatment_Index,Row_Spacing,Plant_Spacing,Density,True_Yield,LIE,Cum_LIE,Peak_LIE,HI,Overlap_Ratio,Competition_Factor,Base_Score_No_Competition,Yield_Score,LIE_Trajectory
Virtual_2D_response_surface,,69.19403441488888,5.010329201781111,28.84463745987961,,0.2630707915273133,30.25314102564103,0.49053846153846153,0.1768027555370861,0.7687940359930606,0.049860023831286904,9.627909654573722,0.48004780482252307,"[0.05143589743589744, 0.09923076923076923, 0.15164102564102563, 0.21805128205128205, 0.32705128205128203, 0.44476923076923075, 0.49053846153846153, 0.4229230769230769, 0.16187179487179487, 0.1687179487179487]"
Virtual_2D_response_surface,,72.01535576605366,5.120298024657628,27.119373339999143,,0.25302240802675585,29.097576923076925,0.47094871794871795,0.17888834196308986,0.7641410470685748,0.06068105246248075,9.369391123642854,0.5685445143152735,"[0.050102564102564105, 0.09841025641025641, 0.14856410256410257, 0.20907692307692308, 0.30856410256410255, 0.4248717948717949, 0.47094871794871795, 0.41187179487179487, 0.15225641025641026, 0.16297435897435897]"
Virtual_2D_response_surface,,27.097526492435364,13.031769394125467,28.31828604008244,,0.34775830546265335,39.992205128205136,0.7284102564102564,0.23044378650645317,0.4425135808330691,0.18370099135190063,16.588719324875495,3.04736418523806,"[0.05556410256410257, 0.11446153846153846, 0.19087179487179487, 0.3116153846153846, 0.4566153846153846, 0.6222307692307693, 0.7284102564102564, 0.6336666666666667, 0.15712820512820513, 0.1676923076923077]"
Virtual_2D_response_surface,,57.58963281253805,6.580846934478555,26.386020829239154,,0.2722569676700111,31.30955128205128,0.531,0.19529570183078784,0.7029889360611734,0.08141730379377615,11.006317424943447,0.8961046894373527,"[0.04971794871794872, 0.09620512820512821, 0.14894871794871795, 0.22807692307692307, 0.3395128205128205, 0.47333333333333333, 0.531, 0.46, 0.15161538461538462, 0.161]"
Virtual_2D_response_surface,,43.794775208955826,7.641715784345005,29.880428238572712,,0.3122083612040134,35.903961538461544,0.6209743589743589,0.1993067577007038,0.6592106798427924,0.0697070423491605,12.88062389311478,0.8978701952009606,"[0.05894871794871795, 0.1161025641025641, 0.1901025641025641, 0.28182051282051285, 0.4096666666666667, 0.562, 0.6209743589743589, 0.5355384615384615, 0.1594871794871795, 0.171]"
Virtual_2D_response_surface,,20.07917455674117,17.790407959866844,27.99421137900107,,0.35054459308807134,40.312628205128206,0.7551794871794871,0.23857458184390012,0.25660538438012664,0.3785780607608881,17.311623150720735,6.553800721023152,"[0.05415384615384616, 0.11982051282051281, 0.18876923076923077, 0.31, 0.4735384615384615, 0.653051282051282, 0.7551794871794871, 0.6566410256410257, 0.14097435897435898, 0.15753846153846154]"
Virtual_2D_response_surface,,70.30355126130142,5.103189026802912,27.87283099578133,,0.260276254180602,29.93176923076923,0.483974358974359,0.1788760825484107,0.7648644656187286,0.05598330867157978,9.6373397227375,0.5395301644708906,"[0.0497948717948718, 0.09812820512820512, 0.14687179487179486, 0.21774358974358973, 0.3112820512820513, 0.43448717948717946, 0.483974358974359, 0.41923076923076924, 0.16192307692307692, 0.16848717948717948]"
Virtual_2D_response_surface,,34.88324302156802,11.475684642155828,24.980696403471523,,0.30491204013377926,35.064884615384614,0.6447435897435897,0.23100815428123284,0.504269939654773,0.18207408411589698,14.580493695151915,2.6547300355023955,"[0.04958974358974359, 0.09925641025641026, 0.1701025641025641, 0.27076923076923076, 0.40412820512820513, 0.5587692307692308, 0.6447435897435897, 0.5526666666666666, 0.13692307692307693, 0.1476923076923077]"
Virtual_2D_response_surface,,58.19936019042561,5.078027831245623,33.836599651378805,,0.3059547380156076,35.18479487179487,0.5636923076923077,0.17480222678548218,0.7659286847020358,0.030065895478994242,11.070684886644283,0.33285005468272827,"[0.06264102564102564, 0.11448717948717949, 0.17492307692307693, 0.2547948717948718, 0.377974358974359, 0.5126410256410256, 0.5636923076923077, 0.4888974358974359, 0.1925128205128205, 0.19574358974358974]"
Virtual_2D_response_surface,,27.835204597150213,12.836550312139742,27.987058450341195,,0.33998651059085844,39.09844871794872,0.7055384615384616,0.22714091536246003,0.4502315023930617,0.18198446334889332,15.985543375884733,2.9091205326008396,"[0.05251282051282051, 0.11858974358974358, 0.1885128205128205, 0.309, 0.44964102564102565, 0.6193589743589744, 0.7055384615384616, 0.6252051282051282, 0.14858974358974358, 0.15879487179487178]"
Virtual_2D_response_surface,,43.47088217938662,8.548258132844317,26.910633291786,,0.2979497212931995,34.26421794871794,0.5991794871794872,0.20848120339202422,0.6221530484115694,0.10394536761218158,12.858201704223562,1.3365505029770979,"[0.051512820512820516, 0.10671794871794872, 0.1758205128205128, 0.26494871794871794, 0.39074358974358975, 0.5286923076923077, 0.5991794871794872, 0.5304615384615384, 0.14474358974358975, 0.14676923076923076]"
Virtual_2D_response_surface,,22.618728438369402,13.269442037591848,33.31801748749193,,0.3909672240802676,44.961230769230774,0.7893076923076923,0.21744184815303266,0.4331281805450173,0.14208560605448323,17.597615604653768,2.500367878301062,"[0.06105128205128205, 0.13174358974358974, 0.2275128205128205, 0.3671025641025641, 0.5226923076923077, 0.6950512820512821, 0.7893076923076923, 0.7112051282051282, 0.17484615384615385, 0.19464102564102564]"
Virtual_2D_response_surface,,30.08894370313995,12.477181554276994,26.63646351956027,,0.3233254180602007,37.18242307692308,0.6761025641025641,0.2282545433793808,0.46446065708619105,0.18770942219529396,15.276702602091653,2.867581018487968,"[0.05253846153846154, 0.1056923076923077, 0.1827948717948718, 0.2914871794871795, 0.43423076923076925, 0.5967435897435898, 0.6761025641025641, 0.5957435897435898, 0.14035897435897435, 0.14515384615384616]"
Virtual_2D_response_surface,,24.90133045602581,14.00491027026085,28.67458344806626,,0.35276120401337785,40.567538461538454,0.7379743589743589,0.2305336717175698,0.4041588468619871,0.20865945254053475,16.833930469347948,3.51255871583957,"[0.05556410256410257, 0.11605128205128205, 0.20143589743589743, 0.3151794871794872, 0.4764871794871795, 0.6491794871794871, 0.7379743589743589, 0.6418974358974359, 0.1568974358974359, 0.16546153846153847]"
Virtual_2D_response_surface,,64.22190181668013,5.985596051317754,26.014137617285684,,0.25641125975473805,29.487294871794873,0.4986923076923077,0.18954162634115215,0.7277758655822024,0.07730416888599168,10.060325687522008,0.7777051159962817,"[0.048666666666666664, 0.0955128205128205, 0.1478974358974359, 0.2159230769230769, 0.3224102564102564, 0.4462051282051282, 0.4986923076923077, 0.4341794871794872, 0.14033333333333334, 0.15071794871794872]"
Virtual_2D_response_surface,,69.10019881825455,6.084400053109607,23.78498827124218,,0.2417290969899665,27.79884615384615,0.46925641025641024,0.19290306709263214,0.7236494186059017,0.09755204281107331,9.652468832483658,0.9416180527789966,"[0.047538461538461536, 0.08676923076923077, 0.1351794871794872, 0.20033333333333334, 0.3038205128205128, 0.41407692307692306, 0.46925641025641024, 0.4026666666666667, 0.13938461538461538, 0.14253846153846153]"
Virtual_2D_response_surface,,57.015551620538936,7.1480526151035075,24.536856836853676,,0.26338729096989966,30.28953846153846,0.5168461538461538,0.2010380619794449,0.6795230826346457,0.10492215909220175,10.960830199007187,1.1500339699228415,"[0.04651282051282051, 0.09064102564102564, 0.143, 0.2196923076923077, 0.3333589743589744, 0.4651794871794872, 0.5168461538461538, 0.44874358974358974, 0.14458974358974358, 0.14928205128205127]"
Virtual_2D_response_surface,,36.69083431600903,9.198805079869222,29.628590821322067,,0.33161393534002226,38.13560256410256,0.6653846153846154,0.2096805928282538,0.595736275365087,0.0919318813991715,14.393332356306662,1.3232061231188417,"[0.0551025641025641, 0.11551282051282051, 0.19864102564102565, 0.30233333333333334, 0.433, 0.5802307692307692, 0.6653846153846154, 0.5834358974358974, 0.16423076923076924, 0.17215384615384616]"
Virtual_2D_response_surface,,46.776285489472585,7.875866249237184,27.144130610236484,,0.29473645484949834,33.89469230769231,0.5867692307692308,0.20444856408306544,0.6496099825552808,0.09215252117351971,12.47349811022103,1.1494642987100017,"[0.05287179487179487, 0.10382051282051281, 0.16605128205128206, 0.25335897435897436, 0.37853846153846155, 0.5304102564102564, 0.5867692307692308, 0.5097692307692308, 0.15405128205128205, 0.15715384615384614]"
Virtual_2D_response_surface,,36.766594303757955,8.27132094661759,32.88302209236611,,0.3488510590858417,40.117871794871796,0.684025641025641,0.1994281336770566,0.633442057246181,0.059813765162706846,14.40113813846408,0.8613862946897918,"[0.06348717948717948, 0.12776923076923077, 0.20892307692307693, 0.31353846153846154, 0.4583076923076923, 0.6147435897435898, 0.684025641025641, 0.6032820512820513, 0.18005128205128204, 0.18566666666666667]"
Virtual_2D_response_surface,,18.197278400560933,19.806484048151006,27.745092181733337,,0.3439390189520624,39.552987179487175,0.7358717948717949,0.23562472706196158,0.2408835773745448,0.40506541842739546,16.775391255573478,6.795130878222142,"[0.05517948717948718, 0.11856410256410256, 0.191, 0.30735897435897436, 0.47225641025641024, 0.6401282051282051, 0.7358717948717949, 0.6357948717948718, 0.14066666666666666, 0.1618974358974359]"
Virtual_2D_response_surface,,31.022097848732063,11.556119641778123,27.894386052903986,,0.32990267558528424,37.93880769230769,0.6837435897435897,0.22267085370151482,0.5010638866296028,0.1510834836369742,15.206160055074752,2.297399633862097,"[0.05482051282051282, 0.11338461538461539, 0.1936923076923077, 0.29723076923076924, 0.4412820512820513, 0.6063333333333333, 0.6837435897435897, 0.6018205128205129, 0.14633333333333334, 0.15220512820512822]"
Virtual_2D_response_surface,,19.214434901498276,20.38967725731917,25.524781445583415,,0.3229360089186176,37.137641025641024,0.7161282051282051,0.24562947377496744,0.20168370441371922,0.49852948767900246,16.419778600269325,8.185743813394915,"[0.04848717948717949, 0.10807692307692307, 0.17123076923076924, 0.2765128205128205, 0.42912820512820515, 0.6063076923076923, 0.7161282051282051, 0.6061025641025641, 0.1286923076923077, 0.14453846153846153]"
Virtual_2D_response_surface,,19.24530914989773,16.815854903651072,30.89983474510616,,0.3757151616499443,43.20724358974359,0.7813846153846153,0.2276437527702198,0.29436446949867867,0.29231694030750566,17.70454633972726,5.1753388155615205,"[0.05876923076923077, 0.12305128205128205, 0.21097435897435898, 0.3393076923076923, 0.511, 0.6891538461538461, 0.7813846153846153, 0.695, 0.16043589743589742, 0.17133333333333334]"
Virtual_2D_response_surface,,22.994066450697996,15.299567629281567,28.42530021570596,,0.3538735785953177,40.69546153846154,0.7455128205128205,0.23370824436409415,0.35341709673080046,0.25707250347498956,17.119556765532653,4.400967316097674,"[0.0531025641025641, 0.11784615384615385, 0.1976923076923077, 0.31761538461538463, 0.47107692307692306, 0.6476410256410257, 0.7455128205128205, 0.6581538461538462, 0.148, 0.16446153846153846]"
Virtual_2D_response_surface,,43.10458679933783,8.201379949202385,28.287175281479943,,0.301704347826087,34.696000000000005,0.6125897435897436,0.2046919293822715,0.636297403151149,0.0877034275957969,12.783584127325128,1.1211641449256378,"[0.05828205128205128, 0.11235897435897436, 0.18302564102564103, 0.27264102564102566, 0.4043076923076923, 0.5430769230769231, 0.6125897435897436, 0.5251025641025641, 0.1503846153846154, 0.14958974358974358]"
Virtual_2D_response_surface,,39.136831602531785,10.355557138052298,24.67407424007606,,0.2951084726867335,33.937474358974356,0.6066153846153847,0.22313900786009802,0.5490880346089544,0.16009879179241393,13.630993843930296,2.1823056453430727,"[0.047205128205128205, 0.10028205128205128, 0.1656923076923077, 0.25548717948717947, 0.38874358974358975, 0.5370769230769231, 0.6066153846153847, 0.5367435897435897, 0.13371794871794873, 0.14553846153846153]"
Virtual_2D_response_surface,,43.36469381245412,8.550565256612908,26.96925129006867,,0.2962667781493868,34.07067948717948,0.6010769230769231,0.20861826335681835,0.6220591133268589,0.10346948047330351,12.793978774803884,1.3237863370154301,"[0.05269230769230769, 0.11092307692307693, 0.17625641025641026, 0.2665128205128205, 0.3943846153846154, 0.5342564102564102, 0.6010769230769231, 0.5243076923076923, 0.14292307692307693, 0.14453846153846153]"
Virtual_2D_response_surface,,45.72463707324106,8.50089413257711,25.726761789136972,,0.2875392419175028,33.06701282051282,0.5864102564102565,0.21178763989801716,0.6240818896244915,0.11406291564112056,12.605732286720995,1.4378465784148067,"[0.048, 0.10148717948717949, 0.16397435897435897, 0.2539230769230769, 0.3742820512820513, 0.5176410256410257, 0.5864102564102565, 0.5054358974358975, 0.14435897435897435, 0.14143589743589743]"
Virtual_2D_response_surface,,20.115616753445316,15.569335474413721,31.929827383181763,,0.3805492753623188,43.76316666666666,0.7898717948717948,0.22411519964343898,0.342882352822283,0.22754916088167654,17.654383502152367,4.017240151798085,"[0.06497435897435898, 0.13341025641025642, 0.22146153846153846, 0.34707692307692306, 0.523025641025641, 0.7055128205128205, 0.7898717948717948, 0.7012820512820512, 0.16, 0.1743076923076923]"
Virtual_2D_response_surface,,60.82320569783256,6.279042393582285,26.184077562549096,,0.2570253065774805,29.55791025641026,0.505051282051282,0.19025146195023154,0.7155347738311348,0.07938938329893562,10.122184149256432,0.8035939572477294,"[0.04776923076923077, 0.09428205128205128, 0.15205128205128204, 0.21576923076923077, 0.3283076923076923, 0.45264102564102565, 0.505051282051282, 0.4358717948717949, 0.14015384615384616, 0.1444102564102564]"
Virtual_2D_response_surface,,54.61469747301321,6.071106216627297,30.15939578327343,,0.2949207357859532,33.91588461538461,0.5656666666666667,0.1870694782167376,0.7242043317856924,0.05216360648942617,11.42032830886634,0.5957255118837576,"[0.057256410256410255, 0.11276923076923077, 0.17023076923076924, 0.25164102564102564, 0.37141025641025643, 0.5115384615384615, 0.5656666666666667, 0.4926923076923077, 0.1657179487179487, 0.17687179487179489]"
Virtual_2D_response_surface,,55.32437909360105,6.441312133086585,28.061385288534385,,0.2838380156075808,32.641371794871795,0.5507435897435897,0.1922834117782469,0.7087839323601137,0.06792096225288102,11.297509800912337,0.7673377367393203,"[0.05284615384615385, 0.10594871794871795, 0.16223076923076923, 0.2356923076923077, 0.3578205128205128, 0.48753846153846153, 0.5507435897435897, 0.4837692307692308, 0.15482051282051282, 0.16538461538461538]"
Virtual_2D_response_surface,,56.30711071039174,6.110668011530312,29.0635103181968,,0.28718104793756966,33.02582051282051,0.5513333333333333,0.18834524027863772,0.7225532009866874,0.058451002869514844,11.196460979795415,0.6544443728584327,"[0.055025641025641024, 0.10407692307692308, 0.1661794871794872, 0.23748717948717948, 0.36612820512820515, 0.496025641025641, 0.5513333333333333, 0.4811025641025641, 0.1621025641025641, 0.17048717948717948]"
Virtual_2D_response_surface,,50.60153655251456,7.619686175847005,25.93577383703274,,0.27407380156075806,31.518487179487177,0.5525128205128205,0.20251010577858244,0.6601150337871108,0.09876514394213376,11.489061910857918,1.1347188533859687,"[0.049102564102564104, 0.09861538461538462, 0.16033333333333333, 0.2418974358974359, 0.35756410256410254, 0.4889230769230769, 0.5525128205128205, 0.48007692307692307, 0.13548717948717948, 0.14623076923076922]"
Virtual_2D_response_surface,,59.17146911794963,6.253168562334841,27.026357176899616,,0.2732597547380156,31.424871794871798,0.5213589743589744,0.19026508813837856,0.7166123725368815,0.07288868819431728,10.762300803219352,0.7844499874993057,"[0.050256410256410255, 0.09487179487179487, 0.14866666666666667, 0.2321794871794872, 0.33892307692307694, 0.47417948717948716, 0.5213589743589744, 0.45753846153846156, 0.15684615384615386, 0.16284615384615383]"
Virtual_2D_response_surface,,71.56305231550411,5.401591062383548,25.869583826432763,,0.246871237458194,28.39019230769231,0.4684102564102564,0.18322544017519732,0.7522725864632295,0.07197241393721983,9.363249868023763,0.6738956952990252,"[0.04882051282051282, 0.09361538461538461, 0.13915384615384616, 0.20292307692307693, 0.30117948717948717, 0.4208205128205128, 0.4684102564102564, 0.39964102564102566, 0.15033333333333335, 0.15615384615384614]"
Virtual_2D_response_surface,,63.29467467321437,4.833006182059952,32.69004190916035,,0.2854594202898551,32.82783333333334,0.5332307692307693,0.17281070955407032,0.7763131295235234,0.032337747212276766,10.211402108620971,0.3302137400714949,"[0.05741025641025641, 0.111, 0.16302564102564102, 0.23805128205128206, 0.34835897435897434, 0.4867179487179487, 0.5332307692307693, 0.46215384615384614, 0.1734102564102564, 0.1818974358974359]"
Virtual_2D_response_surface,,53.02452782569116,6.690997313749616,28.185927765468932,,0.28669743589743585,32.97020512820512,0.564076923076923,0.19461881300439726,0.6984206819223322,0.06981894392458877,11.54991993581299,0.8064032123320172,"[0.05576923076923077, 0.10848717948717948, 0.17053846153846153, 0.2494102564102564, 0.3618205128205128, 0.5036666666666667, 0.564076923076923, 0.48925641025641026, 0.152, 0.16371794871794873]"
Virtual_2D_response_surface,,44.49868078609083,8.410951960371442,26.718231685933578,,0.29430222965440356,33.84475641025641,0.5997435897435898,0.20961468518767307,0.6277468135309461,0.10352803143066447,12.769844328340879,1.3220368449891668,"[0.05382051282051282, 0.10682051282051282, 0.17315384615384616, 0.26456410256410257, 0.38874358974358975, 0.5253589743589744, 0.5997435897435898, 0.5158974358974359, 0.14566666666666667, 0.14776923076923076]"
Virtual_2D_response_surface,,57.19877189054063,6.802629042520678,25.70020022954282,,0.2690243032329989,30.937794871794875,0.5322564102564102,0.19886730242916145,0.6937966191748275,0.0897227285148696,11.074528456669066,0.9936369101479166,"[0.0468974358974359, 0.09664102564102564, 0.14784615384615385, 0.22284615384615383, 0.33356410256410257, 0.4684871794871795, 0.5322564102564102, 0.46153846153846156, 0.14453846153846153, 0.15674358974358973]"
Virtual_2D_response_surface,,18.19654765341874,19.709812356298098,27.88229457593262,,0.3458033444816053,39.767384615384614,0.7470256410256411,0.23737610499389103,0.24091179230772924,0.4032163558402693,16.991688358429172,6.851326659459339,"[0.055282051282051284, 0.11853846153846154, 0.1985897435897436, 0.3028205128205128, 0.47605128205128205, 0.6426923076923077, 0.7470256410256411, 0.6393333333333333, 0.1418974358974359, 0.15828205128205128]"
Virtual_2D_response_surface,,35.706828352096096,9.608729652991986,29.146254296259897,,0.33105050167224076,38.07080769230769,0.6758461538461539,0.21426840623297796,0.5791598540300299,0.10202637560576579,14.68326831881934,1.4980806486161031,"[0.05638461538461539, 0.11620512820512821, 0.19271794871794873, 0.29715384615384616, 0.4406923076923077, 0.5873846153846154, 0.6758461538461539, 0.5931538461538461, 0.15317948717948718, 0.17097435897435898]"
Virtual_2D_response_surface,,17.768230090232468,23.186956577553524,24.272364303105803,,0.30164960981047934,34.68970512820513,0.6682564102564102,0.24219676800262419,0.2574630585854475,0.4295536524666209,15.123122037027612,6.496192307703655,"[0.04774358974358974, 0.09884615384615385, 0.16694871794871796, 0.26397435897435895, 0.4065384615384615, 0.5756923076923077, 0.6682564102564102, 0.5581794871794872, 0.12133333333333333, 0.14017948717948717]"
Virtual_2D_response_surface,,44.33136401398276,7.057208105056855,31.963621672580196,,0.3224049052396878,37.0765641025641,0.6340769230769231,0.19355775337096834,0.6832719543095137,0.052175731536582094,12.9176216107326,0.6739863572527353,"[0.06284615384615384, 0.12053846153846154, 0.19643589743589743, 0.2887948717948718, 0.4218205128205128, 0.5597179487179487, 0.6340769230769231, 0.5467692307692308, 0.17235897435897435, 0.17897435897435898]"
Virtual_2D_response_surface,,45.86327191376418,6.725325840196308,32.4206438253418,,0.3235935340022296,37.213256410256406,0.6273333333333333,0.1906194749142833,0.6969981111140987,0.047097480346703385,12.768428514192596,0.6013608110054729,"[0.05828205128205128, 0.12310256410256411, 0.19312820512820514, 0.2867948717948718, 0.42028205128205126, 0.559, 0.6273333333333333, 0.5459487179487179, 0.1766923076923077, 0.184]"
Virtual_2D_response_surface,,63.27033863193874,5.208814957659254,30.34316730297792,,0.2765290969899665,31.80084615384615,0.5245641025641026,0.17843451538943658,0.7604011648851526,0.04416248921195509,10.21386343038402,0.4510696335567169,"[0.05674358974358974, 0.10474358974358974, 0.1592051282051282, 0.23612820512820512, 0.3471025641025641, 0.4698974358974359, 0.5245641025641026, 0.45315384615384613, 0.16171794871794873, 0.1734102564102564]"
Virtual_2D_response_surface,,15.257464840489538,26.581021615333384,24.657324662813846,,0.2937928651059086,33.78617948717949,0.6426153846153846,0.2326383570745864,0.35506241366109625,0.3061079084855974,14.147930317904152,4.3307933590136125,"[0.04846153846153846, 0.10120512820512821, 0.16738461538461538, 0.2629230769230769, 0.39153846153846156, 0.5596923076923077, 0.6426153846153846, 0.5378974358974359, 0.11894871794871795, 0.14715384615384616]"
Virtual_2D_response_surface,,70.45403108733815,4.401332455769913,32.24853417293192,,0.27652697881828314,31.80060256410256,0.49835897435897436,0.16794705498001827,0.7947061938522647,0.03126116160394669,9.613471585015878,0.30052828879413085,"[0.058333333333333334, 0.10458974358974359, 0.1606153846153846, 0.22266666666666668, 0.33715384615384614, 0.4602051282051282, 0.49835897435897436, 0.43264102564102563, 0.17969230769230768, 0.19028205128205128]"
Virtual_2D_response_surface,,55.556942915958025,7.127968501318941,25.25200623869758,,0.26958472686733553,31.00224358974359,0.5292820512820513,0.20039859048898945,0.6803515905591847,0.09797175469771205,11.183050651285663,1.095623095179848,"[0.04658974358974359, 0.0975897435897436, 0.1478974358974359, 0.22982051282051283, 0.3426153846153846, 0.4725128205128205, 0.5292820512820513, 0.4666153846153846, 0.14156410256410257, 0.1515897435897436]"
Virtual_2D_response_surface,,56.14843202333847,6.2749944641743065,28.382393710450838,,0.28166265328874024,32.39120512820513,0.5416410256410257,0.18902489090633828,0.7157033411994795,0.06413715391150364,11.020939228230839,0.7068516755303694,"[0.053128205128205125, 0.10646153846153845, 0.1604102564102564, 0.24264102564102563, 0.3610769230769231, 0.49374358974358973, 0.5416410256410257, 0.47125641025641024, 0.15561538461538463, 0.17053846153846153]"
Virtual_2D_response_surface,,16.60030512151724,20.089326516689315,29.986001047750417,,0.35901895206243034,41.287179487179486,0.7605897435897436,0.22814019124804333,0.302735989181761,0.29302816504897294,16.954677043735355,4.968197903123716,"[0.05835897435897436, 0.12312820512820513, 0.20197435897435898, 0.3194871794871795, 0.48425641025641025, 0.6704102564102564, 0.7605897435897436, 0.6559230769230769, 0.15376923076923077, 0.17223076923076924]"
Virtual_2D_response_surface,,23.501743228652686,17.112985132129044,24.86418050484308,,0.31817714604236347,36.5903717948718,0.7036666666666667,0.24723071572605737,0.28283660695115054,0.38638544995439245,16.283274853551656,6.2916204810206,"[0.04633333333333333, 0.10169230769230769, 0.1698974358974359, 0.2734358974358974, 0.429948717948718, 0.6025897435897436, 0.7036666666666667, 0.5941282051282051, 0.12835897435897436, 0.14176923076923076]"
Virtual_2D_response_surface,,16.294942138837843,24.54110803471691,25.00650572699637,,0.30305005574136007,34.85075641025641,0.6618974358974359,0.2352769176298312,0.3146085204228076,0.3451437707767045,14.759241381491774,5.094060224211648,"[0.04756410256410257, 0.10646153846153845, 0.1737179487179487, 0.2703076923076923, 0.4088205128205128, 0.5736153846153846, 0.6618974358974359, 0.5577435897435897, 0.12166666666666667, 0.14725641025641026]"
Virtual_2D_response_surface,,44.60979825462616,8.054747556181361,27.830294821733872,,0.2987725752508361,34.35884615384615,0.6093846153846154,0.20618306194523534,0.6422894193697407,0.08918577428984015,12.751581788829489,1.137259695256983,"[0.053564102564102566, 0.10992307692307693, 0.17905128205128204, 0.2643589743589744, 0.38982051282051283, 0.5278461538461539, 0.6093846153846154, 0.5211538461538462, 0.1508974358974359, 0.15094871794871795]"
Virtual_2D_response_surface,,29.96929163808842,11.107241070704587,30.041203287922556,,0.3500324414715719,40.25373076923077,0.7167692307692307,0.21851650258266522,0.5189761969450468,0.1214640023138942,15.832988034473749,1.9231380952551786,"[0.05887179487179487, 0.12035897435897436, 0.2048205128205128, 0.32076923076923075, 0.4697948717948718, 0.6291538461538462, 0.7167692307692307, 0.6259230769230769, 0.16446153846153846, 0.16887179487179488]"
Virtual_2D_response_surface,,54.11593092233373,7.272734326280112,25.408389784744433,,0.27005440356744703,31.05625641025641,0.5445128205128205,0.20329596509762715,0.6743835073259111,0.09857295780548735,11.364500914636404,1.1202324691388765,"[0.04848717948717949, 0.09748717948717948, 0.15202564102564103, 0.235, 0.34507692307692306, 0.47702564102564105, 0.5445128205128205, 0.4655641025641026, 0.14123076923076924, 0.1462820512820513]"
Virtual_2D_response_surface,,59.26525920909148,6.478835246269937,26.04371148845811,,0.26798405797101454,30.81816666666667,0.5195384615384615,0.19423101243960403,0.7072246669114342,0.08286478390623417,10.774518683758425,0.8928281624233244,"[0.048025641025641025, 0.09687179487179487, 0.1507948717948718, 0.2215897435897436, 0.328, 0.45787179487179486, 0.5195384615384615, 0.453, 0.1513076923076923, 0.15771794871794872]"
Virtual_2D_response_surface,,65.59411877338881,6.046771646322382,25.21224566178233,,0.25126555183946486,28.89553846153846,0.4915897435897436,0.19151050235164252,0.7252203416392069,0.08438358358463341,9.960838355682789,0.8405312359597811,"[0.04730769230769231, 0.09330769230769231, 0.1431025641025641, 0.2042051282051282, 0.312974358974359, 0.439025641025641, 0.4915897435897436, 0.42105128205128206, 0.14297435897435898, 0.1446923076923077]"
Virtual_2D_response_surface,,70.87162995175552,5.815030164676444,24.264738037332418,,0.24052452619843923,27.660320512820512,0.4634871794871795,0.18912995684741116,0.7349112947648285,0.0897018877542798,9.41651140495555,0.8446788490842183,"[0.04394871794871795, 0.08966666666666667, 0.13843589743589743, 0.19471794871794873, 0.28997435897435897, 0.41333333333333333, 0.4634871794871795, 0.39705128205128204, 0.14215384615384616, 0.14623076923076922]"
Virtual_2D_response_surface,,44.04677101703473,8.858247893964135,25.62937961166008,,0.28691895206243034,32.99567948717949,0.5829230769230769,0.21147726270246237,0.6095478990421609,0.12094504379764769,12.56010476212171,1.5190824205578535,"[0.050487179487179484, 0.1034102564102564, 0.16835897435897437, 0.2587948717948718, 0.37584615384615383, 0.5212307692307693, 0.5829230769230769, 0.510948717948718, 0.1366153846153846, 0.14135897435897435]"
Virtual_2D_response_surface,,73.3009408216769,4.976758575051698,27.412199111865714,,0.25353377926421405,29.156384615384617,0.4701025641025641,0.17763168530465576,0.7702159901100816,0.05756171152863341,9.322375925918713,0.5366119138092098,"[0.04933333333333333, 0.09228205128205129, 0.14412820512820512, 0.20558974358974358, 0.3080769230769231, 0.42028205128205126, 0.4701025641025641, 0.40287179487179486, 0.16202564102564102, 0.16651282051282051]"
Virtual_2D_response_surface,,37.866929411050755,8.08243088786856,32.673669385226844,,0.3411394648829431,39.23103846153846,0.6772051282051282,0.19896597616471687,0.641157561664342,0.05885517992190473,14.050155354219994,0.8269244213033308,"[0.0627948717948718, 0.12556410256410255, 0.20217948717948717, 0.3082820512820513, 0.45574358974358975, 0.609025641025641, 0.6772051282051282, 0.5917435897435898, 0.1742051282051282, 0.173]"
Virtual_2D_response_surface,,17.014965689469108,20.96969933890182,28.027006785742167,,0.3388076923076923,38.96288461538462,0.7407948717948718,0.23503330151317714,0.28663796761132104,0.3374671952532921,16.483635733735483,5.562686318640655,"[0.05217948717948718, 0.11117948717948718, 0.19066666666666668, 0.2936153846153846, 0.4543076923076923, 0.6380769230769231, 0.7407948717948718, 0.6233076923076923, 0.14012820512820512, 0.16266666666666665]"
Virtual_2D_response_surface,,73.75475844940485,4.367603511442585,31.043218985164255,,0.26814247491638793,30.83638461538461,0.4813076923076923,0.16823256094592642,0.7961489211424246,0.035369216249216406,9.337831117487495,0.3302717680930773,"[0.05558974358974359, 0.10017948717948717, 0.15420512820512822, 0.2165128205128205, 0.3284102564102564, 0.43833333333333335, 0.4813076923076923, 0.4187179487179487, 0.17676923076923076, 0.18264102564102563]"
Virtual_2D_response_surface,,61.16472662816416,5.1222413931327875,31.91823879773971,,0.28354648829431445,32.60784615384616,0.5325897435897435,0.17495639859436213,0.764058887207406,0.036971256130609996,10.268912392192705,0.3796545902345515,"[0.059666666666666666, 0.11033333333333334, 0.16682051282051283, 0.24056410256410257, 0.35920512820512823, 0.4747692307692308, 0.5325897435897435, 0.46064102564102566, 0.17033333333333334, 0.17464102564102565]"
Virtual_2D_response_surface,,35.218759040202286,10.545484881687749,26.925228486274154,,0.31878751393533994,36.660564102564095,0.6552820512820513,0.22155532999418173,0.5414654563457638,0.13926836734567524,14.620218079529593,2.03613390217381,"[0.051564102564102564, 0.10553846153846154, 0.1843076923076923, 0.28102564102564104, 0.4189230769230769, 0.5702820512820512, 0.6552820512820513, 0.5758974358974359, 0.14728205128205127, 0.15882051282051282]"
Virtual_2D_response_surface,,60.34599972557166,5.47298222748658,30.278020291450094,,0.27691839464882945,31.845615384615385,0.5254615384615384,0.17882310631053697,0.7492678408973944,0.0465327072726167,10.250517357805588,0.4769843236036438,"[0.056025641025641025, 0.10751282051282052, 0.16, 0.23458974358974358, 0.34974358974358977, 0.47917948717948716, 0.5254615384615384, 0.45997435897435895, 0.1591025641025641, 0.16353846153846155]"
Virtual_2D_response_surface,,35.27091913553812,9.191371826640939,30.846286459253747,,0.3399690078037904,39.096435897435896,0.684923076923077,0.20809983874230642,0.596037341271712,0.0832378065251335,14.644731610179594,1.2189953363806358,"[0.05976923076923077, 0.12538461538461537, 0.2027179487179487, 0.304, 0.4512051282051282, 0.605051282051282, 0.684923076923077, 0.5988717948717949, 0.1645128205128205, 0.17758974358974358]"
Virtual_2D_response_surface,,74.93976000950842,5.627314508560035,23.7130006743468,,0.23779866220735785,27.34684615384615,0.45866666666666667,0.19057506281161576,0.7427821428711803,0.09239588427939842,9.380928462243881,0.8667591806308006,"[0.043333333333333335, 0.08746153846153847, 0.12912820512820514, 0.19312820512820514, 0.28405128205128205, 0.39466666666666667, 0.45866666666666667, 0.3887948717948718, 0.1448205128205128, 0.1492051282051282]"
Virtual_2D_response_surface,,33.70059587073916,9.88860193856108,30.00734180707317,,0.33677636566332214,38.72928205128205,0.6856410256410257,0.21213506581420075,0.567871619114111,0.0998430606318891,14.78850983439383,1.4765300840506712,"[0.058, 0.11953846153846154, 0.19697435897435897, 0.30833333333333335, 0.45853846153846156, 0.615948717948718, 0.6856410256410257, 0.5991282051282051, 0.15635897435897436, 0.16866666666666666]"
Virtual_2D_response_surface,,32.37358498231857,10.843334125456007,28.486976990851794,,0.3364459308807135,38.69128205128205,0.6884102564102564,0.22046362245727533,0.5295311035237792,0.13006425536803387,15.35403635737524,1.9970113057157297,"[0.05351282051282051, 0.116, 0.18933333333333333, 0.3016153846153846, 0.4493846153846154, 0.6013589743589743, 0.6884102564102564, 0.6034358974358974, 0.15784615384615386, 0.1668974358974359]"
Virtual_2D_response_surface,,31.80726402116108,13.654368684552436,23.0251284158453,,0.2946530657748049,33.88510256410256,0.6344871794871795,0.2423582805052966,0.41795272062700684,0.272189211027223,14.782203345926723,4.02355626597177,"[0.0451025641025641, 0.0927948717948718, 0.15733333333333333, 0.254, 0.39492307692307693, 0.5465641025641026, 0.6344871794871795, 0.5471538461538461, 0.12507692307692309, 0.13223076923076924]"
Virtual_2D_response_surface,,23.585254518924078,14.470571931008111,29.300412621895493,,0.3560356744704571,40.944102564102565,0.7434615384615385,0.22819765741589862,0.3858720377966784,0.2167952786831325,16.81802692222409,3.6460688335039966,"[0.05835897435897436, 0.11776923076923076, 0.20043589743589743, 0.3251538461538461, 0.4905128205128205, 0.6526666666666666, 0.7434615384615385, 0.6554615384615384, 0.1508974358974359, 0.16643589743589743]"
Virtual_2D_response_surface,,35.25513800002095,9.013234620928483,31.470011731103074,,0.3451974358974359,39.69770512820513,0.6886410256410257,0.20609611078914225,0.6032576199406945,0.07676187183054305,14.726776741519078,1.13045494870951,"[0.06233333333333333, 0.12366666666666666, 0.20902564102564103, 0.30653846153846154, 0.4551794871794872, 0.610897435897436, 0.6886410256410257, 0.6055641025641025, 0.1686923076923077, 0.18743589743589745]"
Virtual_2D_response_surface,,74.60643541427078,4.427124655711979,30.27624136196755,,0.26724147157190636,30.73276923076923,0.47387179487179487,0.16906209576206285,0.7936035188418329,0.03881591414766367,9.352343474506235,0.3630197613858966,"[0.05525641025641025, 0.10176923076923076, 0.1528974358974359, 0.2175897435897436, 0.32, 0.42756410256410254, 0.47387179487179487, 0.4196153846153846, 0.1768974358974359, 0.18246153846153845]"
Virtual_2D_response_surface,,67.22454994175632,4.619681662969264,32.20030955610827,,0.2809255295429208,32.3064358974359,0.513051282051282,0.17065519976297838,0.7853864051866447,0.03272494156600969,9.923870289072202,0.3247580753185475,"[0.061153846153846156, 0.10697435897435897, 0.15892307692307692, 0.2357948717948718, 0.3457948717948718, 0.46882051282051285, 0.513051282051282, 0.44574358974358974, 0.17705128205128204, 0.18776923076923077]"
Virtual_2D_response_surface,,74.48026132302603,4.088561870868425,32.83887224084983,,0.27684548494983274,31.837230769230768,0.48835897435897435,0.16469029522929404,0.8081177814617762,0.0276433942824606,9.437909282402003,0.26089584749553335,"[0.05958974358974359, 0.10456410256410256, 0.15687179487179487, 0.21776923076923077, 0.3241282051282051, 0.4391794871794872, 0.48835897435897435, 0.42515384615384616, 0.1921025641025641, 0.1936153846153846]"
Virtual_2D_response_surface,,59.998845619558814,5.945965807860137,28.03074870029914,,0.2790490523968785,32.09064102564103,0.5305384615384615,0.18808901958997348,0.7294323932396247,0.06299264181045275,10.864614975347884,0.6843907995505701,"[0.05076923076923077, 0.10028205128205128, 0.1565897435897436, 0.23297435897435897, 0.34625641025641024, 0.4747692307692308, 0.5305384615384615, 0.45887179487179486, 0.16648717948717948, 0.16935897435897435]"
Virtual_2D_response_surface,,72.38730695766964,5.2272934062185845,26.42778120565517,,0.25126142697881826,28.895064102564103,0.4683076923076923,0.1809571797463476,0.7596210436972872,0.06623724366194217,9.411784755461872,0.6234106801412808,"[0.04676923076923077, 0.09476923076923077, 0.1408974358974359, 0.20674358974358975, 0.3057692307692308, 0.41507692307692307, 0.4683076923076923, 0.40617948717948715, 0.15671794871794872, 0.15853846153846154]"
Virtual_2D_response_surface,,43.07816640186698,7.33289304833572,31.656831142893086,,0.31990457079152734,36.789025641025646,0.6290256410256411,0.19375542790072742,0.6719059758817666,0.05635184007923832,12.830532129229962,0.7230240946778959,"[0.06176923076923077, 0.1256923076923077, 0.1936923076923077, 0.2861025641025641, 0.42125641025641025, 0.5709487179487179, 0.6290256410256411, 0.546974358974359, 0.1656923076923077, 0.1751025641025641]"
Virtual_2D_response_surface,,34.52090402160697,10.583727614053887,27.370276544050924,,0.317682497212932,36.53348717948718,0.664025641025641,0.22106906405852828,0.5399318044432784,0.13557082355558173,14.537562871614252,1.9708693709957918,"[0.053794871794871794, 0.10761538461538461, 0.18371794871794872, 0.2878717948717949, 0.4260769230769231, 0.5804615384615385, 0.664025641025641, 0.5722051282051283, 0.14251282051282052, 0.1576923076923077]"
Virtual_2D_response_surface,,59.33702326983132,6.447957710025456,26.136778903145917,,0.26960301003344483,31.004346153846154,0.5165128205128205,0.1931012329822207,0.7085077281513182,0.08175897935536515,10.776559446207477,0.8810805012843423,"[0.04684615384615384, 0.09566666666666666, 0.1568974358974359, 0.22512820512820514, 0.33987179487179486, 0.46792307692307694, 0.5165128205128205, 0.4541282051282051, 0.15115384615384617, 0.15943589743589742]"
Virtual_2D_response_surface,,52.423526987586825,6.376218780763234,29.916484185530926,,0.2966189520624303,34.111179487179484,0.5733589743589743,0.18951330320547496,0.7114904620619398,0.05623857837709775,11.636140141530403,0.6543999793563509,"[0.05712820512820513, 0.11284615384615385, 0.1768974358974359, 0.25474358974358974, 0.37558974358974356, 0.5252820512820513, 0.5733589743589743, 0.5015641025641026, 0.16143589743589742, 0.17082051282051283]"
Virtual_2D_response_surface,,21.060932817610773,15.71904868491994,30.206203100687752,,0.37028260869565216,42.582499999999996,0.7698461538461538,0.22892270868750933,0.33704134087368,0.25243082814275575,17.54658223683456,4.429298285119115,"[0.059666666666666666, 0.1275128205128205, 0.21117948717948717, 0.3308974358974359, 0.49764102564102564, 0.672974358974359, 0.7698461538461538, 0.6862307692307692, 0.15779487179487178, 0.16935897435897435]"
Virtual_2D_response_surface,,30.020352861520887,9.679289822018504,34.414440508601935,,0.37171560758082495,42.74729487179487,0.7493589743589744,0.20542627278220243,0.5763117250235181,0.06843734997100753,15.806551422662238,1.0817584915474625,"[0.06358974358974359, 0.13633333333333333, 0.22292307692307692, 0.3395897435897436, 0.5042820512820513, 0.6635384615384615, 0.7493589743589744, 0.6609487179487179, 0.1736923076923077, 0.19]"
Virtual_2D_response_surface,,58.30099978330758,6.45368262437522,26.57763871499974,,0.274000668896321,31.51007692307692,0.532025641025641,0.19464959252819614,0.7082698054186256,0.07844478703645849,11.04016254049627,0.8660431993371165,"[0.04848717948717949, 0.09538461538461539, 0.1561025641025641, 0.22776923076923078, 0.3411794871794872, 0.47323076923076923, 0.532025641025641, 0.46105128205128204, 0.15553846153846154, 0.15925641025641027]"
Virtual_2D_response_surface,,40.744550052097836,9.692336624861056,25.32223206701389,,0.2935133779264214,33.754038461538464,0.6065897435897436,0.21912173476427665,0.5757852596931531,0.13924790199469816,13.313238233386365,1.853840492754653,"[0.04871794871794872, 0.09853846153846153, 0.16607692307692307, 0.25853846153846155, 0.3874871794871795, 0.5398205128205128, 0.6065897435897436, 0.5252051282051282, 0.13715384615384615, 0.14646153846153845]"
Virtual_2D_response_surface,,23.12106926789366,13.969583859701462,30.960546362819123,,0.36898940914158307,42.43378205128205,0.7661794871794871,0.22417423232050052,0.40554784687536694,0.18308707008425518,17.122608928442858,3.134928300907111,"[0.05828205128205128, 0.12384615384615384, 0.21133333333333335, 0.33664102564102566, 0.5063846153846154, 0.6743333333333333, 0.7661794871794871, 0.6831282051282052, 0.1544102564102564, 0.1716923076923077]"
Virtual_2D_response_surface,,33.947722116001344,11.655609076517768,25.272859819636725,,0.3084192865105908,35.46821794871794,0.6472307692307693,0.22971776004542233,0.49710052191986687,0.18290967837235012,14.665823243968195,2.682521012619959,"[0.048692307692307694, 0.10176923076923076, 0.16823076923076924, 0.27812820512820513, 0.4102820512820513, 0.563923076923077, 0.6472307692307693, 0.5641282051282052, 0.13653846153846153, 0.14476923076923076]"
Virtual_2D_response_surface,,41.60394094135043,8.443711879990328,28.466372173953943,,0.31330746934225195,36.030358974358975,0.6275641025641026,0.2071118450233785,0.6264116008835335,0.08971115845450146,13.432165423261438,1.2050151206732826,"[0.0568974358974359, 0.11084615384615384, 0.18317948717948718, 0.277, 0.4122051282051282, 0.5543589743589744, 0.6275641025641026, 0.5476153846153846, 0.1596923076923077, 0.1575897435897436]"
Virtual_2D_response_surface,,26.71314863635421,12.843574015153203,29.1466755470087,,0.3504826086956521,40.305499999999995,0.7307948717948718,0.22626445299380757,0.4499536807267947,0.16976574531442934,16.41546343825544,2.7867833852771997,"[0.05623076923076923, 0.1201025641025641, 0.19787179487179488, 0.3241025641025641, 0.4622307692307692, 0.6370769230769231, 0.7307948717948718, 0.6353846153846154, 0.15692307692307692, 0.1701794871794872]"
Virtual_2D_response_surface,,22.912453144932083,16.780354798588654,26.00921657389395,,0.3320028985507246,38.18033333333333,0.7176923076923077,0.24260319902809452,0.29574271156322934,0.353419032018938,16.672807811926184,5.892487597928739,"[0.04892307692307692, 0.10761538461538461, 0.17423076923076924, 0.2877948717948718, 0.447, 0.6215128205128205, 0.7176923076923077, 0.6182051282051282, 0.13697435897435897, 0.1525128205128205]"
Virtual_2D_response_surface,,47.91248819121101,8.582500394422498,24.318536912221035,,0.27657736900780383,31.80639743589744,0.5642051282051282,0.2143473685512554,0.6207590542043544,0.12986722599737244,12.271711668264025,1.5936931525970366,"[0.04692307692307692, 0.09558974358974359, 0.15574358974358973, 0.23807692307692307, 0.3495641025641026, 0.49233333333333335, 0.5642051282051282, 0.48630769230769233, 0.14087179487179488, 0.14005128205128206]"
Virtual_2D_response_surface,,30.089179069756305,11.706978983950258,28.388655350541434,,0.3353811594202899,38.56883333333334,0.7007692307692308,0.22377661480057537,0.4950550324709583,0.14951703594300303,15.535445328253665,2.322813737535062,"[0.05430769230769231, 0.11264102564102564, 0.18925641025641027, 0.30864102564102563, 0.44666666666666666, 0.6215897435897436, 0.7007692307692308, 0.6161538461538462, 0.14502564102564103, 0.15407692307692308]"
Virtual_2D_response_surface,,30.806912105640773,11.924631987943544,27.221173620739464,,0.3283207357859532,37.75688461538462,0.6905897435897436,0.22817077741613434,0.48639533084950465,0.1669069461473972,15.507031887906466,2.5882313362207756,"[0.0511025641025641, 0.11023076923076923, 0.1844102564102564, 0.2938717948717949, 0.4403846153846154, 0.5930512820512821, 0.6905897435897436, 0.6015384615384616, 0.14597435897435898, 0.1484871794871795]"
Virtual_2D_response_surface,,24.228354708775605,14.756285284769543,27.9704229733513,,0.34882519509476034,40.11489743589744,0.7255897435897436,0.2318588296642687,0.37467223117319687,0.24242851932880066,16.741787708860837,4.058686805176247,"[0.054461538461538464, 0.11566666666666667, 0.19382051282051282, 0.31015384615384617, 0.46582051282051284, 0.6400769230769231, 0.7255897435897436, 0.6423589743589744, 0.15207692307692308, 0.16228205128205128]"
Virtual_2D_response_surface,,23.36248736061107,15.917036441847147,26.89172800660894,,0.3380974358974359,38.88120512820513,0.7228974358974359,0.23795943542029113,0.329322810029917,0.3019488578532753,16.6538693173828,5.028616819221442,"[0.04948717948717949, 0.10676923076923077, 0.18302564102564103, 0.29646153846153844, 0.4591025641025641, 0.6271538461538462, 0.7228974358974359, 0.6274102564102564, 0.14251282051282052, 0.15266666666666667]"
Virtual_2D_response_surface,,36.849511485338496,8.934081791611213,30.375143693187756,,0.3350715719063545,38.53323076923077,0.6698461538461539,0.20715316539166945,0.6064691304331277,0.08283306022739628,14.36810530790489,1.190154132323258,"[0.05692307692307692, 0.12097435897435897, 0.19789743589743589, 0.2982051282051282, 0.4362820512820513, 0.5993846153846154, 0.6698461538461539, 0.5841025641025641, 0.16853846153846153, 0.17764102564102563]"
Virtual_2D_response_surface,,37.25085442719379,8.892819029790186,30.187302510534547,,0.3342960981047937,38.44405128205128,0.6664102564102564,0.20729885685863977,0.6081441167791717,0.08354573443548362,14.344934190811479,1.198458062400025,"[0.05671794871794872, 0.12076923076923077, 0.19774358974358974, 0.29712820512820515, 0.43325641025641026, 0.5914871794871794, 0.6664102564102564, 0.5853589743589743, 0.16894871794871794, 0.17282051282051283]"
Virtual_2D_response_surface,,36.19095725154356,9.055764035719108,30.512292006659617,,0.3390801560758082,38.994217948717946,0.6714871794871795,0.20687101822581558,0.6015328888847837,0.08359187532732028,14.52019242954718,1.2137701152994076,"[0.059, 0.12194871794871795, 0.19464102564102564, 0.30430769230769233, 0.44246153846153846, 0.5961282051282051, 0.6714871794871795, 0.5929230769230769, 0.17287179487179488, 0.17533333333333334]"
Virtual_2D_response_surface,,15.0,27.73821515052045,24.03423086341437,,0.2780940914158306,31.980820512820515,0.6124358974358974,0.22889345279072282,0.365130651565857,0.3052504430619555,13.176360774467753,4.022089964350452,"[0.04466666666666667, 0.0988974358974359, 0.15987179487179487, 0.2510512820512821, 0.37351282051282053, 0.5316923076923077, 0.6124358974358974, 0.5013076923076923, 0.11466666666666667, 0.14512820512820512]"
Virtual_2D_response_surface,,32.08487050349556,11.847566612579909,26.306953068795767,,0.31916755852842804,36.70426923076923,0.670974358974359,0.2290465996589588,0.48946022564169167,0.17532857488188336,15.13257850849435,2.65317342418253,"[0.050743589743589744, 0.10882051282051282, 0.18084615384615385, 0.2854102564102564, 0.4278717948717949, 0.5764871794871795, 0.670974358974359, 0.58, 0.14343589743589744, 0.14974358974358976]"
Virtual_2D_response_surface,,46.39832198784025,9.221763272692865,23.371347676728334,,0.2709845039018952,31.163217948717946,0.5648717948717948,0.2204867133972594,0.5948065195295704,0.1526325392520003,12.367935907911546,1.887749462930533,"[0.04535897435897436, 0.09271794871794872, 0.15592307692307691, 0.22571794871794873, 0.3564871794871795, 0.49638461538461537, 0.5648717948717948, 0.4823846153846154, 0.13105128205128205, 0.13030769230769232]"
Virtual_2D_response_surface,,32.87824138299655,9.767016551589139,31.14078074013812,,0.35122675585284285,40.39107692307693,0.706076923076923,0.21103431680082507,0.572772743419587,0.08965143958870146,15.34302598196,1.3755243669295638,"[0.061205128205128204, 0.12315384615384616, 0.20712820512820512, 0.3173076923076923, 0.45987179487179486, 0.6162051282051282, 0.706076923076923, 0.6170256410256411, 0.17512820512820512, 0.18056410256410257]"
Virtual_2D_response_surface,,45.61162047743759,8.236156842317259,26.61949974653613,,0.2926817168338907,33.658397435897434,0.5896923076923077,0.20777724153647104,0.6348774150238754,0.10175387591398108,12.588208152784198,1.2808989703577682,"[0.04976923076923077, 0.10646153846153845, 0.1692820512820513, 0.2558974358974359, 0.3769487179487179, 0.5332820512820513, 0.5896923076923077, 0.5150769230769231, 0.14466666666666667, 0.15087179487179486]"
Virtual_2D_response_surface,,30.529471517923845,11.550836421990365,28.3574568498072,,0.33457268673355633,38.47585897435898,0.7025897435897436,0.22436135961294001,0.5012744216485534,0.14629877435913427,15.538492857173257,2.2732624603926097,"[0.05517948717948718, 0.1127948717948718, 0.19292307692307692, 0.30438461538461536, 0.44656410256410256, 0.6046153846153847, 0.7025897435897436, 0.6092820512820513, 0.14971794871794872, 0.154]"
Virtual_2D_response_surface,,40.86346219323936,8.104479641109933,30.1953247316756,,0.3235487179487179,37.20810256410256,0.6411538461538462,0.20208122493322783,0.6402562795513539,0.0732312489602974,13.534306098471038,0.9911341394020039,"[0.059666666666666666, 0.12053846153846154, 0.19641025641025642, 0.28817948717948716, 0.42202564102564105, 0.5718974358974359, 0.6411538461538462, 0.5632820512820513, 0.16548717948717948, 0.16515384615384615]"
Virtual_2D_response_surface,,40.627491011562576,9.559669870710765,25.74762067536426,,0.2981186176142698,34.283641025641025,0.6106410256410256,0.21760848892818133,0.5811410108028926,0.13222305456675187,13.428740373382706,1.7755890711525255,"[0.04792307692307692, 0.1013076923076923, 0.16935897435897435, 0.2600769230769231, 0.3953333333333333, 0.5324358974358975, 0.6106410256410256, 0.5330769230769231, 0.14176923076923076, 0.14976923076923077]"
Virtual_2D_response_surface,,17.30801451414446,20.185561372847165,28.622786910880883,,0.34555529542920843,39.73885897435897,0.7444102564102564,0.23228747871541436,0.2752774763595126,0.3445865761397604,16.61551084472627,5.725481992797284,"[0.05653846153846154, 0.118, 0.19676923076923078, 0.306974358974359, 0.47012820512820513, 0.6465641025641026, 0.7444102564102564, 0.6344871794871795, 0.1438974358974359, 0.16276923076923078]"
Virtual_2D_response_surface,,32.219125617041264,12.499329136506159,24.83130507877187,,0.30936655518394646,35.57715384615384,0.6553589743589744,0.2347801994534759,0.4635829031800001,0.21086379085101728,15.035060296776592,3.170349809851933,"[0.04676923076923077, 0.10453846153846154, 0.1711025641025641, 0.2710769230769231, 0.4042051282051282, 0.5635384615384615, 0.6553589743589744, 0.568974358974359, 0.1372820512820513, 0.14025641025641025]"
Virtual_2D_response_surface,,25.33249116607218,10.887568242990248,36.25694518222416,,0.39710211817168345,45.6667435897436,0.7921794871794872,0.2058886063029661,0.5277607102873076,0.07521587095267282,16.924071945756996,1.2729588114658086,"[0.0677948717948718, 0.14202564102564103, 0.24517948717948718, 0.3735897435897436, 0.5351025641025641, 0.7091538461538461, 0.7921794871794872, 0.7127692307692308, 0.18315384615384617, 0.1946923076923077]"
Virtual_2D_response_surface,,27.79674423393041,11.83631577647465,30.394116652645682,,0.3556357859531773,40.89811538461539,0.7322307692307692,0.21998886709639967,0.4899077894185293,0.1335289694676658,16.194834125710873,2.162479511505959,"[0.058487179487179485, 0.12364102564102564, 0.20623076923076922, 0.32294871794871793, 0.485974358974359, 0.6395384615384615, 0.7322307692307692, 0.648051282051282, 0.15794871794871795, 0.1667948717948718]"
Virtual_2D_response_surface,,34.49407934985683,11.079336704358692,26.166261722154488,,0.3139983277591974,36.1098076923077,0.6517179487179487,0.22519819884553152,0.5200913794220885,0.15879209336586994,14.637354575339183,2.324296174356603,"[0.053564102564102566, 0.10553846153846154, 0.1803846153846154, 0.2792820512820513, 0.41574358974358977, 0.5706153846153846, 0.6517179487179487, 0.5711794871794872, 0.14012820512820512, 0.1533076923076923]"
Virtual_2D_response_surface,,50.426113424469825,6.938838318786566,28.579704592692142,,0.28907179487179485,33.24325641025641,0.5722307692307692,0.1946767844352772,0.6881620127499573,0.06999067330654304,11.64904247179104,0.8153243259771713,"[0.052717948717948715, 0.10787179487179487, 0.1687179487179487, 0.25574358974358974, 0.3801538461538462, 0.5157179487179487, 0.5722307692307692, 0.49764102564102564, 0.14833333333333334, 0.15930769230769232]"
Virtual_2D_response_surface,,36.708838224861516,9.589893943347796,28.406357978587085,,0.32458060200668903,37.32676923076924,0.6572307692307693,0.21394476021872294,0.5799204013463977,0.10779738454284794,14.374560047069753,1.5495399770282365,"[0.052794871794871794, 0.11605128205128205, 0.18576923076923077, 0.2915641025641026, 0.42743589743589744, 0.5812820512820512, 0.6572307692307693, 0.5732307692307692, 0.15835897435897436, 0.1655897435897436]"
Virtual_2D_response_surface,,44.6735009724017,8.069058382012766,27.741322022237274,,0.299655629877369,34.460397435897434,0.6048717948717949,0.2056090059058375,0.6417042733845677,0.09007509401997137,12.753662507846897,1.148787349493293,"[0.054, 0.10897435897435898, 0.1744102564102564, 0.2648974358974359, 0.39694871794871794, 0.5354102564102564, 0.6048717948717949, 0.5172564102564102, 0.15494871794871795, 0.15328205128205127]"
Virtual_2D_response_surface,,19.715844724429402,16.72345289046484,30.329039711365276,,0.37173054626532887,42.74901282051282,0.7771538461538462,0.22981040981449363,0.29795226759555016,0.29466658957662856,17.683502679804768,5.210737426427243,"[0.05861538461538462, 0.12556410256410255, 0.2088205128205128, 0.3302051282051282, 0.5068205128205128, 0.6765641025641026, 0.7771538461538462, 0.6882820512820513, 0.15774358974358973, 0.17105128205128206]"
Virtual_2D_response_surface,,22.203900799460325,15.2280278568563,29.575157018376977,,0.36387536231884066,41.84566666666667,0.7663589743589744,0.23167092818308832,0.3562129557546235,0.240622075615812,17.449963986792216,4.198846553923113,"[0.056846153846153845, 0.12512820512820513, 0.19941025641025642, 0.32894871794871794, 0.49017948717948717, 0.6637435897435897, 0.7663589743589744, 0.6645641025641026, 0.15923076923076923, 0.17276923076923076]"
Virtual_2D_response_surface,,23.566262027970495,15.523227881228815,27.335515278716816,,0.343160646599777,39.46347435897436,0.7325128205128205,0.23740859576736142,0.3446820062747591,0.27970185306787115,16.864142456997676,4.716931895622812,"[0.05548717948717949, 0.11658974358974358, 0.19453846153846155, 0.30466666666666664, 0.4644615384615385, 0.638102564102564, 0.7325128205128205, 0.636, 0.1433076923076923, 0.15284615384615385]"
Virtual_2D_response_surface,,37.382950605603014,9.947520067602259,26.891287704345448,,0.31524336677814935,36.25298717948718,0.642974358974359,0.2188378029684504,0.5654981711577922,0.12793219847833054,14.280343317724274,1.826915715661803,"[0.051974358974358974, 0.1092051282051282, 0.17761538461538462, 0.2786153846153846, 0.4117692307692308, 0.5646410256410257, 0.642974358974359, 0.5585384615384615, 0.1533076923076923, 0.16166666666666665]"
Virtual_2D_response_surface,,20.59709608669184,19.44282471921676,24.970925793097862,,0.32312530657748045,37.159410256410254,0.7013333333333334,0.24582477087753482,0.19290159084732364,0.5213491745051232,16.442466322007466,8.572266243806881,"[0.05041025641025641, 0.10566666666666667, 0.1794871794871795, 0.27994871794871795, 0.43415384615384617, 0.6082564102564103, 0.7013333333333334, 0.6053846153846154, 0.1301025641025641, 0.1432820512820513]"
Virtual_2D_response_surface,,33.8809314058376,10.094057881177658,29.240101002542275,,0.33293756967670013,38.28782051282052,0.682974358974359,0.21533713422150424,0.559599400613413,0.10942285584300562,14.840621180672573,1.6239031520733909,"[0.05571794871794872, 0.11992307692307692, 0.19433333333333333, 0.3008461538461538, 0.4495128205128205, 0.6036410256410256, 0.682974358974359, 0.5939230769230769, 0.1544871794871795, 0.16597435897435897]"
Virtual_2D_response_surface,,39.84092976284241,8.25971671478352,30.38822844437066,,0.32565462653288735,37.450282051282045,0.6481282051282051,0.2026652345471188,0.6339156796142388,0.07391941333341978,13.661766352401894,1.0098697538678023,"[0.057, 0.11876923076923077, 0.19735897435897437, 0.29046153846153844, 0.43515384615384617, 0.5745897435897436, 0.6481282051282051, 0.5686410256410256, 0.16415384615384615, 0.16546153846153847]"
Virtual_2D_response_surface,,38.70555425401432,8.032543639289067,32.16426380840106,,0.33778450390189524,38.84521794871795,0.6658717948717948,0.19881846240561407,0.6431974498768019,0.060969358021543435,13.901663707875118,0.847575511700535,"[0.06266666666666666, 0.12553846153846154, 0.20402564102564102, 0.3090769230769231, 0.4492307692307692, 0.6003846153846154, 0.6658717948717948, 0.5871538461538461, 0.17207692307692307, 0.1701794871794872]"
Virtual_2D_response_surface,,28.946771184901742,13.48229454378869,25.623358978451936,,0.31969944258639915,36.7654358974359,0.6794615384615385,0.23559017089663464,0.4247328767110835,0.22956077837661581,15.590835587099143,3.579044352916321,"[0.05053846153846154, 0.10428205128205129, 0.17407692307692307, 0.28515384615384615, 0.42615384615384616, 0.5845384615384616, 0.6794615384615385, 0.5891282051282051, 0.13887179487179488, 0.14571794871794871]"
Virtual_2D_response_surface,,31.06945774467193,12.86753992509661,25.013289061421435,,0.31285261984392415,35.978051282051275,0.6651025641025641,0.2360622371071156,0.44900579236730503,0.2190079693299717,15.287506690311996,3.3480857963635873,"[0.04669230769230769, 0.10302564102564103, 0.16794871794871793, 0.28097435897435896, 0.41574358974358977, 0.5708205128205128, 0.6651025641025641, 0.5786666666666667, 0.1356923076923077, 0.13941025641025642]"
Virtual_2D_response_surface,,24.15274293236255,16.785853334382267,24.665510975709807,,0.319536231884058,36.74666666666667,0.6927692307692308,0.24582843129710888,0.29552922545847543,0.37319490775718617,16.26007575971597,6.06817747327206,"[0.04953846153846154, 0.10074358974358974, 0.17266666666666666, 0.27502564102564103, 0.43364102564102563, 0.6008205128205129, 0.6927692307692308, 0.5973846153846154, 0.13023076923076923, 0.14235897435897435]"
Virtual_2D_response_surface,,33.91963193318511,10.431701657294981,28.26140254775047,,0.3290827201783723,37.84451282051282,0.678923076923077,0.21955492756767533,0.5460308594968785,0.1241049098045251,14.956108688054975,1.8561265197577368,"[0.05646153846153846, 0.11484615384615385, 0.1895128205128205, 0.29620512820512823, 0.4277179487179487, 0.5941794871794872, 0.678923076923077, 0.5923589743589743, 0.15287179487179486, 0.16064102564102564]"
Virtual_2D_response_surface,,17.271969645620658,20.26499577509771,28.57009052012599,,0.3437117056856187,39.52684615384615,0.7357435897435898,0.23063726087153247,0.2766740942592235,0.34340532676370494,16.409454350064383,5.635094033097959,"[0.05448717948717949, 0.11497435897435898, 0.19143589743589742, 0.3061794871794872, 0.46812820512820513, 0.6552051282051282, 0.7357435897435898, 0.6271538461538462, 0.14476923076923076, 0.16607692307692307]"
Virtual_2D_response_surface,,34.48411550859333,8.682449453010603,33.39939847518455,,0.35803299888517276,41.17379487179487,0.7101794871794872,0.202264239841315,0.6166924383929038,0.061722674174854435,14.990375378026483,0.925246055216689,"[0.06397435897435898, 0.12884615384615383, 0.21343589743589744, 0.32674358974358975, 0.47623076923076924, 0.6390769230769231, 0.7101794871794872, 0.6236410256410256, 0.17915384615384616, 0.18769230769230769]"
Virtual_2D_response_surface,,30.357543445312757,11.84126051719941,27.818610815799016,,0.33122564102564106,38.09094871794872,0.6902051282051282,0.22458373301442533,0.48971108151634035,0.15848674361890933,15.398293422848333,2.4404253818757016,"[0.05328205128205128, 0.11443589743589744, 0.1916923076923077, 0.29843589743589743, 0.4418717948717949, 0.6048717948717949, 0.6902051282051282, 0.6058717948717949, 0.14523076923076922, 0.1554871794871795]"
Virtual_2D_response_surface,,28.605021136435287,12.231434951329792,28.58119065579303,,0.34461382385730205,39.63058974358974,0.7164358974358974,0.22622389557011618,0.4742074905995698,0.15998678480684114,16.137695511964733,2.5818180191510276,"[0.05730769230769231, 0.11825641025641026, 0.19430769230769232, 0.3108717948717949, 0.4584102564102564, 0.6196410256410256, 0.7164358974358974, 0.6291794871794871, 0.15402564102564104, 0.16197435897435897]"
Virtual_2D_response_surface,,32.60111176217435,12.239322388694529,25.061681994228813,,0.3120549609810479,35.88632051282051,0.6561794871794872,0.23341994668093585,0.47389444564463873,0.20070329012176955,15.077849437219571,3.0261739900106392,"[0.047846153846153844, 0.1052051282051282, 0.1744102564102564, 0.27187179487179486, 0.4116923076923077, 0.5644615384615385, 0.6561794871794872, 0.5742307692307692, 0.13887179487179488, 0.1411025641025641]"
Virtual_2D_response_surface,,41.53083921901519,7.625682084722173,31.575526250299514,,0.33209498327759196,38.19092307692308,0.6437948717948718,0.1969060457053348,0.6598688724406696,0.05976349788788456,13.536042560844374,0.8089612509953383,"[0.06076923076923077, 0.12017948717948718, 0.19925641025641025, 0.2931025641025641, 0.4380512820512821, 0.5834102564102565, 0.6437948717948718, 0.5691025641025641, 0.1757948717948718, 0.18094871794871795]"
Virtual_2D_response_surface,,28.062408923437793,14.636838348985638,24.346008802049145,,0.31229175027870687,35.91355128205129,0.665923076923077,0.2410270511811185,0.37935263614066156,0.28683880574955495,15.58104725331846,4.469248986469251,"[0.04705128205128205, 0.10048717948717949, 0.16948717948717948, 0.27156410256410257, 0.41707692307692307, 0.5907435897435898, 0.665923076923077, 0.5798974358974359, 0.13066666666666665, 0.1428205128205128]"
Virtual_2D_response_surface,,42.4448663233626,7.991226760958751,29.48230096973464,,0.31803600891861755,36.57414102564102,0.621,0.20103444317303756,0.6448875904784801,0.07646925298346931,13.234791736119403,1.0120546374528436,"[0.057076923076923074, 0.1178974358974359, 0.18628205128205128, 0.2771794871794872, 0.41405128205128205, 0.5533076923076923, 0.621, 0.5446923076923077, 0.17082051282051283, 0.17117948717948717]"
Virtual_2D_response_surface,,39.9809808056274,10.134216659144956,24.68063738170494,,0.29150590858416936,33.523179487179476,0.611,0.22423368075240163,0.5579839081746465,0.1553399448796404,13.53064666848059,2.101849907667665,"[0.04838461538461539, 0.0998974358974359, 0.1646923076923077, 0.2509230769230769, 0.37966666666666665, 0.5311025641025641, 0.611, 0.5223846153846153, 0.1353076923076923, 0.14846153846153845]"
Virtual_2D_response_surface,,19.27227982851752,20.48763687730821,25.32649198069473,,0.32034191750278707,36.839320512820514,0.7072051282051282,0.24476052454768468,0.19945876434456425,0.5050663762241453,16.230260542856815,8.197358877554421,"[0.050487179487179484, 0.10292307692307692, 0.17138461538461539, 0.27505128205128204, 0.4319230769230769, 0.6064871794871795, 0.7072051282051282, 0.5987435897435898, 0.128025641025641, 0.1451025641025641]"
Virtual_2D_response_surface,,16.97854751240218,20.947099285193087,28.11742688610722,,0.34113355629877373,39.23035897435898,0.741948717948718,0.23474812069896991,0.2880507096168505,0.3344851674979427,16.57665547843813,5.5446453842610675,"[0.053974358974358976, 0.11217948717948718, 0.18625641025641027, 0.2935897435897436, 0.4595641025641026, 0.6425897435897436, 0.741948717948718, 0.6283333333333333, 0.14115384615384616, 0.16489743589743588]"
Virtual_2D_response_surface,,49.447667572153684,6.149407316076922,32.88674787959778,,0.3206464882943144,36.874346153846155,0.605051282051282,0.18494589449307552,0.7209371622735266,0.04052166516159456,12.275566079886676,0.49742637835819586,"[0.06207692307692308, 0.12117948717948718, 0.18743589743589745, 0.28197435897435896, 0.4052307692307692, 0.5477179487179488, 0.605051282051282, 0.5302564102564102, 0.1854102564102564, 0.1921025641025641]"
Virtual_2D_response_surface,,36.70240243322519,9.080483461124276,30.005200656346034,,0.3322307692307692,38.20653846153846,0.6667948717948718,0.20821365366989303,0.600530688758054,0.08746671273401134,14.319221340881189,1.2524552195975795,"[0.05794871794871795, 0.11915384615384615, 0.1987179487179487, 0.29956410256410254, 0.4408974358974359, 0.593974358974359, 0.6667948717948718, 0.5867179487179487, 0.16035897435897437, 0.17174358974358975]"
Virtual_2D_response_surface,,39.32832302010381,7.801414026771689,32.59276797120701,,0.3387671125975473,38.958217948717945,0.6676666666666666,0.19749183785144367,0.6526604150952815,0.056339684411791296,13.849074111796932,0.780252464854148,"[0.06269230769230769, 0.12871794871794873, 0.20087179487179488, 0.3062051282051282, 0.4493589743589744, 0.6002307692307692, 0.6676666666666666, 0.5792307692307692, 0.17856410256410257, 0.1778974358974359]"
Virtual_2D_response_surface,,36.52458999868214,10.022759513406925,27.31664385246375,,0.3178282051282051,36.55024358974359,0.6512307692307693,0.2183929394776584,0.5624686950217197,0.12523166478482498,14.368167245139377,1.7993495040155967,"[0.05333333333333334, 0.1103076923076923, 0.18166666666666667, 0.2827948717948718, 0.41428205128205126, 0.5714358974358974, 0.6512307692307693, 0.5664102564102564, 0.15061538461538462, 0.16374358974358974]"
Virtual_2D_response_surface,,39.63804643902482,10.879606202684883,23.188602818207606,,0.2823389074693423,32.468974358974364,0.5947435897435898,0.22996530419124267,0.5280793393368086,0.19093923094889775,13.440127617430557,2.566247631127232,"[0.04561538461538461, 0.09512820512820513, 0.1527948717948718, 0.24823076923076923, 0.36623076923076925, 0.5153076923076924, 0.5947435897435898, 0.5093846153846154, 0.12982051282051282, 0.1398974358974359]"
Virtual_2D_response_surface,,51.28370403472144,6.73675273350575,28.94476364564982,,0.2913597547380156,33.5063717948718,0.5649487179487179,0.19163153578242173,0.6965247000628095,0.06547460039747598,11.557579473986582,0.7567278976213421,"[0.05428205128205128, 0.10782051282051282, 0.17064102564102565, 0.25064102564102564, 0.37438461538461537, 0.5151794871794871, 0.5649487179487179, 0.49641025641025643, 0.15666666666666668, 0.16433333333333333]"
Virtual_2D_response_surface,,45.329141412603704,7.9749889008987775,27.662563228610722,,0.2998958751393534,34.488025641025644,0.5978461538461538,0.20441948215726216,0.6455520022530781,0.0893968338152347,12.690043815896715,1.1344497381177654,"[0.053153846153846156, 0.10794871794871795, 0.17053846153846153, 0.25994871794871793, 0.3916923076923077, 0.544923076923077, 0.5978461538461538, 0.5253589743589744, 0.15017948717948718, 0.15692307692307692]"
Virtual_2D_response_surface,,39.86769429155423,9.13745486041125,27.450713432953975,,0.3100789297658863,35.659076923076924,0.6304871794871795,0.2128822010307641,0.5982216412139788,0.10855530887658825,13.664129007797898,1.4833137449710503,"[0.054128205128205126, 0.1097948717948718, 0.1828974358974359, 0.2751025641025641, 0.4125641025641026, 0.5547948717948717, 0.6304871794871795, 0.5508974358974359, 0.14897435897435898, 0.15382051282051282]"
Virtual_2D_response_surface,,35.73389926992963,10.00106928704225,27.98163937204912,,0.3225410256410256,37.092217948717945,0.6594615384615384,0.21666619430121056,0.563341873477599,0.11866267243128682,14.46593346205159,1.7165663238202187,"[0.05246153846153846, 0.10774358974358975, 0.1871025641025641, 0.29123076923076924, 0.42966666666666664, 0.5836153846153846, 0.6594615384615384, 0.5755641025641025, 0.14976923076923077, 0.16807692307692307]"
Virtual_2D_response_surface,,31.25402565420449,11.328022829671527,28.24489210707976,,0.333391861761427,38.34006410256411,0.6986153846153846,0.22409266488496557,0.5101597236339409,0.14250054675619742,15.465108845887196,2.2037864661830304,"[0.05353846153846154, 0.11451282051282051, 0.19023076923076923, 0.30138461538461536, 0.43925641025641027, 0.6038461538461538, 0.6986153846153846, 0.607948717948718, 0.1478205128205128, 0.15938461538461537]"
Virtual_2D_response_surface,,23.639447390924964,15.159069686114448,27.905520698472525,,0.3448954292084727,39.66297435897436,0.7334615384615385,0.23407537191836145,0.3589087840546337,0.2581331719093949,16.711425854037643,4.313773362831405,"[0.05194871794871795, 0.11274358974358975, 0.19430769230769232, 0.31153846153846154, 0.4692820512820513, 0.6385897435897436, 0.7334615384615385, 0.6372307692307693, 0.1438974358974359, 0.16038461538461538]"
Virtual_2D_response_surface,,39.43829142740409,8.039719522785253,31.53849826164148,,0.33264437012263104,38.25410256410257,0.6633076923076923,0.20083894749873782,0.6429039718348539,0.06446013191244074,13.829244653669628,0.89143493462496,"[0.06166666666666667, 0.12487179487179487, 0.20023076923076924, 0.2944871794871795, 0.44164102564102564, 0.5931025641025641, 0.6633076923076923, 0.575025641025641, 0.17087179487179488, 0.1707948717948718]"
Virtual_2D_response_surface,,36.04510340852599,10.296721033996056,26.943547583111275,,0.31474381270903,36.195538461538455,0.6503589743589744,0.22028567354183984,0.5514513779772452,0.134112677095121,14.352045424577224,1.9247912336808342,"[0.051666666666666666, 0.10989743589743589, 0.18069230769230768, 0.2816666666666667, 0.4175897435897436, 0.568923076923077, 0.6503589743589744, 0.5603589743589743, 0.14774358974358975, 0.16]"
Virtual_2D_response_surface,,32.58718327002404,11.384547836624247,26.954879247662188,,0.32638104793756967,37.53382051282051,0.6787692307692308,0.22696244589033238,0.5079044745763035,0.15704844445795274,15.33378187295725,2.4081465908054893,"[0.051153846153846154, 0.10892307692307693, 0.18384615384615385, 0.2897179487179487, 0.42638461538461536, 0.5891025641025641, 0.6787692307692308, 0.5915641025641025, 0.14987179487179486, 0.15776923076923077]"
Virtual_2D_response_surface,,29.777315638346064,12.921713061901485,25.98928685407905,,0.32350055741360084,37.2025641025641,0.6749487179487179,0.23204597792330595,0.44686361750502335,0.2079670871232234,15.538869663181131,3.2315734610392033,"[0.05164102564102564, 0.10792307692307693, 0.17766666666666667, 0.28846153846153844, 0.42717948717948717, 0.5887692307692308, 0.6749487179487179, 0.5938205128205128, 0.1441025641025641, 0.14866666666666667]"
Virtual_2D_response_surface,,37.49105499045103,10.217156747370861,26.106117131714626,,0.30833968784838345,35.4590641025641,0.6294358974358975,0.2201127379995254,0.554648866390395,0.14115196205920494,14.048985035728922,1.9830418027335468,"[0.04812820512820513, 0.10482051282051282, 0.17353846153846153, 0.27392307692307694, 0.40582051282051285, 0.5457948717948718, 0.6294358974358975, 0.5493846153846154, 0.14884615384615385, 0.15574358974358973]"
Virtual_2D_response_surface,,22.823602315700562,17.20170854114378,25.470896063216255,,0.3277869565217392,37.69550000000001,0.7044615384615385,0.24301988330846505,0.2793970525765434,0.3820219670733862,16.489360820257644,6.29929805633765,"[0.04741025641025641, 0.10566666666666667, 0.1723076923076923, 0.28087179487179487, 0.4361025641025641, 0.6107179487179487, 0.7044615384615385, 0.6161282051282051, 0.1341794871794872, 0.14712820512820513]"
Virtual_2D_response_surface,,32.2303119867022,12.687630931652965,24.454284107717655,,0.30656298773690077,35.25474358974359,0.6529230769230769,0.23677549885507546,0.45612450776915847,0.22129755140567325,15.025427100844762,3.32509022624139,"[0.04553846153846154, 0.09894871794871794, 0.16548717948717948, 0.27187179487179486, 0.4081025641025641, 0.5616410256410257, 0.6529230769230769, 0.558923076923077, 0.1382051282051282, 0.1397948717948718]"
Virtual_2D_response_surface,,30.727195647503194,12.668325906514644,25.689629850537415,,0.3182134894091416,36.594551282051285,0.6710769230769231,0.2330308166210784,0.45688879606788196,0.20451919950450684,15.34978470444902,3.139325680320437,"[0.05038461538461538, 0.10456410256410256, 0.17697435897435898, 0.2834358974358974, 0.4196410256410256, 0.5860512820512821, 0.6710769230769231, 0.5847179487179487, 0.1402051282051282, 0.14435897435897435]"
Virtual_2D_response_surface,,38.272149472934665,9.84772570147969,26.53268509629356,,0.30762686733556305,35.37708974358975,0.6323333333333333,0.218343230640186,0.5695188633109761,0.12960561758691322,13.903826517473714,1.8020140226184815,"[0.05002564102564103, 0.1082051282051282, 0.17184615384615384, 0.27935897435897433, 0.4024358974358974, 0.560025641025641, 0.6323333333333333, 0.551, 0.14343589743589744, 0.15417948717948718]"
Virtual_2D_response_surface,,29.638113540842923,13.061815650544263,25.831277950790625,,0.32041794871794876,36.84806410256411,0.6846410256410257,0.23550624486263338,0.44132643402868055,0.2140624746921848,15.620308573054455,3.3437219086035865,"[0.050256410256410255, 0.10323076923076924, 0.17333333333333334, 0.2835897435897436, 0.42394871794871797, 0.5848717948717949, 0.6846410256410257, 0.5894615384615385, 0.14092307692307693, 0.14517948717948717]"
Virtual_2D_response_surface,,44.31732112114939,8.497856948685708,26.55321326666058,,0.2947698996655519,33.898538461538465,0.6032307692307692,0.2113108685967232,0.6242056016428217,0.10633178103461009,12.893633291640821,1.3710029919073108,"[0.05307692307692308, 0.10651282051282052, 0.17138461538461539, 0.25869230769230767, 0.38646153846153847, 0.5224102564102564, 0.6032307692307692, 0.5227179487179487, 0.14361538461538462, 0.14605128205128204]"
Virtual_2D_response_surface,,34.39897885728441,8.729567641057422,33.30134043387188,,0.35434358974358976,40.74951282051282,0.7056153846153846,0.20180556169060776,0.6147765179089042,0.06276863285537099,14.802260982051981,0.929117685011804,"[0.06584615384615385, 0.13071794871794873, 0.21482051282051282, 0.3274871794871795, 0.47217948717948716, 0.6351538461538462, 0.7056153846153846, 0.6209230769230769, 0.17161538461538461, 0.18725641025641027]"
Virtual_2D_response_surface,,35.87906970974551,8.977619350049714,31.045427081075168,,0.3413030100334448,39.24984615384616,0.6817435897435897,0.2065752552690247,0.6047024056828979,0.07898649450101465,14.594484579301291,1.1527671759681246,"[0.05938461538461538, 0.12356410256410257, 0.20205128205128206, 0.30635897435897436, 0.4474871794871795, 0.6087692307692307, 0.6817435897435897, 0.597974358974359, 0.1687948717948718, 0.1804871794871795]"
Virtual_2D_response_surface,,38.50983594159176,7.72947660002737,33.59527843136173,,0.34718539576365665,39.92632051282052,0.6864358974358974,0.19717097669389352,0.6556098198610422,0.050882957255646545,14.170160900351263,0.7210196913982073,"[0.062128205128205126, 0.13166666666666665, 0.2093076923076923, 0.3130512820512821, 0.45897435897435895, 0.6083076923076923, 0.6864358974358974, 0.6023076923076923, 0.17812820512820512, 0.17866666666666667]"
Virtual_2D_response_surface,,36.39850183593254,9.320513619818875,29.47654964491036,,0.3312205128205128,38.09035897435897,0.6704871794871795,0.21149062968576415,0.5908092365756432,0.0949104121020376,14.500357207999157,1.3762348782379512,"[0.0592051282051282, 0.1194102564102564, 0.18984615384615386, 0.29197435897435897, 0.4371282051282051, 0.5898974358974359, 0.6704871794871795, 0.5849487179487179, 0.16256410256410256, 0.16751282051282051]"
Virtual_2D_response_surface,,35.15607187338993,12.059005314365915,23.58783981221882,,0.292753734671126,33.666679487179486,0.6313846153846154,0.23721522749629667,0.48105462624301465,0.21560167505570912,14.375248260473137,3.099327604299677,"[0.045743589743589746, 0.09794871794871794, 0.16097435897435897, 0.2551282051282051, 0.38769230769230767, 0.5467948717948717, 0.6313846153846154, 0.5317179487179488, 0.13046153846153846, 0.13566666666666666]"
Virtual_2D_response_surface,,28.77190478172802,12.517081707268563,27.76695768648649,,0.3341468227424749,38.426884615384616,0.7088461538461538,0.22919361196470556,0.4628794114127172,0.17588549828192376,15.852953666791757,2.7883046549239188,"[0.05261538461538461, 0.11148717948717948, 0.18784615384615386, 0.3008205128205128, 0.4471025641025641, 0.6125641025641025, 0.7088461538461538, 0.6142564102564102, 0.14253846153846153, 0.15876923076923077]"
Virtual_2D_response_surface,,27.44551371474468,12.471524082977535,29.21521630811093,,0.34773232998885173,39.98921794871795,0.7267435897435898,0.22499765258505994,0.4646848917632344,0.15950175238532036,16.195464300912995,2.58320493668952,"[0.05697435897435897, 0.11717948717948717, 0.19692307692307692, 0.3116153846153846, 0.46602564102564104, 0.6296410256410256, 0.7267435897435898, 0.6405897435897436, 0.15076923076923077, 0.16094871794871796]"
Virtual_2D_response_surface,,32.269014905201445,11.259784276480753,27.5222681769212,,0.327109364548495,37.617576923076925,0.6732307692307692,0.22234795241350835,0.5128833833555684,0.1482734630717775,15.055544166486838,2.232337671995101,"[0.05574358974358974, 0.109, 0.18735897435897436, 0.29194871794871796, 0.43541025641025644, 0.5911282051282051, 0.6732307692307692, 0.5938461538461538, 0.14815384615384616, 0.1585897435897436]"
Virtual_2D_response_surface,,27.86179225856111,12.602759556256343,28.479036990204165,,0.3435394648829431,39.50703846153846,0.718974358974359,0.2273741703913091,0.45948518676253863,0.17043179713095652,16.169184170657726,2.755743116346611,"[0.05525641025641025, 0.11492307692307692, 0.19776923076923078, 0.315025641025641, 0.4586153846153846, 0.6305384615384615, 0.718974358974359, 0.6301794871794871, 0.14871794871794872, 0.160025641025641]"
Virtual_2D_response_surface,,57.39205167478149,6.960207560837825,25.033758524119467,,0.26704292084726866,30.709935897435898,0.5233333333333333,0.20006163773105815,0.6872787643082043,0.09764207592301,11.05898412646231,1.0798221677073951,"[0.0471025641025641, 0.09264102564102564, 0.14915384615384616, 0.22297435897435897, 0.3361794871794872, 0.4668974358974359, 0.5233333333333333, 0.4582820512820513, 0.1438205128205128, 0.153]"
Virtual_2D_response_surface,,15.0,23.49310385874882,28.377121672596715,,0.33294738015607583,38.28894871794872,0.7191538461538461,0.22799801981974901,0.365130651565857,0.24634044843005573,15.713648079610007,3.870907114403213,"[0.0558974358974359, 0.11966666666666667, 0.18876923076923077, 0.2988205128205128, 0.4469230769230769, 0.6299743589743589, 0.7191538461538461, 0.598051282051282, 0.14497435897435898, 0.1646153846153846]"
Virtual_2D_response_surface,,46.664669403903744,6.825732210898618,31.395149877195646,,0.31555953177257523,36.289346153846154,0.6161538461538462,0.19227966835390162,0.692840326436244,0.052800433464342676,12.559866197834653,0.6631663794998153,"[0.056205128205128206, 0.11905128205128206, 0.1844871794871795, 0.2772307692307692, 0.4042051282051282, 0.5519487179487179, 0.6161538461538462, 0.5335128205128206, 0.17158974358974358, 0.18015384615384616]"
Virtual_2D_response_surface,,15.0,23.729354709922685,28.094597380176243,,0.3313516164994426,38.1054358974359,0.7034615384615385,0.22604635767792253,0.365130651565857,0.2498006900566268,15.504470986220902,3.8730275513209302,"[0.05507692307692308, 0.11382051282051282, 0.19197435897435897, 0.2947692307692308, 0.4463076923076923, 0.6104615384615385, 0.7034615384615385, 0.5988205128205129, 0.14402564102564103, 0.1681025641025641]"
Virtual_2D_response_surface,,42.81819965545915,8.012093448346382,29.14912959680355,,0.3162571906354515,36.36957692307692,0.62,0.20230548115145677,0.6440339224926368,0.07898880331291688,13.243976565656393,1.0461258600255132,"[0.05692307692307692, 0.11933333333333333, 0.19005128205128205, 0.2824102564102564, 0.41094871794871796, 0.5531538461538461, 0.62, 0.5453589743589744, 0.16682051282051283, 0.16397435897435897]"
Virtual_2D_response_surface,,51.45309789410089,6.62710048011632,29.326816153599466,,0.2935416945373467,33.75729487179487,0.5708717948717948,0.19131684928143505,0.7010699895199191,0.062032298883394996,11.62501073124505,0.7211261402032672,"[0.05443589743589743, 0.1112051282051282, 0.17492307692307693, 0.2622564102564103, 0.3831794871794872, 0.5067692307692307, 0.5708717948717948, 0.5014358974358974, 0.15674358974358973, 0.16087179487179487]"
Virtual_2D_response_surface,,20.233048764143266,18.5343041721529,26.666276974609772,,0.33540668896321074,38.571769230769235,0.7306923076923076,0.24134631599954906,0.22787885801387248,0.4396941468911349,16.75647792977565,7.367725268232834,"[0.052333333333333336, 0.11005128205128205, 0.187, 0.2864102564102564, 0.4515897435897436, 0.6284871794871795, 0.7306923076923076, 0.6258974358974358, 0.1365897435897436, 0.1505128205128205]"
Virtual_2D_response_surface,,41.392369091160035,9.045869029287742,26.70726529862412,,0.3023768115942029,34.77333333333333,0.6172051282051282,0.21377628523290573,0.6019341173514733,0.11374858907069534,13.380685245298036,1.5220340674517225,"[0.05341025641025641, 0.10958974358974359, 0.17966666666666667, 0.2654102564102564, 0.40105128205128204, 0.5445897435897435, 0.6172051282051282, 0.5315128205128206, 0.14797435897435898, 0.15294871794871795]"
Virtual_2D_response_surface,,50.11166155908629,8.946452864057667,22.30541556945557,,0.2526030100334448,29.049346153846155,0.5253333333333333,0.21656604627816844,0.6059670578507942,0.16079068507232477,11.323983678307886,1.8207910933829492,"[0.04253846153846154, 0.08756410256410256, 0.14561538461538462, 0.22787179487179487, 0.329, 0.4568974358974359, 0.5253333333333333, 0.4531282051282051, 0.11858974358974358, 0.12094871794871795]"
Virtual_2D_response_surface,,27.610977122245966,12.142575603368831,29.826851204460873,,0.3536015607580825,40.66417948717949,0.7276666666666667,0.22193337353298637,0.4777352177477154,0.1456184786009973,16.244529363973093,2.365503651570988,"[0.05648717948717949, 0.12161538461538461, 0.20584615384615385, 0.31866666666666665, 0.4755128205128205, 0.6386666666666667, 0.7276666666666667, 0.6456666666666667, 0.15653846153846154, 0.16853846153846153]"
Virtual_2D_response_surface,,34.19065616411264,9.299911670425645,31.449499677110143,,0.3468444816053512,39.887115384615385,0.7011282051282052,0.20865752046802377,0.591642924426894,0.08078353310811058,14.980943870596459,1.2102135751610752,"[0.061384615384615385, 0.1226923076923077, 0.20766666666666667, 0.31135897435897436, 0.4622820512820513, 0.6254358974358974, 0.7011282051282052, 0.6167179487179487, 0.164, 0.17592307692307693]"
Virtual_2D_response_surface,,47.32583668855227,8.404984670113054,25.139971071057303,,0.28112965440356746,32.32991025641026,0.5672820512820513,0.2103528584060011,0.627990065784688,0.11827144500819585,12.241240262001702,1.447789174479447,"[0.04705128205128205, 0.09833333333333333, 0.16453846153846155, 0.23956410256410257, 0.3595128205128205, 0.5043846153846154, 0.5672820512820513, 0.49312820512820515, 0.14366666666666666, 0.14143589743589743]"
Virtual_2D_response_surface,,26.000750034468386,13.773798356760652,27.92289242148103,,0.3426520624303233,39.40498717948718,0.7225897435897436,0.23144982051960408,0.4132503992117353,0.21007325631084603,16.416498978485297,3.448667397634084,"[0.05382051282051282, 0.11633333333333333, 0.1896153846153846, 0.2999230769230769, 0.4572051282051282, 0.6307692307692307, 0.7225897435897436, 0.6288205128205128, 0.1498974358974359, 0.15917948717948718]"
Virtual_2D_response_surface,,34.44630304636516,11.085774905273869,26.187336323866692,,0.3122060200668896,35.9036923076923,0.6476153846153846,0.2240662765527506,0.5198340626734356,0.15870146045871808,14.480651969784448,2.298100615999205,"[0.05087179487179487, 0.10528205128205129, 0.17705128205128204, 0.28394871794871795, 0.4163846153846154, 0.5745128205128205, 0.6476153846153846, 0.5672820512820513, 0.13876923076923076, 0.15058974358974359]"
Virtual_2D_response_surface,,54.303655987924174,6.7819834307923195,27.152774081918434,,0.2788913043478261,32.072500000000005,0.5547692307692308,0.19716421209812635,0.6946513894659183,0.07804725316586339,11.382388546530885,0.8883641605233198,"[0.04994871794871795, 0.10258974358974358, 0.159, 0.24051282051282052, 0.3567435897435897, 0.4911794871794872, 0.5547692307692308, 0.4754871794871795, 0.14853846153846154, 0.15823076923076923]"
Virtual_2D_response_surface,,32.338972051979425,11.747193402572291,26.323259797649108,,0.32325540691192867,37.174371794871796,0.6678717948717948,0.2281858744336215,0.49345418341581215,0.17266728728504607,15.268799762160079,2.6364222350307376,"[0.05105128205128205, 0.10848717948717948, 0.17946153846153845, 0.2844358974358974, 0.43335897435897436, 0.5836923076923077, 0.6678717948717948, 0.5892051282051282, 0.147, 0.15117948717948718]"
Virtual_2D_response_surface,,40.14942834544008,8.466684458515019,29.41760141838415,,0.3187570791527314,36.65706410256411,0.6423589743589744,0.20580683919719006,0.6254755189494867,0.0830753164858123,13.579694094955498,1.1281373847189444,"[0.056358974358974356, 0.11674358974358974, 0.1934871794871795, 0.2815641025641026, 0.41835897435897434, 0.5722307692307692, 0.6423589743589744, 0.5586923076923077, 0.1595128205128205, 0.158]"
Virtual_2D_response_surface,,52.21655805453753,6.675745793303829,28.68745146298668,,0.28841114827201786,33.16728205128205,0.5655128205128205,0.1928052656714736,0.6990528751397938,0.0664260755016092,11.51068792949664,0.7646098254802055,"[0.055871794871794875, 0.10856410256410257, 0.17312820512820512, 0.24664102564102564, 0.3707948717948718, 0.5005128205128205, 0.5655128205128205, 0.490025641025641, 0.1555128205128205, 0.16302564102564102]"
Virtual_2D_response_surface,,26.565760422875726,11.97640078513544,31.43050993806073,,0.36699197324414706,42.20407692307691,0.7497692307692307,0.2184865664967778,0.4843372665431359,0.12765583459694566,16.597842946360146,2.118811493826632,"[0.06217948717948718, 0.1255128205128205, 0.21456410256410258, 0.33789743589743587, 0.49205128205128207, 0.6612307692307692, 0.7497692307692307, 0.6576153846153846, 0.17038461538461538, 0.18007692307692308]"
Virtual_2D_response_surface,,28.26803142769163,13.44528508903002,26.310822166951095,,0.32491549609810483,37.36528205128206,0.6872564102564103,0.23301910528159842,0.42619193001792205,0.2195313243607626,15.672284265931767,3.4405573206583426,"[0.04817948717948718, 0.10697435897435897, 0.18066666666666667, 0.2898717948717949, 0.4350769230769231, 0.5986666666666667, 0.6872564102564103, 0.5993076923076923, 0.14015384615384616, 0.14753846153846153]"
Virtual_2D_response_surface,,43.80773137358444,8.970609384516514,25.446455117610704,,0.2873781493868451,33.04848717948718,0.5931794871794872,0.21504308865002905,0.6049868236862863,0.12472446709843026,12.79232776491806,1.5955162634278583,"[0.05225641025641026, 0.10264102564102565, 0.16646153846153847, 0.25876923076923075, 0.37853846153846155, 0.5192820512820513, 0.5931794871794872, 0.5093076923076924, 0.13951282051282052, 0.13623076923076924]"
Virtual_2D_response_surface,,30.968537814831564,8.439685776828158,38.260709743578914,,0.3912473801560759,44.99344871794873,0.7633846153846154,0.19425203257921944,0.6265756746282364,0.0391009136361639,15.732123959178749,0.6151404202412731,"[0.07346153846153847, 0.1513846153846154, 0.2494102564102564, 0.3615897435897436, 0.5272564102564102, 0.6843333333333333, 0.7633846153846154, 0.6735641025641026, 0.19838461538461538, 0.21053846153846154]"
Virtual_2D_response_surface,,22.954847782331278,13.602908714121728,32.02534368567363,,0.38114002229654403,43.831102564102565,0.7766666666666666,0.2210104068571076,0.41997974485966694,0.16223977266656534,17.436833659238257,2.828947928899529,"[0.06241025641025641, 0.1306153846153846, 0.22074358974358974, 0.3473846153846154, 0.5057948717948718, 0.6833076923076923, 0.7766666666666666, 0.6981025641025641, 0.16851282051282052, 0.18425641025641026]"
Virtual_2D_response_surface,,29.434936223024547,12.429996556185321,27.331652634881898,,0.3323772575250836,38.22338461538462,0.6995897435897436,0.2296313851945624,0.46633106009355146,0.1784524908186485,15.799119760899533,2.819392274074652,"[0.053564102564102566, 0.1088974358974359, 0.18661538461538463, 0.2928717948717949, 0.44433333333333336, 0.6014102564102564, 0.6995897435897436, 0.6086923076923076, 0.14784615384615385, 0.1533846153846154]"
Virtual_2D_response_surface,,24.07060455136096,14.249923519158864,29.154155678028975,,0.35456544035674464,40.775025641025636,0.7496153846153846,0.23037841093915257,0.3945318442766987,0.2111241482024101,16.908634103728836,3.5698209724159726,"[0.05761538461538462, 0.12248717948717949, 0.20307692307692307, 0.3204102564102564, 0.48325641025641025, 0.6515384615384615, 0.7496153846153846, 0.6524102564102564, 0.14933333333333335, 0.16553846153846155]"
Virtual_2D_response_surface,,26.87486087409345,12.580848729614182,29.576299461645547,,0.356073132664437,40.948410256410256,0.7363333333333333,0.22512932845394826,0.46035305429982065,0.1586484571705373,16.593638584108334,2.6325551602142863,"[0.05638461538461539, 0.11964102564102565, 0.19823076923076924, 0.31951282051282054, 0.47533333333333333, 0.6403846153846153, 0.7363333333333333, 0.6481025641025641, 0.1615897435897436, 0.16853846153846153]"
Virtual_2D_response_surface,,48.7336488257005,7.693961912735316,26.669878578208948,,0.2925688963210702,33.64542307692307,0.5778205128205128,0.20475118652628346,0.657066641391814,0.09352345671054736,12.400092533121837,1.1596995172282016,"[0.04858974358974359, 0.10023076923076923, 0.1641794871794872, 0.24920512820512822, 0.3713076923076923, 0.5067692307692307, 0.5778205128205128, 0.5040769230769231, 0.15830769230769232, 0.1581025641025641]"
Virtual_2D_response_surface,,24.143382541291487,15.135374048532272,27.365836379515297,,0.34260412486064656,39.39947435897435,0.7295897435897436,0.23652114028746976,0.3598353295883515,0.2640763952228749,16.773855483800773,4.42957929015156,"[0.05223076923076923, 0.1147948717948718, 0.18664102564102564, 0.307948717948718, 0.4694102564102564, 0.6174615384615385, 0.7295897435897436, 0.6357948717948718, 0.14417948717948717, 0.15466666666666667]"
Virtual_2D_response_surface,,34.658176152478845,9.711110124084792,29.71155735041956,,0.3352440356744704,38.5530641025641,0.680025641025641,0.21237677735535732,0.5750277992431903,0.09924202724863257,14.737995920298733,1.4626285927125224,"[0.05466666666666667, 0.1186923076923077, 0.1965128205128205, 0.3037948717948718, 0.44461538461538463, 0.5972307692307692, 0.680025641025641, 0.6018205128205129, 0.15453846153846154, 0.17251282051282052]"
Virtual_2D_response_surface,,16.21457010411167,27.161520478118593,22.705992159157542,,0.27531092530657747,31.66075641025641,0.6181282051282051,0.24018330816621533,0.31773592883359564,0.37699222585953224,13.687893384588168,5.16022939438386,"[0.04669230769230769, 0.09130769230769231, 0.1565897435897436, 0.24482051282051281, 0.37215384615384617, 0.534923076923077, 0.6181282051282051, 0.5054871794871795, 0.10753846153846154, 0.13541025641025642]"
Virtual_2D_response_surface,,35.34756570576541,9.661368653172227,29.282074117506593,,0.33144414715719067,38.116076923076925,0.6731538461538461,0.21301196201109351,0.5770349637617784,0.10179982204599472,14.614524593190685,1.4877560028736252,"[0.056769230769230766, 0.1131025641025641, 0.19623076923076924, 0.3000769230769231, 0.4338205128205128, 0.5904102564102565, 0.6731538461538461, 0.591025641025641, 0.1564102564102564, 0.1717179487179487]"
Virtual_2D_response_surface,,21.13305404201705,18.89851011760063,25.038607302217425,,0.32117625418060197,36.93526923076923,0.7065128205128205,0.2466831686987186,0.21384349783239898,0.48480768988153894,16.400356651055585,7.95101902123159,"[0.05012820512820513, 0.10625641025641025, 0.17425641025641025, 0.27471794871794875, 0.4307692307692308, 0.6070769230769231, 0.7065128205128205, 0.5994102564102564, 0.1308974358974359, 0.14087179487179488]"
Virtual_2D_response_surface,,30.488819186055693,12.272184897570826,26.726217928536478,,0.3240239687848384,37.262756410256415,0.6754358974358974,0.22754564850478837,0.4725903162073563,0.18125027086258597,15.262160530405962,2.7662707300843494,"[0.05138461538461538, 0.10994871794871795, 0.18471794871794872, 0.29323076923076924, 0.4361794871794872, 0.5951025641025641, 0.6754358974358974, 0.5943076923076923, 0.1421025641025641, 0.14661538461538462]"
Virtual_2D_response_surface,,21.528612115098895,16.178511177167294,28.710807917382596,,0.35393232998885177,40.70221794871795,0.7525384615384615,0.23360391116330975,0.31913938833619454,0.28968312473700103,17.114755150515567,4.957855751110031,"[0.055615384615384615, 0.11512820512820512, 0.19438461538461538, 0.31364102564102564, 0.4835128205128205, 0.6587692307692308, 0.7525384615384615, 0.6596923076923077, 0.14484615384615385, 0.16156410256410256]"
Virtual_2D_response_surface,,30.806014203196316,10.304557591709521,31.501783167485005,,0.3565798216276477,41.00667948717948,0.7195128205128205,0.21208025982085466,0.551136541805212,0.09559605936749449,15.654073032056765,1.496467694915593,"[0.05958974358974359, 0.1285128205128205, 0.21387179487179486, 0.3272307692307692, 0.4704615384615385, 0.6406410256410257, 0.7195128205128205, 0.6385641025641026, 0.1675897435897436, 0.1738974358974359]"
Virtual_2D_response_surface,,33.68066999895804,9.638071578274529,30.805561592255422,,0.34320457079152733,39.46852564102564,0.6981282051282052,0.21096348603926096,0.5779752996012344,0.09003699403962967,14.987551964509308,1.3494341268971646,"[0.059743589743589745, 0.1181025641025641, 0.20225641025641025, 0.3122051282051282, 0.4605128205128205, 0.6128717948717949, 0.6981282051282052, 0.6126923076923076, 0.15933333333333333, 0.17707692307692308]"
Virtual_2D_response_surface,,51.23785411562328,6.37139598096072,30.63193769071679,,0.29873935340022295,34.35502564102564,0.5780512820512821,0.18775418218100706,0.7116910709352491,0.05245422907514902,11.610539537468934,0.6090219005844701,"[0.05861538461538462, 0.11802564102564103, 0.17743589743589744, 0.2652307692307692, 0.3901282051282051, 0.5278974358974359, 0.5780512820512821, 0.5032051282051282, 0.1625897435897436, 0.16623076923076924]"
Virtual_2D_response_surface,,35.9235015318674,10.069921838350536,27.643640652350918,,0.3201138238573021,36.81308974358974,0.6522820512820513,0.2168462772647669,0.5605705566897459,0.12302534699400941,14.369006637920176,1.7677520275893541,"[0.0551025641025641, 0.11112820512820513, 0.18607692307692308, 0.2868205128205128, 0.4177948717948718, 0.5764615384615385, 0.6522820512820513, 0.5687948717948718, 0.15261538461538462, 0.16492307692307692]"
Virtual_2D_response_surface,,28.346325501609947,13.656582784366746,25.832187748555256,,0.3235761426978819,37.21125641025642,0.6832051282051282,0.2351394332410573,0.41786551852559034,0.232330744779346,15.749700736491636,3.659139702160916,"[0.05069230769230769, 0.10623076923076923, 0.17692307692307693, 0.28317948717948715, 0.42853846153846153, 0.5944102564102565, 0.6832051282051282, 0.6001538461538461, 0.1385897435897436, 0.1483076923076923]"
Virtual_2D_response_surface,,26.07903052803524,13.381516421625337,28.655185609982567,,0.348910033444816,40.12465384615384,0.727025641025641,0.2281832685020865,0.42870659198850886,0.18992867391744436,16.48039439183436,3.130099452477587,"[0.05353846153846154, 0.11633333333333333, 0.20041025641025642, 0.31076923076923074, 0.4748717948717949, 0.6436153846153846, 0.727025641025641, 0.6404102564102564, 0.14953846153846154, 0.16653846153846155]"
Virtual_2D_response_surface,,48.087475820754975,6.4292953631385865,32.34481274890351,,0.319529988851728,36.74594871794872,0.6143589743589744,0.18848913928963623,0.7092834279516418,0.04495380014432827,12.467182043209078,0.560447209933379,"[0.06243589743589743, 0.12256410256410256, 0.18779487179487178, 0.2795128205128205, 0.4096923076923077, 0.551, 0.6143589743589744, 0.5283589743589744, 0.18220512820512821, 0.18930769230769232]"
Virtual_2D_response_surface,,37.27294192610968,8.694420465140587,30.857851758571034,,0.34084292084726864,39.19693589743589,0.6752564102564103,0.20609831429001943,0.6162056021148499,0.07644846113183391,14.541160344831878,1.1116493314336444,"[0.057923076923076924, 0.12215384615384615, 0.19912820512820512, 0.2978974358974359, 0.453025641025641, 0.5946923076923077, 0.6752564102564103, 0.5914871794871794, 0.1757179487179487, 0.18076923076923077]"
Virtual_2D_response_surface,,60.63222687921477,4.874080216763589,33.837931615738434,,0.2922984392419175,33.61432051282051,0.5427948717948718,0.17126801310406345,0.77456963601241,0.02889639723338616,10.362704194933078,0.29944481682886337,"[0.061717948717948716, 0.11625641025641026, 0.16987179487179488, 0.250974358974359, 0.3665897435897436, 0.490974358974359, 0.5427948717948718, 0.4762051282051282, 0.17474358974358975, 0.18184615384615385]"
Virtual_2D_response_surface,,41.238136991593514,7.061459862865914,34.34048844183366,,0.3449671125975474,39.67121794871795,0.6623846153846153,0.1902529458330027,0.6830964191001103,0.04192290949974274,13.585618943148027,0.5695486734515853,"[0.0673076923076923, 0.13230769230769232, 0.21076923076923076, 0.30441025641025643, 0.4482564102564103, 0.5953076923076923, 0.6623846153846153, 0.5829230769230769, 0.18871794871794872, 0.1932051282051282]"
Virtual_2D_response_surface,,26.665482344876455,14.787134925429713,25.361008549394274,,0.32355072463768114,37.20833333333333,0.6936410256410256,0.24101552548724328,0.3734638480566013,0.27784125500249657,16.142014819508116,4.484917655721033,"[0.049025641025641026, 0.10558974358974359, 0.17464102564102565, 0.28364102564102567, 0.43253846153846154, 0.5986410256410256, 0.6936410256410256, 0.5992307692307692, 0.1368974358974359, 0.14874358974358975]"
Virtual_2D_response_surface,,32.092210643557365,10.689214423103518,29.151075139274205,,0.3382289855072464,38.89633333333334,0.694923076923077,0.2183840849115906,0.5357034923307906,0.12104323566855762,15.289812290549158,1.8507283524129505,"[0.056769230769230766, 0.11594871794871794, 0.19687179487179488, 0.30464102564102563, 0.4479230769230769, 0.6086153846153847, 0.694923076923077, 0.6025384615384616, 0.16030769230769232, 0.16838461538461538]"
Virtual_2D_response_surface,,40.65983811833071,9.193699247016413,26.751248901532033,,0.3039643255295429,34.955897435897434,0.6194358974358974,0.21406230570371296,0.5959430728724538,0.11582516068208724,13.468932005527282,1.5600412137563051,"[0.05105128205128205, 0.10646153846153845, 0.17484615384615385, 0.26597435897435895, 0.3942564102564103, 0.5416410256410257, 0.6194358974358974, 0.5349487179487179, 0.1517948717948718, 0.1539230769230769]"
Virtual_2D_response_surface,,21.530677394905897,18.547334233683877,25.041526995203668,,0.32017123745819404,36.819692307692314,0.7052820512820512,0.24633933134890948,0.22737639719862957,0.4630544417402287,16.32624909038912,7.55994215826205,"[0.049102564102564104, 0.10741025641025641, 0.17525641025641026, 0.28302564102564104, 0.43464102564102564, 0.6085641025641025, 0.7052820512820512, 0.6006666666666667, 0.12564102564102564, 0.1392820512820513]"
Virtual_2D_response_surface,,28.847983001401516,12.079375507744773,28.697235668926403,,0.3450564102564103,39.681487179487185,0.712974358974359,0.22480021372587153,0.4802453741853774,0.15512340728905266,16.05673223803647,2.4907750146921934,"[0.053974358974358976, 0.11666666666666667, 0.19689743589743589, 0.31464102564102564, 0.45305128205128203, 0.6298461538461538, 0.712974358974359, 0.632, 0.15464102564102564, 0.15684615384615386]"
Virtual_2D_response_surface,,37.33905937171731,10.37981038079992,25.801633793620702,,0.30745039018952064,35.356794871794875,0.6280769230769231,0.2215899143550995,0.5481141026367243,0.1477426033122734,14.102476465521326,2.0835365861661885,"[0.04717948717948718, 0.10197435897435897, 0.17553846153846153, 0.27166666666666667, 0.39905128205128204, 0.5507435897435897, 0.6280769230769231, 0.5490769230769231, 0.14735897435897435, 0.1564871794871795]"
Virtual_2D_response_surface,,24.73595662775627,15.000829374024732,26.949829257416667,,0.340514381270903,39.15915384615384,0.7212564102564103,0.23718630946428904,0.36509819952529315,0.26435723007159445,16.718427328524392,4.419637139721955,"[0.053641025641025644, 0.11035897435897436, 0.18671794871794872, 0.3006153846153846, 0.4564102564102564, 0.6247948717948718, 0.7212564102564103, 0.629, 0.1463076923076923, 0.1566923076923077]"
Virtual_2D_response_surface,,24.461274571548703,12.702145189823792,32.18428348560702,,0.37833311036789297,43.50830769230769,0.7697948717948718,0.21888995717400678,0.45554994024524437,0.13772400512224015,17.142356893468932,2.3609140486033837,"[0.06133333333333333, 0.1311794871794872, 0.22187179487179487, 0.3584102564102564, 0.5027948717948718, 0.6814615384615385, 0.7697948717948718, 0.6871794871794872, 0.16933333333333334, 0.18246153846153845]"
Virtual_2D_response_surface,,25.041820474756758,15.24771433609244,26.18962954458594,,0.3312176142697882,38.09002564102564,0.7079487179487179,0.23893520126117948,0.3554434942813703,0.2840132787534653,16.381886296647508,4.6526732392773225,"[0.0497948717948718, 0.11123076923076923, 0.1813846153846154, 0.2928717948717949, 0.4433846153846154, 0.6164615384615385, 0.7079487179487179, 0.6145897435897436, 0.13938461538461538, 0.14823076923076922]"
Virtual_2D_response_surface,,37.915949453300435,8.297869749451673,31.784212153478364,,0.33448606465997766,38.46589743589743,0.6704871794871795,0.20122810467323538,0.6323586583256495,0.06602332435113259,13.93275534404527,0.9198868251848769,"[0.05928205128205128, 0.1227948717948718, 0.20258974358974358, 0.30512820512820515, 0.43776923076923074, 0.5987692307692307, 0.6704871794871795, 0.585, 0.16743589743589743, 0.16751282051282051]"
Virtual_2D_response_surface,,48.77755847741541,6.059930806541754,33.8308006778978,,0.32459264214046823,37.328153846153846,0.6156923076923076,0.18377102486402117,0.7246708867859895,0.03633302392939013,12.347699559461182,0.44862926356682314,"[0.0642051282051282, 0.12371794871794872, 0.19028205128205128, 0.2803846153846154, 0.41597435897435897, 0.5434615384615384, 0.6156923076923076, 0.5326153846153846, 0.1906923076923077, 0.19597435897435897]"
Virtual_2D_response_surface,,22.41660823272909,16.09272178510583,27.720470351967226,,0.3457235228539577,39.758205128205134,0.738051282051282,0.23628833738700794,0.3224792896248085,0.298570198345487,16.90992033702337,5.048798269031451,"[0.05264102564102564, 0.11338461538461539, 0.1885128205128205, 0.30194871794871797, 0.47610256410256413, 0.6447435897435897, 0.738051282051282, 0.6405128205128205, 0.14358974358974358, 0.15915384615384615]"
Virtual_2D_response_surface,,16.808151532870387,20.408943735928318,29.151406724216887,,0.3479659977703456,40.016089743589745,0.7517948717948718,0.23087670184517564,0.29466352510097427,0.3130156180439983,16.62980907733301,5.205389966295086,"[0.05376923076923077, 0.11884615384615385, 0.19266666666666668, 0.3072051282051282, 0.4696923076923077, 0.6558461538461539, 0.7517948717948718, 0.6414358974358975, 0.1432820512820513, 0.1653076923076923]"
Virtual_2D_response_surface,,44.930503169027425,8.097963675685886,27.484186914491247,,0.2976792642140468,34.23311538461538,0.5984871794871794,0.20543335199882215,0.6405226127604982,0.0925127761263372,12.658722557083175,1.1710935659688506,"[0.0512051282051282, 0.11033333333333334, 0.17043589743589743, 0.26484615384615384, 0.388025641025641, 0.536974358974359, 0.5984871794871794, 0.5175897435897436, 0.15212820512820513, 0.15117948717948718]"
Virtual_2D_response_surface,,25.56611240192426,13.71568435009822,28.517918546061317,,0.34811248606466005,40.032935897435905,0.737948717948718,0.2314409528755033,0.41553817335249554,0.20141852890445064,16.677469494911712,3.3591513715139683,"[0.055846153846153844, 0.11487179487179487, 0.19684615384615384, 0.31684615384615383, 0.474, 0.643948717948718, 0.737948717948718, 0.6363589743589744, 0.14864102564102563, 0.1662051282051282]"
Virtual_2D_response_surface,,43.051615850355596,9.270514621392454,25.05570922624349,,0.28365663322185064,32.62051282051282,0.5881282051282052,0.21606623281450923,0.5928327481121113,0.1341890717502402,12.686744371690093,1.702422450769678,"[0.04964102564102564, 0.10164102564102565, 0.16238461538461538, 0.255, 0.37156410256410255, 0.5171794871794871, 0.5881282051282052, 0.5071025641025642, 0.13425641025641025, 0.134]"
Virtual_2D_response_surface,,35.47125240011101,9.8477771884958,28.627621301241398,,0.3246107023411371,37.330230769230766,0.6697948717948718,0.21558571806861476,0.5695167881634601,0.11029680226942364,14.486156290893081,1.5977767160606016,"[0.05612820512820513, 0.11835897435897436, 0.1941794871794872, 0.2877179487179487, 0.4338205128205128, 0.5831282051282052, 0.6697948717948718, 0.5751282051282052, 0.15446153846153846, 0.16130769230769232]"
Virtual_2D_response_surface,,41.614767172465356,9.324891914983573,25.769662115037363,,0.2972201783723523,34.180320512820515,0.6045641025641025,0.21598707705397274,0.5906320795197709,0.12770034463897623,13.288513536597689,1.6969477583632258,"[0.0498974358974359, 0.10543589743589743, 0.1692051282051282, 0.2614871794871795, 0.38066666666666665, 0.5285128205128206, 0.6045641025641025, 0.526948717948718, 0.1462820512820513, 0.15066666666666667]"
Virtual_2D_response_surface,,33.485503745927524,10.884295896287604,27.43739170598015,,0.32274403567447046,37.1155641025641,0.6776666666666666,0.22386504990819583,0.527891662750911,0.1410710202458429,14.95597969834444,2.1098553148215635,"[0.05548717948717949, 0.11146153846153846, 0.1855128205128205, 0.29705128205128206, 0.4296923076923077, 0.583025641025641, 0.6776666666666666, 0.5790512820512821, 0.14646153846153845, 0.16053846153846155]"
Virtual_2D_response_surface,,25.275868754469325,14.604436042131603,27.09000700034504,,0.33927580824972126,39.01671794871795,0.7205384615384616,0.23611403501021047,0.38062274368936627,0.24802110174207015,16.582310473908773,4.1127629131679235,"[0.0538974358974359, 0.10961538461538461, 0.18915384615384614, 0.30164102564102563, 0.4505128205128205, 0.6233333333333333, 0.7205384615384616, 0.6296153846153846, 0.14294871794871794, 0.15692307692307692]"
Virtual_2D_response_surface,,26.10776579805089,13.737278124166009,27.882364529574577,,0.34505039018952066,39.68079487179487,0.7154102564102565,0.23003022041891272,0.4146880124315415,0.2094114296935908,16.430007583361945,3.440631377908364,"[0.05525641025641025, 0.11266666666666666, 0.19312820512820514, 0.30538461538461537, 0.46097435897435896, 0.6258974358974358, 0.7154102564102565, 0.6341282051282051, 0.1518974358974359, 0.16294871794871796]"
Virtual_2D_response_surface,,30.62342262101403,12.048077082607975,27.10369706637907,,0.32773924191750275,37.69001282051282,0.6872820512820513,0.22809304863181923,0.4814888146463775,0.1712534663591704,15.474293868965619,2.6500264645208205,"[0.051512820512820516, 0.1078974358974359, 0.1855128205128205, 0.2917948717948718, 0.43223076923076925, 0.592948717948718, 0.6872820512820513, 0.6002307692307692, 0.14653846153846153, 0.1511025641025641]"
Virtual_2D_response_surface,,40.23743190758366,8.723506064102786,28.489096608453803,,0.3145904124860647,36.177897435897435,0.6307692307692307,0.20770296137303343,0.6150229520199321,0.0935543086255131,13.525661580634388,1.265383917878915,"[0.054564102564102566, 0.1145897435897436, 0.18594871794871795, 0.28323076923076923, 0.40874358974358976, 0.5672307692307692, 0.6307692307692307, 0.5528461538461539, 0.15535897435897436, 0.16130769230769232]"
Virtual_2D_response_surface,,43.55192132355015,7.54285457396825,30.440862009852832,,0.3154846153846154,36.28073076923077,0.6177948717948718,0.1963328569942455,0.6632705972620067,0.06521142603663944,12.821579146371795,0.836113460176543,"[0.060743589743589746, 0.12043589743589743, 0.19325641025641024, 0.2855641025641026, 0.4165641025641026, 0.5522820512820513, 0.6177948717948718, 0.5432564102564102, 0.16384615384615384, 0.16607692307692307]"
Virtual_2D_response_surface,,41.977986741124276,8.04968894676248,29.593701921714015,,0.3182904124860647,36.60339743589744,0.6285641025641026,0.20211971448591037,0.6424962755404933,0.07645815657881522,13.31688283012421,1.0181843125673729,"[0.05917948717948718, 0.11282051282051282, 0.18676923076923077, 0.28587179487179487, 0.4219230769230769, 0.5707435897435897, 0.6285641025641026, 0.5463846153846154, 0.1667948717948718, 0.16676923076923078]"
Virtual_2D_response_surface,,37.360015462230606,10.048254239259162,26.6380443545908,,0.31318673355629884,36.016474358974364,0.6411282051282051,0.2198421576070503,0.5614425319384008,0.1323530487827581,14.252290978456672,1.8863341631377393,"[0.051564102564102564, 0.10741025641025641, 0.17802564102564103, 0.2767179487179487, 0.4125897435897436, 0.5630512820512821, 0.6411282051282051, 0.555, 0.15094871794871795, 0.16102564102564101]"
Virtual_2D_response_surface,,49.42300928512258,8.08927595951251,25.012733929259507,,0.28008528428093643,32.20980769230769,0.5558717948717948,0.2082193216899465,0.6408777381233715,0.11445691713809075,12.072067757020672,1.3817316589507322,"[0.04792307692307692, 0.09728205128205128, 0.15882051282051282, 0.23612820512820512, 0.3537948717948718, 0.4932051282051282, 0.5558717948717948, 0.487025641025641, 0.14810256410256412, 0.14784615384615385]"
Virtual_2D_response_surface,,34.91448565008341,9.440252926864812,30.33966081453451,,0.33758461538461537,38.82223076923077,0.6795384615384615,0.20930658059525623,0.585966415205174,0.09036424927256302,14.626347072097746,1.321698872770063,"[0.058102564102564105, 0.12161538461538461, 0.20317948717948717, 0.30433333333333334, 0.4388974358974359, 0.6086153846153847, 0.6795384615384615, 0.6014102564102564, 0.15874358974358974, 0.17615384615384616]"
Virtual_2D_response_surface,,27.082488421837265,13.05959163345775,28.27364735031763,,0.34359141583054625,39.51301282051282,0.7151538461538461,0.22768455632098147,0.4414142998086082,0.18496803800616418,16.193705027298684,2.995317846949995,"[0.054, 0.11464102564102564, 0.19038461538461537, 0.30956410256410255, 0.4583846153846154, 0.6225384615384615, 0.7151538461538461, 0.6307948717948718, 0.15053846153846154, 0.1631025641025641]"
Virtual_2D_response_surface,,24.09654311263018,14.660791467206431,28.30660862946909,,0.3507419175027871,40.335320512820516,0.7416666666666667,0.23354044663034565,0.37841384596270533,0.23494552518204745,16.955871781576043,3.983706200641842,"[0.055948717948717946, 0.11697435897435897, 0.19246153846153846, 0.3139230769230769, 0.47446153846153843, 0.6403589743589744, 0.7416666666666667, 0.6476666666666666, 0.14964102564102563, 0.16164102564102564]"
Virtual_2D_response_surface,,43.46324381674262,7.836030629269866,29.361736642213664,,0.3084140468227425,35.467615384615385,0.6123589743589744,0.1997584744771814,0.6512418532546231,0.07535227305486654,12.752922136633522,0.9609616710870612,"[0.05712820512820513, 0.117, 0.18707692307692309, 0.28005128205128205, 0.40576923076923077, 0.5498974358974359, 0.6123589743589744, 0.5386410256410257, 0.15484615384615386, 0.15556410256410255]"
Virtual_2D_response_surface,,35.20548167662767,9.509318901101128,29.87034903474513,,0.335631884057971,38.59766666666667,0.6766410256410257,0.21090199776343843,0.5831750655178052,0.0948510758041504,14.652585016213097,1.3898134520995868,"[0.05428205128205128, 0.11653846153846154, 0.19897435897435897, 0.3071282051282051, 0.44556410256410256, 0.5952307692307692, 0.6766410256410257, 0.5942820512820512, 0.16066666666666668, 0.1754102564102564]"
Virtual_2D_response_surface,,47.40466755025895,6.56888309926819,32.11347932509381,,0.3207965440356745,36.89160256410256,0.6200769230769231,0.19037409887809903,0.7034854473704772,0.04713419036873377,12.641770069757989,0.5958595970657339,"[0.0591025641025641, 0.1192051282051282, 0.18743589743589745, 0.2796923076923077, 0.40684615384615386, 0.549923076923077, 0.6200769230769231, 0.5404358974358975, 0.1788205128205128, 0.18405128205128204]"
Virtual_2D_response_surface,,40.25313248608488,9.649378902624612,25.74547785849471,,0.2993850613154961,34.42928205128205,0.6227435897435898,0.2206080284021819,0.5775188837347782,0.13392342938988117,13.671676858744734,1.8309578504333728,"[0.04882051282051282, 0.10266666666666667, 0.16866666666666666, 0.2691282051282051, 0.3864871794871795, 0.543, 0.6227435897435898, 0.5351025641025641, 0.14102564102564102, 0.1498974358974359]"
Virtual_2D_response_surface,,34.58312283880337,10.432983965194952,27.715789409710148,,0.323594983277592,37.21342307692308,0.6670769230769231,0.21984431467995,0.5459793889150628,0.1292313849497363,14.726087087834145,1.9030726292512354,"[0.05451282051282051, 0.11215384615384616, 0.18861538461538463, 0.29323076923076924, 0.4286153846153846, 0.5902820512820512, 0.6670769230769231, 0.5836410256410256, 0.1463846153846154, 0.1604871794871795]"
Virtual_2D_response_surface,,37.57279103548757,7.787438980545094,34.17683849632411,,0.34816343366778146,40.03879487179487,0.6847179487179487,0.19475126068809037,0.6532332311218938,0.048859831432879426,14.035690399885016,0.6857814669824659,"[0.06497435897435898, 0.13207692307692306, 0.21487179487179486, 0.3221025641025641, 0.4663846153846154, 0.6170256410256411, 0.6847179487179487, 0.599, 0.18051282051282053, 0.17597435897435898]"
Virtual_2D_response_surface,,19.862623939903578,20.138232553123668,25.00011624947682,,0.3199344481605351,36.79246153846154,0.7013846153846154,0.24562331938278073,0.17677760572479576,0.550135798326701,16.266755756412387,8.948924664239387,"[0.047538461538461536, 0.1042051282051282, 0.1732820512820513, 0.2757948717948718, 0.4298461538461538, 0.5985641025641025, 0.7013846153846154, 0.5944871794871794, 0.13156410256410256, 0.146]"
Virtual_2D_response_surface,,40.166074555066935,7.841217857712486,31.7509767262639,,0.3338633221850613,38.394282051282055,0.6583846153846153,0.19902449549314458,0.6510293238320575,0.06111095507534625,13.754524707140233,0.8405521414607868,"[0.06064102564102564, 0.12512820512820513, 0.20046153846153847, 0.29994871794871797, 0.4347948717948718, 0.5928205128205128, 0.6583846153846153, 0.5757435897435897, 0.1734102564102564, 0.17556410256410257]"
Virtual_2D_response_surface,,33.024600753026924,11.33148629330692,26.72240527326567,,0.3225128205128205,37.088974358974355,0.6646666666666666,0.22498159321858324,0.5100215146441124,0.1583599354112051,15.01980577582542,2.378535472548559,"[0.052794871794871794, 0.1034102564102564, 0.18053846153846154, 0.2946923076923077, 0.4276923076923077, 0.5897435897435898, 0.6646666666666666, 0.5788461538461539, 0.15071794871794872, 0.15653846153846154]"
Virtual_2D_response_surface,,39.22429517665015,9.841216704578008,25.90574321786101,,0.3006858416945373,34.578871794871795,0.6199743589743589,0.21897622298121736,0.5697812100359925,0.13589158535099174,13.629511333066992,1.8521359026097823,"[0.049692307692307695, 0.10476923076923077, 0.17315384615384616, 0.26469230769230767, 0.38956410256410257, 0.5481538461538461, 0.6199743589743589, 0.5383846153846154, 0.14015384615384616, 0.1535897435897436]"
Virtual_2D_response_surface,,44.579990174568564,8.249255239945759,27.19225913280922,,0.29801995540691195,34.27229487179488,0.5993846153846154,0.20709109888079102,0.6343427020129637,0.09706233898319418,12.7754769710997,1.24001767644087,"[0.05305128205128205, 0.10897435897435898, 0.1762051282051282, 0.26494871794871794, 0.3882051282051282, 0.5313846153846153, 0.5993846153846154, 0.5191794871794871, 0.14976923076923077, 0.1572051282051282]"
Virtual_2D_response_surface,,39.42756730880063,8.496274747293663,29.851865092234757,,0.3216858416945374,36.9938717948718,0.6464871794871795,0.20469449541652418,0.6242700498858211,0.08047008093415327,13.630395456998762,1.0968390255892055,"[0.0577948717948718, 0.1168974358974359, 0.19202564102564101, 0.2866153846153846, 0.4228205128205128, 0.582, 0.6464871794871795, 0.566025641025641, 0.1586153846153846, 0.16071794871794873]"
Virtual_2D_response_surface,,37.10893680332054,10.192575977214492,26.438543785441205,,0.31107502787068003,35.773628205128205,0.6453846153846153,0.22202517480965148,0.5556370635650965,0.13719081998286614,14.296762900474324,1.9613846254166922,"[0.05043589743589744, 0.1078974358974359, 0.17923076923076922, 0.27453846153846156, 0.40297435897435896, 0.5586153846153846, 0.6453846153846153, 0.5528974358974359, 0.14761538461538462, 0.16182051282051282]"
Virtual_2D_response_surface,,30.461545193090735,11.64437359755778,28.19239291721252,,0.3357076923076924,38.60638461538462,0.7010512820512821,0.2249410394431165,0.49754799019320656,0.15006143258418567,15.631488512145642,2.345683559555816,"[0.05261538461538461, 0.11276923076923077, 0.1908974358974359, 0.2996410256410256, 0.45076923076923076, 0.6066153846153847, 0.7010512820512821, 0.609897435897436, 0.15161538461538462, 0.15797435897435896]"
Virtual_2D_response_surface,,46.08620313715757,5.907882589046374,36.727994481732026,,0.34126120401337795,39.24503846153846,0.6415897435897436,0.17948767766949458,0.7310250259981736,0.026503559934447044,12.67920146432076,0.336043975930554,"[0.06805128205128205, 0.13494871794871796, 0.20884615384615385, 0.3017948717948718, 0.44546153846153846, 0.587076923076923, 0.6415897435897436, 0.5612564102564103, 0.19515384615384615, 0.20456410256410257]"
Virtual_2D_response_surface,,31.621493163569497,9.854858654129465,32.08981600019021,,0.3564445930880713,40.9911282051282,0.7216923076923077,0.20988228272063425,0.5692313821122977,0.0845881084383123,15.485960806175665,1.3099281319442413,"[0.0601025641025641, 0.12635897435897436, 0.2143076923076923, 0.3243846153846154, 0.47392307692307695, 0.6375384615384615, 0.7216923076923077, 0.631, 0.16941025641025642, 0.1849230769230769]"
Virtual_2D_response_surface,,29.525564048866496,11.54938277817839,29.325337679434607,,0.34530802675585287,39.71042307692308,0.714025641025641,0.2216275125024956,0.5013323501922179,0.13697754907283025,15.841660116528287,2.169951776006851,"[0.059897435897435895, 0.11846153846153847, 0.1981794871794872, 0.3071025641025641, 0.4634615384615385, 0.6359743589743589, 0.714025641025641, 0.6238974358974358, 0.1564871794871795, 0.16548717948717948]"
Virtual_2D_response_surface,,25.365438994947414,16.60612387980394,23.740471696106408,,0.31020824972129313,35.67394871794871,0.6811794871794872,0.24980699852194344,0.30250990245475007,0.37866701957501825,16.040883698381702,6.074153621415695,"[0.04492307692307692, 0.09853846153846153, 0.1656153846153846, 0.2653333333333333, 0.4167692307692308, 0.5766923076923077, 0.6811794871794872, 0.5852820512820512, 0.12305128205128205, 0.13825641025641025]"
Virtual_2D_response_surface,,32.132140023149745,9.830854229679598,31.656951631245803,,0.3536625418060201,40.67119230769231,0.7151025641025641,0.2105042373004278,0.5701988977082133,0.08709241926421155,15.410624970293632,1.3421486110363405,"[0.06148717948717949, 0.12964102564102564, 0.21133333333333335, 0.31843589743589745, 0.46792307692307694, 0.6297435897435898, 0.7151025641025641, 0.6234102564102564, 0.17233333333333334, 0.17910256410256412]"
Virtual_2D_response_surface,,56.72040337507275,6.961497718467633,25.325498586316346,,0.26866867335562983,30.896897435897433,0.5297948717948718,0.20014951633479844,0.6872254449700308,0.09504771206409976,11.131198340473341,1.0579949347936952,"[0.0468974358974359, 0.09671794871794871, 0.15256410256410258, 0.2248974358974359, 0.33812820512820513, 0.47212820512820514, 0.5297948717948718, 0.4612051282051282, 0.1427948717948718, 0.15482051282051282]"
Virtual_2D_response_surface,,31.83008663423353,10.933677496352047,28.73398890197362,,0.3341335562987737,38.42535897435898,0.6904358974358974,0.2195903105491692,0.5259158107311197,0.12959169626127953,15.18810571825703,1.9682523830245677,"[0.05433333333333333, 0.11551282051282051, 0.19205128205128205, 0.30346153846153845, 0.4443846153846154, 0.613897435897436, 0.6904358974358974, 0.5987948717948718, 0.153, 0.1671794871794872]"
Virtual_2D_response_surface,,35.243933813535534,9.62838113433582,29.468793110402615,,0.3312920847268674,38.09858974358975,0.6758974358974359,0.21268140127761428,0.5783664811683585,0.09979657012825434,14.5851506160617,1.4555480062869535,"[0.05533333333333333, 0.11694871794871795, 0.194, 0.2985897435897436, 0.4390512820512821, 0.592974358974359, 0.6758974358974359, 0.5886923076923077, 0.15615384615384614, 0.1722051282051282]"
Virtual_2D_response_surface,,23.14913591494083,17.848984750218126,24.202024525921942,,0.31349386845039023,36.051794871794876,0.6990512820512821,0.25106447509302476,0.2543404241629026,0.4350297415597201,16.29238492016745,7.087672001211926,"[0.048769230769230766, 0.10684615384615384, 0.16638461538461538, 0.26884615384615385, 0.41784615384615387, 0.592974358974359, 0.6990512820512821, 0.5886923076923077, 0.12517948717948718, 0.13382051282051283]"
Virtual_2D_response_surface,,32.045023665384115,9.8370357681377,31.723065858968987,,0.3549109253065775,40.81475641025641,0.7158205128205128,0.21035113979046496,0.5699497302443782,0.0867422585789793,15.453774956101718,1.3404953432635296,"[0.061, 0.12756410256410255, 0.2092051282051282, 0.32169230769230767, 0.47692307692307695, 0.6329743589743589, 0.7158205128205128, 0.6261538461538462, 0.17092307692307693, 0.18284615384615385]"
Virtual_2D_response_surface,,34.62393153954181,10.255206791009497,28.16301830835101,,0.32593812709030096,37.48288461538461,0.6646666666666666,0.216875353867108,0.5531195105868232,0.12168024597449345,14.63240495685873,1.7804746343489675,"[0.05523076923076923, 0.11658974358974358, 0.192, 0.2947948717948718, 0.4431794871794872, 0.5865384615384616, 0.6646666666666666, 0.5795128205128205, 0.15225641025641026, 0.1651025641025641]"
Virtual_2D_response_surface,,26.67293967118278,12.51269578989986,29.962512708334426,,0.3586449275362319,41.244166666666665,0.7378717948717949,0.22340348596393808,0.46305320827053464,0.1531947852503946,16.58536309621978,2.5407911378252086,"[0.059153846153846154, 0.1222051282051282, 0.2027179487179487, 0.3293846153846154, 0.4815128205128205, 0.6477179487179487, 0.7378717948717949, 0.6536666666666666, 0.16094871794871796, 0.16746153846153847]"
Virtual_2D_response_surface,,39.066025576627105,8.561266483987772,29.899419361018694,,0.3250551839464883,37.38134615384615,0.6487692307692308,0.2049540021485913,0.6216234342378066,0.08100990042500217,13.790621699878715,1.1171768907060489,"[0.05764102564102564, 0.11787179487179487, 0.19164102564102564, 0.29117948717948716, 0.43251282051282053, 0.5761282051282052, 0.6487692307692308, 0.5668461538461539, 0.16438461538461538, 0.16594871794871796]"
Virtual_2D_response_surface,,27.63658577334537,10.091766309381592,35.85489256891715,,0.38682764771460415,44.48517948717948,0.773948717948718,0.20425530807448147,0.5596915989122158,0.06630370338430835,16.355401273624405,1.0844236747777316,"[0.06541025641025641, 0.14207692307692307, 0.23817948717948717, 0.35946153846153844, 0.5164358974358975, 0.6883076923076923, 0.773948717948718, 0.6886923076923077, 0.1823846153846154, 0.1935128205128205]"
Virtual_2D_response_surface,,52.63909198838426,6.5132452222027295,29.16716249918029,,0.2898797101449276,33.33616666666667,0.5653589743589743,0.1908212333526816,0.7057953511322598,0.061815457899580616,11.450247189450996,0.7078022730792993,"[0.05571794871794872, 0.10874358974358975, 0.1732051282051282, 0.25166666666666665, 0.3788974358974359, 0.5091794871794871, 0.5653589743589743, 0.492974358974359, 0.15371794871794872, 0.16592307692307692]"
Virtual_2D_response_surface,,35.611085537477585,10.890828723223166,25.784211766309998,,0.3077364548494984,35.389692307692314,0.6384102564102564,0.2242560016285537,0.5276302354701924,0.15888482221336148,14.285431612418153,2.269738261980192,"[0.04933333333333333, 0.10197435897435897, 0.17643589743589744, 0.27725641025641024, 0.40297435897435896, 0.5506923076923077, 0.6384102564102564, 0.554923076923077, 0.13982051282051283, 0.1591025641025641]"
Virtual_2D_response_surface,,37.55897074973166,9.365833690650206,28.42757904080821,,0.3174500557413601,36.50675641025641,0.6461282051282051,0.2113805883984889,0.588975758318125,0.10393662018180673,13.89027537093655,1.4437082754497368,"[0.0568974358974359, 0.10961538461538461, 0.18925641025641027, 0.2864102564102564, 0.41684615384615387, 0.5787692307692308, 0.6461282051282051, 0.5648717948717948, 0.14912820512820513, 0.16241025641025642]"
Virtual_2D_response_surface,,15.0,26.053080293024028,25.588784864151872,,0.303759977703456,34.932397435897435,0.6604358974358975,0.23100758482132325,0.365130651565857,0.2826984614622077,14.525367774633454,4.106299122061609,"[0.051923076923076926, 0.10694871794871795, 0.17233333333333334, 0.26705128205128204, 0.4064871794871795, 0.5642051282051282, 0.6604358974358975, 0.5541282051282052, 0.12623076923076923, 0.15384615384615385]"
Virtual_2D_response_surface,,33.08930602753916,11.344120524200722,26.640447093273004,,0.3242464882943144,37.288346153846156,0.6677435897435897,0.22621322387671575,0.5095173728914514,0.15954702923732533,15.183210593686452,2.42243614450736,"[0.053307692307692306, 0.10628205128205129, 0.1815128205128205, 0.2907948717948718, 0.4197692307692308, 0.5785897435897436, 0.6677435897435897, 0.5875897435897436, 0.15176923076923077, 0.15471794871794872]"
Virtual_2D_response_surface,,21.403331487885453,12.579875873926072,37.14003137774707,,0.41846833890746926,48.12385897435897,0.8241025641025641,0.20800426245582676,0.4603915906704041,0.09905451309939112,18.017942026481563,1.7847584744861877,"[0.07256410256410256, 0.1504102564102564, 0.2517948717948718, 0.39882051282051284, 0.5594871794871795, 0.7392051282051282, 0.8241025641025641, 0.7514102564102564, 0.1925897435897436, 0.2149230769230769]"
Virtual_2D_response_surface,,23.045868399369617,12.190601788869106,35.59440825564338,,0.4036109253065775,46.41525641025641,0.8054615384615385,0.21075334143444946,0.4758283475569966,0.10125004654768305,17.60790668759692,1.7828013717264477,"[0.0668974358974359, 0.14102564102564102, 0.23833333333333334, 0.37674358974358974, 0.543974358974359, 0.7184871794871794, 0.8054615384615385, 0.7212307692307692, 0.1882051282051282, 0.20635897435897435]"
Virtual_2D_response_surface,,38.43082385723583,8.522928793696886,30.53032624885058,,0.32707859531772576,37.61403846153846,0.6567948717948718,0.2038054557229055,0.6231844587304733,0.07633232091562372,13.798703250418935,1.0532870447304383,"[0.05756410256410256, 0.11871794871794872, 0.19615384615384615, 0.3007692307692308, 0.4343076923076923, 0.5835128205128205, 0.6567948717948718, 0.5727435897435897, 0.1618974358974359, 0.16535897435897437]"
Virtual_2D_response_surface,,34.00254473711528,11.929146463317386,24.653535465743605,,0.3014833890746934,34.670589743589744,0.6416666666666667,0.2324152976651,0.48621583323856177,0.19773083919018733,14.504355783865753,2.867958441056823,"[0.04735897435897436, 0.10071794871794872, 0.16489743589743588, 0.27376923076923076, 0.4003846153846154, 0.5535128205128205, 0.6416666666666667, 0.5563589743589744, 0.1292051282051282, 0.13735897435897437]"
Virtual_2D_response_surface,,27.62815572128452,11.036234950051082,32.79647495919168,,0.3693342251950948,42.4734358974359,0.7497179487179487,0.21220166926430634,0.5218143081501454,0.09885766041311284,16.223281194287537,1.603795623091317,"[0.05969230769230769, 0.12792307692307692, 0.21835897435897436, 0.34623076923076923, 0.49664102564102564, 0.6671538461538462, 0.7497179487179487, 0.6673333333333333, 0.16848717948717948, 0.17494871794871794]"
Virtual_2D_response_surface,,34.42457680786679,11.552013106595167,25.14627825976854,,0.30741895206243036,35.35317948717949,0.6439230769230769,0.2297008422394139,0.5012275304658752,0.1819020078754417,14.617179187283337,2.658894243641956,"[0.04971794871794872, 0.10023076923076923, 0.17756410256410257, 0.27, 0.40774358974358976, 0.5621282051282052, 0.6439230769230769, 0.5597692307692308, 0.13915384615384616, 0.14161538461538462]"
Virtual_2D_response_surface,,32.074070458850635,13.180868989810609,23.65385213798327,,0.2994365663322185,34.435205128205126,0.6409230769230769,0.23935404083646203,0.4366244349747935,0.24745908994946422,14.835969890043042,3.671295607507704,"[0.046461538461538464, 0.09705128205128205, 0.1615128205128205, 0.264025641025641, 0.39705128205128204, 0.5514615384615384, 0.6409230769230769, 0.5483076923076923, 0.13297435897435897, 0.1355897435897436]"
Virtual_2D_response_surface,,37.79530356047361,9.637605652991699,27.45320228471371,,0.31028751393534004,35.6830641025641,0.6404615384615384,0.21515876442398058,0.5779941073199046,0.11699677849976366,13.819543169704897,1.6168420311938856,"[0.051487179487179485, 0.10546153846153847, 0.18276923076923077, 0.2795384615384615, 0.416, 0.5651025641025641, 0.6404615384615384, 0.5578461538461539, 0.14035897435897435, 0.15661538461538463]"
Virtual_2D_response_surface,,52.10301360619276,6.702493614588312,28.635234747203175,,0.28835741360089184,33.16110256410256,0.5623846153846154,0.19236308847436998,0.6979442168233685,0.06704192430068691,11.482149791603014,0.7697854171377972,"[0.05374358974358975, 0.10953846153846154, 0.16976923076923076, 0.2512051282051282, 0.36966666666666664, 0.5132820512820513, 0.5623846153846154, 0.4897948717948718, 0.15484615384615386, 0.16194871794871796]"
Virtual_2D_response_surface,,34.59081139794084,9.802409255766701,29.49214904410395,,0.3343851727982163,38.45429487179487,0.6759487179487179,0.21257813537663342,0.5713456112847264,0.10244289703994923,14.714176141924902,1.5073628315348901,"[0.05756410256410256, 0.1168974358974359, 0.2002820512820513, 0.30323076923076925, 0.43974358974358974, 0.6075128205128205, 0.6759487179487179, 0.5948717948717949, 0.15764102564102564, 0.1711025641025641]"
Virtual_2D_response_surface,,42.68646194369741,9.049047140937809,25.888506057384948,,0.29596075808249717,34.03548717948718,0.598948717948718,0.213938153390772,0.6018052460001376,0.12164201682368624,13.106680698482606,1.5943230740275047,"[0.05212820512820513, 0.10764102564102564, 0.1762820512820513, 0.25966666666666666, 0.38494871794871793, 0.5356153846153846, 0.598948717948718, 0.5177948717948718, 0.1493076923076923, 0.1464871794871795]"
Virtual_2D_response_surface,,47.27443214436864,6.365249388547497,33.23213590747695,,0.32502040133779264,37.377346153846155,0.6226410256410256,0.1869517399259746,0.7119467604121881,0.04079527181199328,12.577967815098551,0.5131216158594486,"[0.06064102564102564, 0.12128205128205129, 0.19256410256410256, 0.2815641025641026, 0.41492307692307695, 0.5603846153846154, 0.6226410256410256, 0.5417948717948718, 0.18446153846153845, 0.18933333333333333]"
Virtual_2D_response_surface,,62.94925356176111,5.886824102233285,26.985368686121124,,0.2612799331103679,30.047192307692306,0.5061538461538462,0.18707365021027436,0.7319060139283247,0.06920687156532732,10.117868298426139,0.7002260118440746,"[0.049435897435897436, 0.09587179487179487, 0.14694871794871794, 0.22446153846153846, 0.33256410256410257, 0.44758974358974357, 0.5061538461538462, 0.4378205128205128, 0.14805128205128204, 0.15066666666666667]"
Virtual_2D_response_surface,,39.579676843312434,7.927116030124659,31.872236618598492,,0.3340511705685619,38.41588461538461,0.6608205128205128,0.19900941070625627,0.6475114093884409,0.06138574760610872,13.761220606321013,0.8447428148916042,"[0.05958974358974359, 0.12264102564102564, 0.19805128205128206, 0.2977179487179487, 0.44148717948717947, 0.5925384615384616, 0.6608205128205128, 0.5789230769230769, 0.17235897435897435, 0.17187179487179488]"
Virtual_2D_response_surface,,34.067895323857385,11.145980009002313,26.33518878954852,,0.3134966555183946,36.052115384615384,0.6588974358974359,0.2259220268745796,0.5174283454998813,0.15841194455153132,14.660940565455338,2.322468103928207,"[0.04874358974358974, 0.10682051282051282, 0.17717948717948717, 0.27574358974358976, 0.41410256410256413, 0.5754615384615385, 0.6588974358974359, 0.568, 0.14146153846153847, 0.15115384615384617]"
Virtual_2D_response_surface,,33.3019154572319,9.254940309901283,32.445701170810025,,0.3583608695652174,41.2115,0.7114102564102565,0.20636781104590254,0.5934632163564749,0.07400186305695122,15.308508680852784,1.1328581630066168,"[0.06323076923076923, 0.126, 0.21092307692307694, 0.32746153846153847, 0.47174358974358976, 0.6374358974358975, 0.7114102564102565, 0.6254871794871795, 0.17966666666666667, 0.18874358974358973]"
Virtual_2D_response_surface,,15.866904929825896,25.91872355479421,24.316114002119317,,0.2930612040133779,33.70203846153846,0.6391538461538462,0.23408479455112,0.3312765511026478,0.3364759785369628,14.200442548601712,4.778107802198683,"[0.046384615384615385, 0.1024102564102564, 0.16464102564102565, 0.2526923076923077, 0.3954871794871795, 0.5683076923076923, 0.6391538461538462, 0.5335897435897435, 0.12212820512820513, 0.14256410256410257]"
Virtual_2D_response_surface,,28.662301697005127,12.260493781513727,28.4564667450609,,0.34237112597547376,39.37267948717948,0.7116923076923077,0.22585916500212724,0.47305424313395816,0.16198863407637504,16.006824923167336,2.5929237052035536,"[0.052717948717948715, 0.11374358974358974, 0.19597435897435897, 0.3081025641025641, 0.4594615384615385, 0.6221538461538462, 0.7116923076923077, 0.624, 0.15405128205128205, 0.15776923076923077]"
Virtual_2D_response_surface,,41.48875092268841,8.012422007595859,30.08193890341026,,0.3234583054626533,37.19770512820513,0.6373589743589744,0.20179713520074638,0.6440204822370185,0.07282994278534242,13.511502595645034,0.9840419609848334,"[0.058487179487179485, 0.1182051282051282, 0.19243589743589742, 0.28684615384615386, 0.4164871794871795, 0.573076923076923, 0.6373589743589744, 0.555923076923077, 0.17241025641025642, 0.16733333333333333]"
Virtual_2D_response_surface,,43.66633740067808,9.251710818290826,24.753190509039808,,0.28191348940914157,32.42005128205128,0.5854358974358974,0.2171935305605868,0.5935939598673352,0.13713314811742214,12.674565718027193,1.7381030979342238,"[0.049846153846153846, 0.09635897435897436, 0.16402564102564102, 0.25225641025641027, 0.36612820512820515, 0.5151538461538462, 0.5854358974358974, 0.5021794871794871, 0.13448717948717948, 0.13607692307692307]"
Virtual_2D_response_surface,,31.822046225366122,10.318389038207217,30.455097872194994,,0.3489688963210703,40.131423076923085,0.707974358974359,0.2146367266012528,0.550580900659263,0.10358809810963662,15.504619109545347,1.6060940054721302,"[0.059820512820512824, 0.12223076923076923, 0.20246153846153847, 0.3144102564102564, 0.45864102564102566, 0.621051282051282, 0.707974358974359, 0.6268717948717949, 0.16315384615384615, 0.17523076923076922]"
Virtual_2D_response_surface,,39.409913373543354,9.00755110395551,28.170060843129203,,0.3145765886287626,36.176307692307695,0.6372307692307693,0.21070304596205638,0.6034881526016899,0.10038481514692538,13.720424800373642,1.3773223073227987,"[0.05558974358974359, 0.10871794871794872, 0.18435897435897436, 0.2815128205128205, 0.4168205128205128, 0.5659487179487179, 0.6372307692307693, 0.556025641025641, 0.1537948717948718, 0.1557948717948718]"
Measured_50cm_transect,1.0,50.0,7.0,28.571428571428573,157.778,0.2994218506131549,34.43351282051282,0.5809230769230769,0.1965604413034926,0.6856345636342313,0.07073189196584437,12.182879656133045,0.8617181276704857,"[0.05346153846153846, 0.10851282051282052, 0.17356410256410257, 0.2563076923076923, 0.38046153846153846, 0.5194871794871795, 0.5809230769230769, 0.5027948717948718, 0.1677948717948718, 0.17317948717948717]"
Measured_50cm_transect,2.0,50.0,8.0,25.0,183.111,0.28034136008918614,32.23925641025641,0.562025641025641,0.209827630631653,0.6445286526535059,0.11317782537868745,12.176436214602779,1.3781025716310393,"[0.047282051282051284, 0.09615384615384616, 0.15933333333333333, 0.23661538461538462, 0.36305128205128206, 0.49341025641025643, 0.562025641025641, 0.48443589743589743, 0.1467948717948718, 0.15325641025641026]"
Measured_50cm_transect,3.0,50.0,9.0,22.22222222222222,175.024,0.262660646599777,30.205974358974355,0.5341538461538462,0.21964359902716,0.6037944537855814,0.1629508171385504,11.94218805658903,1.9459893022434196,"[0.04338461538461538, 0.08912820512820513, 0.1491025641025641, 0.22076923076923077, 0.33776923076923077, 0.46812820512820513, 0.5341538461538462, 0.46625641025641024, 0.13130769230769232, 0.13056410256410256]"
Measured_50cm_transect,4.0,50.0,10.0,20.0,179.556,0.24482497212931992,28.15487179487179,0.5145384615384615,0.2304738963512453,0.5633849230109536,0.21792717145062226,11.680133406900985,2.5454184355318517,"[0.03864102564102564, 0.08028205128205128, 0.1351794871794872, 0.20912820512820512, 0.3138205128205128, 0.43651282051282053, 0.5145384615384615, 0.43984615384615383, 0.11771794871794872, 0.1184102564102564]"
Measured_50cm_transect,5.0,50.0,11.0,18.181818181818183,182.222,0.23152084726867334,26.624897435897434,0.494974358974359,0.24018629824740598,0.5232631152777628,0.27625082876301216,11.510884001421102,3.179891245187477,"[0.035256410256410256, 0.07512820512820513, 0.12364102564102564, 0.19174358974358974, 0.2986410256410256, 0.43028205128205127, 0.494974358974359, 0.42205128205128206, 0.10564102564102563, 0.10876923076923077]"
