Config_Type,Treatment_Index,Row_Spacing,Plant_Spacing,Density,True_Yield,LIE,Cum_LIE,Peak_LIE,HI,Overlap_Ratio,Competition_Factor,Base_Score_No_Competition,Yield_Score,LIE_Trajectory
Virtual_2D_response_surface,,64.425663396629,5.8423917842412125,26.56748376569118,,0.3152547380156076,36.254294871794876,0.4854102564102564,0.1299478469752852,0.7677283674335275,0.3722054875302656,8.48010161195436,3.156340354783664,"[0.048025641025641025, 0.08202564102564103, 0.10907692307692307, 0.20094871794871794, 0.29420512820512823, 0.4237692307692308, 0.4854102564102564, 0.45164102564102565, 0.21707692307692308]"
Virtual_2D_response_surface,,47.30969738798057,9.5730476379946,22.08002749117946,,0.3148768115942029,36.21083333333333,0.5347179487179488,0.1717989004505683,0.6342335823769975,0.5073506839244578,11.197766431917819,5.681194457659841,"[0.03923076923076923, 0.07312820512820513, 0.10407692307692308, 0.2022051282051282, 0.299974358974359, 0.44846153846153847, 0.5347179487179488, 0.4747179487179487, 0.18194871794871795]"
Virtual_2D_response_surface,,46.85136911278269,8.103923924126747,26.337973600134738,,0.35095328874024523,40.3596282051282,0.5693333333333334,0.1526006981110887,0.6862431850571757,0.41653682439445916,11.086033391291789,4.617741143939618,"[0.045743589743589746, 0.08753846153846154, 0.1227948717948718, 0.22889743589743589, 0.32982051282051283, 0.4988717948717949, 0.5693333333333334, 0.5203333333333333, 0.2148974358974359]"
Virtual_2D_response_surface,,57.33389299456653,6.892279242717708,25.306128195412292,,0.32258617614269786,37.09741025641026,0.5214102564102564,0.1454958435881982,0.7296551418262219,0.4087295794420287,9.715534200348996,3.9710262077632916,"[0.04628205128205128, 0.08217948717948718, 0.11143589743589744, 0.20238461538461539, 0.2977179487179487, 0.4388717948717949, 0.5214102564102564, 0.4633589743589744, 0.21805128205128205]"
Virtual_2D_response_surface,,50.1031731937351,6.633156574582433,30.08946868718793,,0.36142775919732434,41.5641923076923,0.575076923076923,0.1354193725411691,0.7390092846234609,0.3404608163152155,10.131474316478721,3.449370016264986,"[0.05343589743589744, 0.09894871794871794, 0.1325897435897436, 0.2414102564102564, 0.3434871794871795, 0.5004102564102564, 0.575076923076923, 0.5306153846153846, 0.22666666666666666]"
Virtual_2D_response_surface,,33.41949105071062,12.08285538969852,24.76455853992358,,0.3708164994425864,42.643897435897436,0.6359743589743589,0.18316139365308892,0.5466635882389088,0.51893720743747,14.059288233285047,7.295887774339423,"[0.046461538461538464, 0.0845897435897436, 0.12038461538461538, 0.24784615384615385, 0.36466666666666664, 0.5375384615384615, 0.6359743589743589, 0.5655128205128205, 0.2026153846153846]"
Virtual_2D_response_surface,,55.11519212964856,6.716497289377709,27.013809349548513,,0.3384476031215162,38.921474358974365,0.5286153846153846,0.1384494919427595,0.7359978459170953,0.3816012565088921,9.699585031193655,3.70137383551834,"[0.04756410256410257, 0.08469230769230769, 0.11735897435897436, 0.2145897435897436, 0.31074358974358973, 0.4634615384615385, 0.5286153846153846, 0.49015384615384616, 0.22676923076923078]"
Virtual_2D_response_surface,,53.36387758285006,6.800748804677287,27.554712682073763,,0.3435702341137124,39.510576923076925,0.5492307692307692,0.14089998141880156,0.7329563044377855,0.375833868252114,10.020671197753803,3.766107618734356,"[0.050743589743589744, 0.09261538461538461, 0.1211025641025641, 0.22553846153846155, 0.3274102564102564, 0.4683846153846154, 0.5492307692307692, 0.49825641025641026, 0.22384615384615383]"
Virtual_2D_response_surface,,33.52777511662795,13.755537695430302,21.682916321222002,,0.34337313266443703,39.48791025641026,0.587974358974359,0.19466508847007435,0.48903680147634254,0.5982180549720824,13.83645157841243,8.277215150953282,"[0.041025641025641026, 0.07512820512820513, 0.10602564102564102, 0.2188974358974359, 0.3273589743589744, 0.5042820512820513, 0.587974358974359, 0.5332051282051282, 0.18058974358974358]"
Virtual_2D_response_surface,,48.025192662911856,9.506818483857389,21.902600527215007,,0.31075239687848377,35.736525641025636,0.5292564102564102,0.17139332427175577,0.6365650746853764,0.5088639439300078,11.0250034695688,5.610226747366799,"[0.03976923076923077, 0.07476923076923077, 0.1018974358974359, 0.19812820512820511, 0.29407692307692307, 0.45294871794871794, 0.5292564102564102, 0.46735897435897433, 0.17958974358974358]"
Virtual_2D_response_surface,,50.70553761215378,8.367036074446148,23.570726402220675,,0.31925496098104794,36.714320512820514,0.5319487179487179,0.15947180223988114,0.6768814287686226,0.46159250965845416,10.538817948345823,4.86463942561051,"[0.04382051282051282, 0.07666666666666666, 0.10956410256410257, 0.2052820512820513, 0.3036923076923077, 0.4581794871794872, 0.5319487179487179, 0.47607692307692306, 0.19028205128205128]"
Virtual_2D_response_surface,,70.02523088167445,6.926094682640079,20.618498065414524,,0.27141270903010034,31.212461538461536,0.4378974358974359,0.14992039064133178,0.7284363656559345,0.48299349144025194,8.422891968102654,4.068201999697956,"[0.03543589743589744, 0.0658974358974359, 0.09512820512820513, 0.1636923076923077, 0.24217948717948717, 0.37446153846153846, 0.4378974358974359, 0.39456410256410257, 0.1803846153846154]"
Virtual_2D_response_surface,,58.88776211667789,6.702952112442744,25.334295563444325,,0.3228925306577481,37.13264102564103,0.5082564102564102,0.14177935098351405,0.7364870991385881,0.4049126018685947,9.476355140854546,3.837095616314247,"[0.04453846153846154, 0.07853846153846154, 0.10905128205128205, 0.20233333333333334, 0.2896666666666667, 0.4362051282051282, 0.5082564102564102, 0.4687179487179487, 0.2173076923076923]"
Virtual_2D_response_surface,,41.16556077240235,10.019435159428197,24.24502995362066,,0.350045039018952,40.25517948717948,0.5798461538461539,0.1695087936868715,0.6185491032939283,0.4835208731251506,12.28249244613652,5.938841471708996,"[0.04546153846153846, 0.08192307692307692, 0.11646153846153846, 0.2265897435897436, 0.3332307692307692, 0.49735897435897436, 0.5798461538461539, 0.5233076923076924, 0.20887179487179486]"
Virtual_2D_response_surface,,49.16124408768617,7.749754714524396,26.247574573353063,,0.3491341137123746,40.15042307692308,0.5546410256410257,0.14916809852592375,0.6988800555667933,0.41112981758288486,10.780492077712774,4.432181741363788,"[0.04482051282051282, 0.08435897435897435, 0.12330769230769231, 0.2261794871794872, 0.3232564102564103, 0.48217948717948717, 0.5546410256410257, 0.5132307692307693, 0.22312820512820514]"
Virtual_2D_response_surface,,41.34536763249123,9.476685616906494,25.522115437256264,,0.3590564102564103,41.291487179487184,0.5888461538461538,0.16318213477740318,0.6376262418802547,0.45451288943889195,12.128459446948488,5.512541147674983,"[0.04692307692307692, 0.0892051282051282, 0.12494871794871795, 0.2376923076923077, 0.3427179487179487, 0.5206153846153846, 0.5888461538461538, 0.534923076923077, 0.2137948717948718]"
Virtual_2D_response_surface,,34.35501597357245,11.208671984582637,25.969027437219193,,0.3766560758082497,43.31544871794872,0.6326666666666667,0.17290809521227693,0.5770018824978301,0.4838153179523172,13.481265115954038,6.522442568474785,"[0.048769230769230766, 0.09061538461538461, 0.12838461538461537, 0.24884615384615386, 0.3687948717948718, 0.5481025641025641, 0.6326666666666667, 0.5658974358974359, 0.21605128205128205]"
Virtual_2D_response_surface,,70.46842280412623,5.619473766711229,25.25281519251227,,0.2985730211817168,34.33589743589743,0.46197435897435896,0.13009622594432985,0.7758752510576934,0.38698388594880456,8.040547207479326,3.1115622035051587,"[0.04558974358974359, 0.07671794871794872, 0.10746153846153846, 0.18107692307692308, 0.27092307692307693, 0.39892307692307694, 0.46197435897435896, 0.42120512820512823, 0.21476923076923077]"
Virtual_2D_response_surface,,33.155153074678154,12.264559401090404,24.59217902140707,,0.37160468227424753,42.73453846153846,0.6224358974358974,0.18024913618165506,0.5403775389063843,0.5252316573850533,13.865154557065242,7.282418107907302,"[0.046, 0.08553846153846154, 0.12005128205128206, 0.23833333333333334, 0.3616666666666667, 0.537974358974359, 0.6224358974358974, 0.5686666666666667, 0.20494871794871794]"
Virtual_2D_response_surface,,39.717031808582206,9.913509646999847,25.397781450941746,,0.36004749163879596,41.40546153846154,0.6029230769230769,0.16817177551442083,0.6222663155686148,0.4649687531962034,12.533813969250852,5.827831854075726,"[0.0441025641025641, 0.08728205128205128, 0.12328205128205129, 0.23743589743589744, 0.34107692307692306, 0.5152307692307693, 0.6029230769230769, 0.5436923076923077, 0.20658974358974358]"
Virtual_2D_response_surface,,58.79330897769004,6.898644735120591,24.655187863322944,,0.3170818283166109,36.464410256410254,0.5045384615384615,0.14452788610946074,0.7294256830709503,0.41835985888525135,9.486223438656804,3.9686550991504244,"[0.04182051282051282, 0.07946153846153846, 0.1102051282051282, 0.19456410256410256, 0.29105128205128206, 0.4359487179487179, 0.5045384615384615, 0.4566923076923077, 0.21469230769230768]"
Virtual_2D_response_surface,,17.550661694835323,23.529215277302356,24.215813424768506,,0.3763558528428093,43.280923076923074,0.6536153846153846,0.19364522127191924,0.36001901120580543,0.6554492233811758,15.086059066950632,9.888145699315338,"[0.047692307692307694, 0.08774358974358974, 0.12646153846153846, 0.24184615384615385, 0.367974358974359, 0.570076923076923, 0.6536153846153846, 0.5728974358974359, 0.20364102564102565]"
Virtual_2D_response_surface,,19.105792044846062,22.249644653586653,23.524038109281133,,0.36756265328874027,42.26970512820513,0.6561025641025641,0.2009967077913287,0.3077352441589015,0.7041448403207584,15.292928826143054,10.768436926321224,"[0.040692307692307694, 0.08225641025641026, 0.11597435897435897, 0.234, 0.3482051282051282, 0.5615641025641026, 0.6561025641025641, 0.5607435897435897, 0.19815384615384615]"
Virtual_2D_response_surface,,47.17075199941627,8.045034314025983,26.351133385290034,,0.35044838350055746,40.30156410256411,0.5731282051282052,0.15355140527948236,0.6883415406093948,0.4152405694163361,11.139051245237747,4.625385981830269,"[0.04692307692307692, 0.08641025641025642, 0.12256410256410256, 0.22674358974358974, 0.3341282051282051, 0.48835897435897435, 0.5731282051282052, 0.5145897435897436, 0.22012820512820513]"
Virtual_2D_response_surface,,21.612812654437647,19.57470994461421,23.63705553865138,,0.3789720178372352,43.58178205128205,0.667025641025641,0.20371315016231215,0.2920286743567767,0.7157192314883614,15.980727800437164,11.437714219953579,"[0.04594871794871795, 0.08902564102564102, 0.12517948717948718, 0.24853846153846154, 0.3777179487179487, 0.574076923076923, 0.667025641025641, 0.5858717948717949, 0.19243589743589742]"
Virtual_2D_response_surface,,39.655674651073056,10.14473203723262,24.857307058191825,,0.35894481605351175,41.27865384615385,0.5940512820512821,0.16937529461996503,0.6141557404480852,0.4772474821296383,12.584851482074152,6.006088682795336,"[0.04417948717948718, 0.08476923076923076, 0.12071794871794872, 0.22984615384615384, 0.3417179487179487, 0.5155384615384615, 0.5940512820512821, 0.5408461538461539, 0.20917948717948717]"
Virtual_2D_response_surface,,30.47036098057358,12.711880830661748,25.817405011601306,,0.38316454849498327,44.063923076923075,0.648974358974359,0.17889567801321998,0.5249303392717145,0.5185738216983606,14.189121710583343,7.358107072000385,"[0.048025641025641025, 0.09028205128205129, 0.12812820512820514, 0.2580769230769231, 0.3822051282051282, 0.5778974358974359, 0.648974358974359, 0.5925897435897436, 0.19694871794871796]"
Virtual_2D_response_surface,,34.288974564787054,10.178493762638702,28.652464803911062,,0.40026510590858416,46.03048717948718,0.6542051282051282,0.16141151874532958,0.6129726004484546,0.42698077585001976,13.373731519611207,5.710326260253456,"[0.05212820512820513, 0.09866666666666667, 0.13953846153846153, 0.2683076923076923, 0.3954615384615385, 0.566025641025641, 0.6542051282051282, 0.5965897435897436, 0.23758974358974358]"
Virtual_2D_response_surface,,32.354974604270296,14.355538238778296,21.529773274479112,,0.34288171683389074,39.43139743589744,0.592974358974359,0.1981327186650492,0.4684891085941173,0.6134016248089423,14.062769954525539,8.626125939420342,"[0.03997435897435898, 0.07617948717948718, 0.10625641025641025, 0.2154871794871795, 0.3264871794871795, 0.5026153846153846, 0.592974358974359, 0.5282307692307693, 0.1845897435897436]"
Virtual_2D_response_surface,,54.21859923450717,7.425846638566981,24.83737709505238,,0.3276732441471572,37.68242307692308,0.522948717948718,0.14863338313030078,0.710474234303442,0.4252641253810017,10.081558847646713,4.287325305821579,"[0.04494871794871795, 0.082, 0.1137948717948718, 0.20458974358974358, 0.3007435897435897, 0.4574615384615385, 0.522948717948718, 0.4826923076923077, 0.20846153846153845]"
Virtual_2D_response_surface,,41.20310661386256,8.310627749743437,29.203587686845225,,0.3843488294314381,44.20011538461538,0.6245384615384615,0.1509624166060548,0.6788866557377836,0.3826414492428309,12.010601218910399,4.595753856681586,"[0.05341025641025641, 0.10056410256410256, 0.13915384615384616, 0.2548717948717949, 0.37474358974358973, 0.5446153846153846, 0.6245384615384615, 0.5672564102564103, 0.2342820512820513]"
Virtual_2D_response_surface,,18.940970576112154,17.204520425590886,30.687054128188525,,0.4527605351170568,52.06746153846153,0.7588974358974359,0.17573765942341724,0.37169896825300797,0.5754000689070288,16.470384881198452,9.477060595566874,"[0.058897435897435894, 0.10456410256410256, 0.15205128205128204, 0.3008974358974359, 0.4535128205128205, 0.6722051282051282, 0.7588974358974359, 0.6924358974358974, 0.24394871794871795]"
Virtual_2D_response_surface,,43.163103691103906,11.075348848958651,20.918470165389703,,0.3120156075808249,35.88179487179487,0.5393846153846154,0.1839851429661448,0.581643336786844,0.5545761436870941,11.883090886864307,6.590078719120458,"[0.041666666666666664, 0.07064102564102565, 0.10687179487179488, 0.20464102564102565, 0.2980769230769231, 0.4668974358974359, 0.5393846153846154, 0.4727948717948718, 0.17266666666666666]"
Virtual_2D_response_surface,,19.27261337974314,19.048019648061928,27.240154116011517,,0.4232428093645485,48.67292307692308,0.7201538461538461,0.18917867569710126,0.3096721711862101,0.664487338390521,16.574182433998534,11.013334371566613,"[0.051512820512820516, 0.1001025641025641, 0.13502564102564102, 0.2735897435897436, 0.42233333333333334, 0.625051282051282, 0.7201538461538461, 0.6468717948717949, 0.22935897435897437]"
Virtual_2D_response_surface,,71.32237624340183,6.177194382810747,22.697756260703073,,0.28131259754738014,32.35094871794872,0.44253846153846155,0.1379726895657013,0.7555357706013559,0.4356369957028222,8.03438532831143,3.500075486744424,"[0.040025641025641025, 0.07153846153846154, 0.09282051282051282, 0.17861538461538462, 0.25394871794871793, 0.38184615384615384, 0.44253846153846155, 0.4026153846153846, 0.19471794871794873]"
Virtual_2D_response_surface,,16.568915986075716,21.14480139097133,28.5431759006928,,0.42220490523968773,48.55356410256409,0.7201025641025641,0.17960951803717384,0.39318904961324636,0.5805385001308315,15.697228045407412,9.112845225692443,"[0.051820512820512823, 0.10007692307692308, 0.14166666666666666, 0.2742051282051282, 0.4205897435897436, 0.6287179487179487, 0.7201025641025641, 0.6376923076923077, 0.2354102564102564]"
Virtual_2D_response_surface,,49.31177552026759,9.992713226896841,20.29391961879,,0.3013098104793757,34.65062820512821,0.5024102564102564,0.17594224517653032,0.6194865803961483,0.5438064967098529,10.973716781737435,5.967578478962756,"[0.03766666666666667, 0.06661538461538462, 0.09769230769230769, 0.19097435897435897, 0.2883846153846154, 0.425025641025641, 0.5024102564102564, 0.4581794871794872, 0.17233333333333334]"
Virtual_2D_response_surface,,29.83106041778786,13.45969149368436,24.905553772105147,,0.3817622073578595,43.90265384615384,0.6459230769230769,0.1851719956667806,0.49919142862784466,0.5474860570296427,14.633175649968303,8.011459638423325,"[0.044153846153846155, 0.08887179487179488, 0.12530769230769231, 0.2523846153846154, 0.3698717948717949, 0.5527435897435897, 0.6459230769230769, 0.5854871794871794, 0.20735897435897435]"
Virtual_2D_response_surface,,40.291351453639244,8.872095767406766,27.974474960393362,,0.3766686733556299,43.31689743589744,0.6191025641025641,0.1562926802820619,0.6589703336467394,0.40933203921034395,12.186205203167253,4.988204226048156,"[0.051, 0.09517948717948718, 0.13192307692307692, 0.2539230769230769, 0.3564871794871795, 0.5357179487179488, 0.6191025641025641, 0.5661282051282052, 0.21928205128205128]"
Virtual_2D_response_surface,,48.794003345522384,9.072032212617131,22.590662364303416,,0.31803690078037905,36.57424358974359,0.5292564102564102,0.16583462562390155,0.6519005827815539,0.4898852559874863,10.917496787728517,5.348320708598943,"[0.040256410256410254, 0.07617948717948718, 0.10838461538461538, 0.20194871794871794, 0.3066923076923077, 0.4584871794871795, 0.5292564102564102, 0.47474358974358977, 0.1888974358974359]"
Virtual_2D_response_surface,,35.50209540943108,11.381739056116176,24.74784507912966,,0.3682151616499443,42.344743589743594,0.6250769230769231,0.17983850412786112,0.5709826624360357,0.5042456095096763,13.707387620743184,6.911890025607039,"[0.04387179487179487, 0.08666666666666667, 0.12087179487179488, 0.23725641025641026, 0.35174358974358977, 0.528025641025641, 0.6250769230769231, 0.5582564102564103, 0.20876923076923076]"
Virtual_2D_response_surface,,31.565061135054094,12.138473123217684,26.099326725176283,,0.3815794871794872,43.88164102564103,0.6476410256410257,0.17638921669629734,0.5447387857419042,0.5021311009127273,13.932446918149669,6.9959149094186275,"[0.04858974358974359, 0.08792307692307692, 0.12930769230769232, 0.25587179487179484, 0.3764102564102564, 0.561025641025641, 0.6476410256410257, 0.5800512820512821, 0.20953846153846153]"
Virtual_2D_response_surface,,29.857878044795054,10.689318878397382,31.332209897529047,,0.43220323299888513,49.70337179487179,0.703076923076923,0.15853154817773513,0.5951051177242216,0.40515642051108397,14.183194464530278,5.746412300661707,"[0.055846153846153844, 0.10658974358974359, 0.15143589743589744, 0.30005128205128206, 0.4298461538461538, 0.6183846153846154, 0.703076923076923, 0.6465897435897436, 0.2517179487179487]"
Virtual_2D_response_surface,,40.33677108737126,10.87541331826696,22.795708682792053,,0.3396577480490524,39.060641025641026,0.571,0.178206163841757,0.5886113015291682,0.5219651703846625,12.529524589882993,6.539975437397095,"[0.04156410256410256, 0.074, 0.11046153846153846, 0.21882051282051282, 0.31761538461538463, 0.48856410256410254, 0.571, 0.5142051282051282, 0.19589743589743588]"
Virtual_2D_response_surface,,62.86908433758856,6.5280034975037555,24.36590162737832,,0.3022045707915273,34.75352564102564,0.4793076923076923,0.13913934729267458,0.7428128966615062,0.4160315223462492,8.704049172860767,3.621158827961876,"[0.04346153846153846, 0.07705128205128205, 0.10602564102564102, 0.19335897435897437, 0.2787179487179487, 0.41307692307692306, 0.4793076923076923, 0.44158974358974357, 0.19641025641025642]"
Virtual_2D_response_surface,,26.62197838718928,16.204991689762032,23.179862786542362,,0.36931360089186177,42.47106410256411,0.6442820512820513,0.20020782918914676,0.4055191394640139,0.6341516678065466,15.305471185189424,9.705990078652915,"[0.04174358974358974, 0.08115384615384616, 0.11671794871794872, 0.23176923076923078, 0.36005128205128206, 0.5508717948717948, 0.6442820512820513, 0.5677692307692308, 0.19692307692307692]"
Virtual_2D_response_surface,,59.5628307674993,6.411160511539218,26.187136991991512,,0.32689676700111486,37.59312820512821,0.5108205128205128,0.1380363291057315,0.7470446916442148,0.38754819346319264,9.340591350666664,3.619929303828788,"[0.04466666666666667, 0.08187179487179487, 0.11525641025641026, 0.20364102564102565, 0.30005128205128206, 0.4377179487179487, 0.5108205128205128, 0.46492307692307694, 0.22984615384615384]"
Virtual_2D_response_surface,,73.76223675181427,5.309097382840759,25.535550845836106,,0.2975069119286511,34.21329487179487,0.4538974358974359,0.1267964959417198,0.7872590919156198,0.37753689520751416,7.808626627855922,2.948044652915446,"[0.04482051282051282, 0.07710256410256411, 0.1042051282051282, 0.1784102564102564, 0.26043589743589746, 0.3923846153846154, 0.4538974358974359, 0.4197435897435897, 0.21746153846153846]"
Virtual_2D_response_surface,,38.28221977844276,10.015731635919074,26.08075793783489,,0.368128093645485,42.334730769230774,0.6092564102564103,0.16532828613064113,0.6186790220976316,0.45756123120517583,12.598431267382276,5.764553721957218,"[0.047128205128205126, 0.08874358974358974, 0.12733333333333333, 0.24328205128205127, 0.3472051282051282, 0.5308205128205128, 0.6092564102564103, 0.5514871794871795, 0.2165897435897436]"
Virtual_2D_response_surface,,36.63251921471445,12.072112260702527,22.612571263703572,,0.3473497212931995,39.945217948717946,0.586025641025641,0.18502143127296475,0.5470354556916702,0.5491535210889835,13.303298515288168,7.305553221768344,"[0.04141025641025641, 0.0777948717948718, 0.11423076923076923, 0.22371794871794873, 0.32743589743589746, 0.4996923076923077, 0.586025641025641, 0.5281794871794872, 0.1967179487179487]"
Virtual_2D_response_surface,,40.05434036715364,11.133422376221018,22.424446412755312,,0.3397936454849499,39.076269230769235,0.5708717948717948,0.18140367680180997,0.5796211027619101,0.5326998089552246,12.759442045486152,6.796952340005733,"[0.039, 0.07702564102564102, 0.11074358974358975, 0.21774358974358973, 0.32346153846153847, 0.4846410256410256, 0.5708717948717948, 0.5132820512820513, 0.19676923076923078]"
Virtual_2D_response_surface,,16.59517931969162,25.033653557058994,24.0709822567721,,0.3627469342251951,41.71589743589744,0.6317692307692307,0.18764930476125907,0.39229995609679336,0.63282662944298,14.09032647240866,8.916733809285567,"[0.04492307692307692, 0.08253846153846153, 0.11433333333333333, 0.22894871794871796, 0.3517179487179487, 0.550974358974359, 0.6317692307692307, 0.5413076923076923, 0.21002564102564103]"
Virtual_2D_response_surface,,27.138812922034763,12.471734909088857,29.544883478830172,,0.4294516164994425,49.38693589743589,0.7148461538461538,0.17163099017415934,0.5332183456757171,0.46610361329347594,15.257391677540383,7.111525390335381,"[0.05028205128205128, 0.10425641025641026, 0.14456410256410257, 0.2947692307692308, 0.4226923076923077, 0.6236666666666667, 0.7148461538461538, 0.6475641025641026, 0.2434871794871795]"
Virtual_2D_response_surface,,69.43416846841848,5.208754498431075,27.64985592252521,,0.3120143812709031,35.88165384615385,0.47597435897435897,0.1232966587708621,0.7909500007303957,0.3465650126570274,7.963358454726161,2.759821423654618,"[0.04628205128205128, 0.08171794871794871, 0.10771794871794872, 0.19956410256410256, 0.2791794871794872, 0.4114358974358974, 0.47597435897435897, 0.4411025641025641, 0.2246923076923077]"
Virtual_2D_response_surface,,34.10545433346998,12.775159486281911,22.951434249569335,,0.35162307692307687,40.43665384615384,0.6068461538461538,0.18920456937227026,0.5227482936183766,0.559143313445536,13.771439420070768,7.70020826825284,"[0.04425641025641026, 0.08156410256410257, 0.11194871794871795, 0.23084615384615384, 0.3405641025641026, 0.5093333333333333, 0.6068461538461538, 0.5425384615384615, 0.1861025641025641]"
Virtual_2D_response_surface,,55.462020247511006,6.475753027364999,27.84287243966782,,0.34160947603121516,39.285089743589744,0.5331025641025641,0.1356476030752557,0.7447045928871222,0.36615743765317993,9.592070868565667,3.5122080910217166,"[0.04923076923076923, 0.08553846153846154, 0.11774358974358974, 0.221025641025641, 0.3167948717948718, 0.46697435897435896, 0.5331025641025641, 0.49028205128205127, 0.2328974358974359]"
Virtual_2D_response_surface,,47.54350524216247,8.088323468200349,26.00460676945609,,0.34967692307692305,40.21284615384615,0.5593846153846154,0.1518506350676473,0.6867989520624277,0.420884971857233,10.991423207410444,4.626124847321882,"[0.04669230769230769, 0.08628205128205128, 0.11935897435897436, 0.2282051282051282, 0.3322820512820513, 0.4814871794871795, 0.5593846153846154, 0.5176410256410257, 0.21771794871794872]"
Virtual_2D_response_surface,,48.31922034045282,7.576544429655808,27.31548447006511,,0.358121293199554,41.18394871794871,0.5668205128205128,0.14651272800942985,0.7050755413305478,0.39328922719213905,10.861150818360828,4.271573611770399,"[0.04874358974358974, 0.09017948717948718, 0.12384615384615384, 0.22938461538461538, 0.33492307692307693, 0.4938205128205128, 0.5668205128205128, 0.5271794871794871, 0.22792307692307692]"
Virtual_2D_response_surface,,19.432475446322478,17.966447736721825,28.642416386173824,,0.4371550724637681,50.27283333333333,0.7276410256410256,0.18098573231564388,0.3460100198925381,0.6186521254914988,16.37759800154816,10.132035814103094,"[0.053641025641025644, 0.10705128205128205, 0.14451282051282052, 0.29217948717948716, 0.4429230769230769, 0.6451538461538462, 0.7276410256410256, 0.6691282051282051, 0.2347948717948718]"
Virtual_2D_response_surface,,66.94052997697304,6.774176385789329,22.052323408183348,,0.28454202898550723,32.72233333333333,0.4597948717948718,0.14720319673428087,0.7339152858620616,0.45647792623083205,8.670297728288489,3.9577995268130235,"[0.039846153846153844, 0.06894871794871794, 0.09646153846153846, 0.17864102564102563, 0.26566666666666666, 0.38994871794871794, 0.4597948717948718, 0.4165128205128205, 0.18366666666666667]"
Virtual_2D_response_surface,,26.46962983645473,16.55294877549139,22.823211820844516,,0.3708459308807135,42.647282051282055,0.6448461538461538,0.2039988599720568,0.393729635936395,0.6469920198525048,15.659994454862938,10.131891443230796,"[0.043153846153846154, 0.08241025641025641, 0.1151025641025641, 0.22905128205128206, 0.3626410256410256, 0.5516666666666666, 0.6448461538461538, 0.5702820512820512, 0.19838461538461538]"
Virtual_2D_response_surface,,19.3773968997371,20.07261478798867,25.709913471257664,,0.40017926421404687,46.02061538461539,0.6913846153846154,0.19283943256878375,0.2986345588519568,0.689335015217836,15.974260843023847,11.011617341319527,"[0.04792307692307692, 0.08997435897435897, 0.13128205128205128, 0.2603076923076923, 0.39994871794871795, 0.6017692307692307, 0.6913846153846154, 0.6075897435897436, 0.2185128205128205]"
Virtual_2D_response_surface,,25.623014305581236,16.908520602927368,23.08150749247182,,0.3721516164994426,42.7974358974359,0.651025641025641,0.20359731555529817,0.38169988665619414,0.6525320932148554,15.684197510462226,10.234442231897141,"[0.04533333333333334, 0.0811025641025641, 0.11812820512820513, 0.23394871794871794, 0.36017948717948717, 0.5568974358974359, 0.651025641025641, 0.5751282051282052, 0.19484615384615384]"
Virtual_2D_response_surface,,32.944364458742825,12.194833813154462,24.89103639829519,,0.37867134894091414,43.54720512820513,0.6407435897435897,0.1836440148456933,0.542788909154519,0.5196242161477835,14.394930453094595,7.479954453191137,"[0.04525641025641026, 0.087, 0.12556410256410255, 0.24612820512820513, 0.3628974358974359, 0.545, 0.6407435897435897, 0.5741025641025641, 0.21443589743589744]"
Virtual_2D_response_surface,,67.13694517994745,5.622925659299962,26.489641567136395,,0.3077109253065774,35.3867564102564,0.47935897435897434,0.12883081162148163,0.7757489142160258,0.3694617015979815,8.206028188173,3.0318131377633977,"[0.04630769230769231, 0.08184615384615385, 0.10592307692307693, 0.19405128205128205, 0.2876666666666667, 0.41135897435897434, 0.47935897435897434, 0.43856410256410255, 0.2139230769230769]"
Virtual_2D_response_surface,,66.69414015521853,6.476625477365656,23.15066860643929,,0.29176276477146046,33.552717948717955,0.46512820512820513,0.1419790317053569,0.7446729971029971,0.43372641458280103,8.574808329795463,3.7191208726169225,"[0.04141025641025641, 0.07261538461538461, 0.1005897435897436, 0.18584615384615386, 0.26361538461538464, 0.398, 0.46512820512820513, 0.42233333333333334, 0.1952051282051282]"
Virtual_2D_response_surface,,24.604877730077952,17.87505074145348,22.73691328638236,,0.3666235228539576,42.16170512820513,0.6356666666666667,0.201546967249875,0.34908750130584115,0.6807280867263076,15.295614844811842,10.412154628611274,"[0.04443589743589744, 0.08169230769230769, 0.1168974358974359, 0.23166666666666666, 0.35812820512820515, 0.5501538461538461, 0.6356666666666667, 0.5665384615384615, 0.1916923076923077]"
Virtual_2D_response_surface,,55.453090507685324,7.563964310908695,23.841016797650685,,0.3171665551839465,36.47415384615385,0.509102564102564,0.15073883890364043,0.7055259159575277,0.442626901711466,9.896528881371566,4.380469916459536,"[0.04158974358974359, 0.07682051282051282, 0.10576923076923077, 0.19448717948717947, 0.29094871794871796, 0.4391794871794872, 0.509102564102564, 0.46815384615384614, 0.20217948717948717]"
Virtual_2D_response_surface,,22.507235921781046,17.47884540849329,25.41938830764365,,0.4016263099219621,46.18702564102564,0.6870512820512821,0.1939482114990873,0.36244101096919606,0.6399191558809277,16.124203831570938,10.318186905150895,"[0.04782051282051282, 0.08897435897435897, 0.1268974358974359, 0.25546153846153846, 0.40064102564102566, 0.5970512820512821, 0.6870512820512821, 0.6219743589743589, 0.20923076923076922]"
Virtual_2D_response_surface,,39.964740687212995,9.786534708714813,25.567841179418892,,0.36298260869565224,41.74300000000001,0.5962820512820513,0.16503848450079728,0.6267259788274869,0.46004193164116325,12.400562625330208,5.704778783594123,"[0.047948717948717946, 0.08915384615384615, 0.12317948717948718, 0.24574358974358973, 0.3507948717948718, 0.5207948717948718, 0.5962820512820513, 0.5433589743589744, 0.21287179487179486]"
Virtual_2D_response_surface,,54.06583210652087,6.867566817997678,26.932347845846788,,0.33827045707915276,38.901102564102565,0.5353333333333333,0.14052518295730798,0.7305461062223331,0.38544397300705124,9.839852199110728,3.7927117254274094,"[0.048666666666666664, 0.08858974358974359, 0.11892307692307692, 0.21905128205128205, 0.3160512820512821, 0.4695384615384615, 0.5353333333333333, 0.49012820512820515, 0.2224871794871795]"
Virtual_2D_response_surface,,30.567671959941173,13.959233414981309,23.435599454832023,,0.36347658862876253,41.79980769230769,0.6313333333333333,0.1932224255407029,0.482054090231405,0.5784504694495445,14.537988412996722,8.409506222349991,"[0.041692307692307695, 0.08197435897435898, 0.11728205128205128, 0.23487179487179488, 0.36566666666666664, 0.5345897435897435, 0.6313333333333333, 0.5628974358974359, 0.18735897435897436]"
Virtual_2D_response_surface,,45.745242931122306,9.270767536606655,23.579705160851255,,0.33024437012263097,37.978102564102564,0.554025641025641,0.16634212853406743,0.6448844736031302,0.4786386620314057,11.3712451527563,5.442717565546383,"[0.0401025641025641, 0.0808974358974359, 0.1133076923076923, 0.21605128205128205, 0.31235897435897436, 0.4726153846153846, 0.554025641025641, 0.49753846153846154, 0.19079487179487178]"
Virtual_2D_response_surface,,60.33796268557437,6.920552597809474,23.947963312833647,,0.29975027870680043,34.47128205128205,0.48420512820512823,0.14284968195093087,0.7286360833408823,0.4293422410533485,8.863581019439652,3.8055097386441434,"[0.04230769230769231, 0.07523076923076923, 0.10615384615384615, 0.19223076923076923, 0.2776923076923077, 0.40707692307692306, 0.48420512820512823, 0.44284615384615383, 0.18838461538461537]"
Virtual_2D_response_surface,,39.05428464891011,10.905311752385376,23.479736963462244,,0.34948037904124857,40.19024358974359,0.5884102564102565,0.1782977611510681,0.5875687315788765,0.5124883013018313,12.898494813901227,6.610327696526721,"[0.042435897435897436, 0.07958974358974359, 0.11402564102564103, 0.2218974358974359, 0.321025641025641, 0.49946153846153846, 0.5884102564102565, 0.5301538461538462, 0.20146153846153847]"
Virtual_2D_response_surface,,60.033197870841605,7.348979231867305,22.666345365534205,,0.2918117056856187,33.55834615384615,0.4808974358974359,0.14976740780688944,0.7132310701183985,0.4568805593719359,9.046703724746106,4.133263058234177,"[0.03992307692307692, 0.07297435897435897, 0.09771794871794871, 0.18602564102564104, 0.2776153846153846, 0.4097948717948718, 0.4808974358974359, 0.430025641025641, 0.1814871794871795]"
Virtual_2D_response_surface,,50.838606103993314,8.528229562249072,23.064682642059086,,0.3156672240802676,36.30173076923077,0.5217948717948718,0.15987381823537264,0.6711566526801305,0.4723298910752469,10.446653351932982,4.934266639819368,"[0.042923076923076925, 0.07597435897435897, 0.1086923076923077, 0.20976923076923076, 0.2943076923076923, 0.45682051282051284, 0.5217948717948718, 0.4717948717948718, 0.18712820512820513]"
Virtual_2D_response_surface,,60.281855064217254,6.755956090110966,24.554244344833318,,0.30330390189520623,34.879948717948714,0.4946923076923077,0.14235744334028622,0.7345730052142432,0.417291747343741,8.93775658198945,3.7296520614314,"[0.042512820512820515, 0.07828205128205128, 0.1102051282051282, 0.1941794871794872, 0.29033333333333333, 0.42284615384615387, 0.4946923076923077, 0.4422051282051282, 0.1932051282051282]"
Virtual_2D_response_surface,,54.895705016930314,6.974573613137877,26.118243746319326,,0.333276254180602,38.32676923076923,0.526051282051282,0.14231809494734377,0.7266898532944229,0.398654061055883,9.818267008337187,3.914092015404615,"[0.046461538461538464, 0.08635897435897436, 0.11520512820512821, 0.21453846153846154, 0.30841025641025643, 0.45592307692307693, 0.526051282051282, 0.48407692307692307, 0.21992307692307692]"
Virtual_2D_response_surface,,36.56354337203216,10.634739154349676,25.717270998007578,,0.3762239687848384,43.265756410256415,0.6215384615384615,0.17142415134269426,0.5970112200933912,0.4752342954407379,13.350232034690292,6.34448811497641,"[0.045743589743589746, 0.08979487179487179, 0.12505128205128205, 0.24553846153846154, 0.3637948717948718, 0.528, 0.6215384615384615, 0.5616923076923077, 0.2251794871794872]"
Virtual_2D_response_surface,,51.462112051256895,7.931312278195776,24.50007107773562,,0.32512709030100334,37.38961538461538,0.5317948717948718,0.1532383498738471,0.6923968691682009,0.43956378072396324,10.313141335121284,4.533283396406493,"[0.044564102564102565, 0.08246153846153846, 0.11220512820512821, 0.20597435897435898, 0.3063076923076923, 0.4644615384615385, 0.5317948717948718, 0.48407692307692307, 0.19648717948717948]"
Virtual_2D_response_surface,,63.3094020109204,6.387476869347162,24.72876617832717,,0.30084292084726866,34.5969358974359,0.4815641025641026,0.1378180307000782,0.7479031552313199,0.40813634719169734,8.582546832554625,3.5028493138405166,"[0.04205128205128205, 0.08005128205128205, 0.10607692307692308, 0.19397435897435897, 0.2805128205128205, 0.4157692307692308, 0.4815641025641026, 0.4359230769230769, 0.19735897435897437]"
Virtual_2D_response_surface,,49.73809861273656,7.765400977558212,25.890887336205623,,0.3431270903010033,39.45961538461538,0.5474102564102564,0.1492512334529926,0.6983209136960543,0.4164178980377431,10.600913281922152,4.414410026138415,"[0.04535897435897436, 0.08441025641025642, 0.11997435897435897, 0.22253846153846155, 0.31356410256410255, 0.4726923076923077, 0.5474102564102564, 0.5023333333333333, 0.22184615384615386]"
Virtual_2D_response_surface,,64.6974976446019,5.6841091944166715,27.19256054748547,,0.3176987736900781,36.53535897435898,0.491025641025641,0.1285840861130142,0.7735106005031871,0.3608904919266138,8.45615834015195,3.051747143186775,"[0.04776923076923077, 0.08282051282051282, 0.11117948717948718, 0.20266666666666666, 0.2894871794871795, 0.4281794871794872, 0.491025641025641, 0.4572051282051282, 0.21702564102564104]"
Virtual_2D_response_surface,,35.520827969645204,9.658372663429073,29.1482819111756,,0.3974945373467112,45.71187179487179,0.657025641025641,0.15927150543843469,0.6312315631033686,0.4100274850645248,13.105077546920313,5.373441988139308,"[0.05261538461538461, 0.0978974358974359, 0.1371794871794872, 0.26987179487179486, 0.3879230769230769, 0.5656923076923077, 0.657025641025641, 0.5858461538461538, 0.2422051282051282]"
Virtual_2D_response_surface,,27.53305486844041,12.454149607832314,29.16295456952243,,0.4224973244147157,48.587192307692305,0.7042564102564103,0.1712783900206451,0.5338256974206436,0.47032200043716044,14.979484933353017,7.045181319372896,"[0.05241025641025641, 0.09871794871794871, 0.1433846153846154, 0.2816923076923077, 0.42117948717948717, 0.6091025641025641, 0.7042564102564103, 0.6483589743589744, 0.22789743589743588]"
Virtual_2D_response_surface,,51.23370489045547,8.971796085157086,21.7552883255818,,0.3067532887402453,35.27662820512821,0.5034102564102564,0.1636843369875508,0.6554435046043912,0.5011091187088329,10.393616698042942,5.208336103753709,"[0.03858974358974359, 0.07566666666666666, 0.10630769230769231, 0.19228205128205128, 0.29112820512820514, 0.4373076923076923, 0.5034102564102564, 0.46515384615384614, 0.17633333333333334]"
Virtual_2D_response_surface,,26.33988028401882,12.088138776411904,31.407022527520247,,0.446927536231884,51.39666666666666,0.736025641025641,0.16588671735735844,0.5464807153430782,0.4353338682562087,15.346843769598658,6.681000863743079,"[0.05815384615384615, 0.10905128205128205, 0.15856410256410255, 0.30864102564102563, 0.4491282051282051, 0.6491538461538462, 0.736025641025641, 0.6717948717948717, 0.2537948717948718]"
Virtual_2D_response_surface,,74.8619208664477,5.244901149659919,25.468403750937167,,0.2943103678929766,33.84569230769231,0.45194871794871794,0.12660970708053165,0.7896198079593671,0.3774040809605941,7.713347740226508,2.9110489150296606,"[0.04453846153846154, 0.07212820512820513, 0.10374358974358974, 0.18246153846153845, 0.2597948717948718, 0.38135897435897437, 0.45194871794871794, 0.4134871794871795, 0.21676923076923077]"
Virtual_2D_response_surface,,18.81193626053633,22.669834788640337,23.448666305412345,,0.3678267558528428,42.30007692307692,0.6412307692307693,0.19653132904538617,0.31759151899534627,0.6970863590126571,14.963922605545877,10.43114632564717,"[0.0458974358974359, 0.08094871794871795, 0.1158974358974359, 0.22951282051282051, 0.35815384615384616, 0.5546153846153846, 0.6412307692307693, 0.5632564102564103, 0.19794871794871796]"
Virtual_2D_response_surface,,51.064197246083594,7.569516792526115,25.871126186895573,,0.3321850613154961,38.20128205128205,0.5398461538461539,0.14731859168780448,0.7053271275351269,0.41305268954504976,10.129966330434254,4.184209837786667,"[0.04507692307692308, 0.08282051282051282, 0.11761538461538462, 0.22128205128205128, 0.3147179487179487, 0.4707948717948718, 0.5398461538461539, 0.4936923076923077, 0.20087179487179488]"
Virtual_2D_response_surface,,17.52803232663237,21.78235701616958,26.191595960861225,,0.3980602006688963,45.776923076923076,0.6855128205128205,0.18706605004048588,0.36078211115241343,0.6326299852073742,15.413954729412897,9.751329952455617,"[0.051256410256410256, 0.09515384615384616, 0.12882051282051282, 0.2519487179487179, 0.39782051282051284, 0.5918974358974359, 0.6855128205128205, 0.602948717948718, 0.22015384615384614]"
Virtual_2D_response_surface,,58.77008559579062,8.029499250409774,21.191183631312274,,0.29463433667781497,33.88294871794872,0.4778205128205128,0.1593247150203285,0.6888952728612061,0.4929416494447929,9.717104067364053,4.7899653067931425,"[0.037230769230769234, 0.0693076923076923, 0.09607692307692307, 0.17876923076923076, 0.2682564102564103, 0.4123076923076923, 0.4778205128205128, 0.4370512820512821, 0.1854102564102564]"
Virtual_2D_response_surface,,34.615297980455,12.100616823723765,23.87395751195362,,0.3629185061315496,41.7356282051282,0.6159230769230769,0.18409480813383117,0.5460488374826101,0.5317027479368344,13.82996244018238,7.353429033308179,"[0.04297435897435897, 0.08241025641025641, 0.12071794871794872, 0.2384102564102564, 0.3466153846153846, 0.522974358974359, 0.6159230769230769, 0.5550512820512821, 0.19982051282051283]"
Virtual_2D_response_surface,,46.839362541513474,9.454992050599536,22.580203729989982,,0.31943199554069124,36.73467948717949,0.5395128205128206,0.1693353219329586,0.6383903590992721,0.49734466835928914,11.196861798718063,5.568699517948229,"[0.038307692307692306, 0.07558974358974359, 0.10653846153846154, 0.20758974358974358, 0.30341025641025643, 0.4581794871794872, 0.5395128205128206, 0.482, 0.1837948717948718]"
Virtual_2D_response_surface,,27.681781785629767,16.09462000753875,22.445290554036525,,0.35882597547380163,41.264987179487186,0.6267435897435898,0.20126405196346978,0.40926241852348505,0.6407573557154693,14.949285343135601,9.57886454630359,"[0.039051282051282055, 0.07864102564102564, 0.11087179487179487, 0.22646153846153846, 0.35305128205128206, 0.5319230769230769, 0.6267435897435898, 0.5547179487179488, 0.18797435897435896]"
Virtual_2D_response_surface,,32.350218284337515,10.24652036818538,30.167990099993144,,0.4204059085841695,48.34667948717949,0.688,0.16121421371753777,0.610589542653594,0.4096115922857964,14.029509454883017,5.746649706803268,"[0.056666666666666664, 0.10135897435897435, 0.14535897435897435, 0.2805897435897436, 0.40582051282051285, 0.5996923076923077, 0.688, 0.6271538461538462, 0.25015384615384617]"
Virtual_2D_response_surface,,41.24014434625912,9.810257233404165,24.717208906417426,,0.3540228539576365,40.7126282051282,0.5791025641025641,0.16584225420144288,0.625892472306433,0.47255194747162854,12.153373264806666,5.743100204634014,"[0.047128205128205126, 0.08412820512820512, 0.1206923076923077, 0.22876923076923078, 0.34135897435897433, 0.5036153846153846, 0.5791025641025641, 0.5291794871794872, 0.21110256410256412]"
Virtual_2D_response_surface,,28.871937954141007,13.397503137081227,25.85236011295482,,0.3924056856187291,45.12665384615385,0.6616410256410257,0.18246939952868874,0.5013279697199801,0.5336601257724503,14.821620174084034,7.909707686253172,"[0.047384615384615386, 0.09158974358974359, 0.12676923076923077, 0.256, 0.3889230769230769, 0.5728461538461539, 0.6616410256410257, 0.6021025641025641, 0.21176923076923077]"
Virtual_2D_response_surface,,26.276657931924642,12.604415988890624,30.193061010709066,,0.4358448160535117,50.12215384615385,0.7227435897435898,0.16967037503082638,0.5286378245801967,0.46144475654575956,15.307640352773463,7.063630375875595,"[0.054461538461538464, 0.10507692307692308, 0.14923076923076922, 0.2985897435897436, 0.44643589743589746, 0.6285384615384615, 0.7227435897435898, 0.655, 0.2474102564102564]"
Virtual_2D_response_surface,,24.148168392212547,14.288090763467178,28.982884357557186,,0.4344798216276477,49.96517948717948,0.7276923076923076,0.17866626138419195,0.470795870168565,0.5162501696985574,16.06876527305606,8.295502799061477,"[0.05374358974358975, 0.10133333333333333, 0.14317948717948717, 0.2915897435897436, 0.4391282051282051, 0.629948717948718, 0.7276923076923076, 0.6605128205128206, 0.2396923076923077]"
Virtual_2D_response_surface,,30.294921163134873,12.881585753254475,25.624821236616597,,0.38539866220735786,44.320846153846155,0.6498461538461539,0.18063846988597404,0.5190801036342968,0.5249193864004521,14.410889699908369,7.564555378760496,"[0.04797435897435898, 0.09110256410256411, 0.12828205128205128, 0.25633333333333336, 0.37971794871794873, 0.5528205128205128, 0.6498461538461539, 0.5940769230769231, 0.20515384615384616]"
Virtual_2D_response_surface,,36.11234149943664,11.980793932286037,23.113129514260038,,0.34931828316610924,40.171602564102564,0.5952820512820512,0.18374838912776761,0.5501973394035854,0.539999895587041,13.286641067702542,7.174784789261863,"[0.04046153846153846, 0.08007692307692307, 0.11353846153846153, 0.22807692307692307, 0.3377948717948718, 0.5094615384615384, 0.5952820512820512, 0.5295897435897436, 0.19623076923076924]"
Virtual_2D_response_surface,,38.85208003841047,7.631666199235898,33.72611827436983,,0.41626220735785946,47.87015384615384,0.6726666666666666,0.14098534576711216,0.7031027991436981,0.3169535817680262,12.148182345464738,3.85040990636615,"[0.05733333333333333, 0.10961538461538461, 0.15256410256410258, 0.2824358974358974, 0.4044358974358974, 0.5858974358974359, 0.6726666666666666, 0.613051282051282, 0.2552820512820513]"
Virtual_2D_response_surface,,44.96835504790802,8.579580499114257,25.91951944319445,,0.3509336677814939,40.357371794871796,0.5746923076923077,0.15659063513413568,0.669334586969731,0.4314385060864508,11.37525566706617,4.907723311350462,"[0.04548717948717949, 0.08805128205128206, 0.12174358974358974, 0.2266923076923077, 0.3454871794871795, 0.4977948717948718, 0.5746923076923077, 0.5248205128205128, 0.2072051282051282]"
Virtual_2D_response_surface,,28.618801072454474,15.050385846662248,23.216723545210478,,0.3682008918617615,42.34310256410257,0.6348461538461538,0.19651661301092932,0.444768230477022,0.606321480024992,14.978021580489303,9.081496212528544,"[0.04287179487179487, 0.08151282051282051, 0.11753846153846154, 0.23248717948717948, 0.3516923076923077, 0.542025641025641, 0.6348461538461538, 0.5697692307692308, 0.19476923076923078]"
Virtual_2D_response_surface,,32.03100060005765,12.39320772437054,25.19102073570284,,0.3726033444816054,42.84938461538462,0.6336410256410256,0.17902327882510355,0.5359309460497896,0.5198743187221126,13.807867193071388,7.178355550003398,"[0.046538461538461535, 0.08443589743589744, 0.12130769230769231, 0.24884615384615386, 0.3657692307692308, 0.552974358974359, 0.6336410256410256, 0.5691794871794872, 0.202]"
Virtual_2D_response_surface,,41.39937983122386,9.857413415542421,24.504350373682367,,0.3516144927536232,40.43566666666667,0.5828205128205128,0.16851262253033367,0.6242360392537383,0.4765486810062925,12.265056420772314,5.844896459786805,"[0.045, 0.08441025641025642, 0.11843589743589744, 0.22330769230769232, 0.3367948717948718, 0.49841025641025644, 0.5828205128205128, 0.5238717948717949, 0.21169230769230768]"
Virtual_2D_response_surface,,37.731319142054964,11.622331058843942,22.803671122620585,,0.3445701226309922,39.6255641025641,0.5791794871794872,0.18094025746208747,0.5626257487708598,0.5370473695561343,12.905747587437117,6.9309977939885306,"[0.041692307692307695, 0.07823076923076923, 0.11087179487179487, 0.21882051282051282, 0.3292051282051282, 0.5005128205128205, 0.5791794871794872, 0.5292820512820513, 0.18884615384615386]"
Virtual_2D_response_surface,,47.43210755780361,7.837741236123169,26.899032320324626,,0.35542664437012267,40.874064102564105,0.574025641025641,0.1506395276865358,0.6957367987808537,0.40381019747318386,11.083049479871,4.475448399071777,"[0.04730769230769231, 0.08630769230769231, 0.12215384615384615, 0.23474358974358975, 0.34197435897435896, 0.49105128205128207, 0.574025641025641, 0.5212820512820513, 0.2247948717948718]"
Virtual_2D_response_surface,,29.391170926205,13.824970397227604,24.610412979100367,,0.3817151616499443,43.897243589743596,0.6493076923076923,0.1887478674615703,0.48665582998672857,0.5597131574668899,14.913920007009345,8.347517257331821,"[0.04723076923076923, 0.08364102564102564, 0.12387179487179487, 0.24433333333333335, 0.37776923076923075, 0.5565384615384615, 0.6493076923076923, 0.5844102564102565, 0.20794871794871794]"
Virtual_2D_response_surface,,41.12014074120792,9.58691152618124,25.366858601950508,,0.35770144927536246,41.13566666666668,0.5906666666666667,0.1647655696578444,0.6337456736882353,0.4588818811976412,12.199934792859366,5.59832902823586,"[0.04856410256410256, 0.08687179487179487, 0.1214102564102564, 0.2326923076923077, 0.34002564102564103, 0.5153076923076924, 0.5906666666666667, 0.5368461538461539, 0.2096923076923077]"
Virtual_2D_response_surface,,46.75038568760221,7.896089727392864,27.08960840220125,,0.3585324414715719,41.23123076923077,0.5773589743589743,0.1504482598591532,0.693653764758304,0.4023227194176069,11.165700457947498,4.492214972443856,"[0.04792307692307692, 0.08846153846153847, 0.12323076923076923, 0.2336153846153846, 0.3416153846153846, 0.5023589743589744, 0.5773589743589743, 0.5311794871794872, 0.221025641025641]"
Virtual_2D_response_surface,,42.455770450533514,10.324327945078684,22.81400237168373,,0.33664437012263104,38.71410256410257,0.5601282051282052,0.17436336583480797,0.6078652363272375,0.510706460835036,12.150578211031608,6.205378795255256,"[0.043897435897435895, 0.07707692307692307, 0.11461538461538462, 0.21512820512820513, 0.31943589743589745, 0.4778717948717949, 0.5601282051282052, 0.5042051282051282, 0.19997435897435897]"
Virtual_2D_response_surface,,45.56385002372694,7.4480431748332006,29.467100263800905,,0.3726188405797101,42.851166666666664,0.5991794871794872,0.14363527985055805,0.7096785503830134,0.36302254469074374,11.078890768961227,4.0218871192990955,"[0.051564102564102564, 0.09553846153846154, 0.13466666666666666, 0.24853846153846154, 0.35625641025641025, 0.5198461538461538, 0.5991794871794872, 0.5423846153846154, 0.23848717948717948]"
Virtual_2D_response_surface,,52.28859878273988,6.9055471920664555,27.694587352997466,,0.3459211817168339,39.780935897435896,0.550025641025641,0.1404132707997081,0.7291768858618902,0.3758729766043183,10.054388384698493,3.7791728900925063,"[0.04933333333333333, 0.08943589743589743, 0.12448717948717948, 0.22507692307692306, 0.3218974358974359, 0.48017948717948716, 0.550025641025641, 0.5061282051282051, 0.22164102564102564]"
Virtual_2D_response_surface,,17.402308744693517,22.866053566969327,25.1305453963139,,0.3828056856187291,44.022653846153844,0.670974358974359,0.19128750034783487,0.3650229629232558,0.641154508239096,15.157770143235782,9.71847266218759,"[0.0468974358974359, 0.08676923076923077, 0.11861538461538461, 0.2412051282051282, 0.37453846153846154, 0.5805641025641025, 0.670974358974359, 0.5794102564102565, 0.21197435897435898]"
Virtual_2D_response_surface,,34.588489774374175,11.190069895706518,25.836614232334306,,0.3756522853957636,43.20001282051282,0.6312051282051282,0.17343150814803923,0.5776492501430218,0.48521635173424116,13.486038075857103,6.543646194516449,"[0.04630769230769231, 0.0838974358974359, 0.12374358974358975, 0.24956410256410255, 0.3650769230769231, 0.5487692307692308, 0.6312051282051282, 0.5663846153846154, 0.21471794871794872]"
Virtual_2D_response_surface,,36.11068459479355,10.597500892177342,26.13128798751179,,0.3770107023411371,43.35623076923076,0.6289230769230769,0.17066041734370835,0.5983121036046739,0.46880369931099075,13.318546387548691,6.243783815927859,"[0.04548717948717949, 0.08912820512820513, 0.1282051282051282, 0.24766666666666667, 0.362025641025641, 0.5356410256410257, 0.6289230769230769, 0.564, 0.22276923076923077]"
Virtual_2D_response_surface,,30.31119581288123,14.328265860763706,23.025194029647693,,0.3606984392419175,41.48032051282051,0.6220769230769231,0.19385572913890156,0.46942175563639416,0.5923114862987044,14.47415600027068,8.573208853439638,"[0.04092307692307692, 0.08053846153846154, 0.11782051282051283, 0.233, 0.35207692307692307, 0.5347948717948718, 0.6220769230769231, 0.5576666666666666, 0.18871794871794872]"
Virtual_2D_response_surface,,21.362663165382134,15.700807675031612,29.814162441425978,,0.44641672240802677,51.337923076923076,0.7451538461538462,0.17777616176458214,0.4226332994086147,0.5430521750305944,16.42798605164535,8.921253556718275,"[0.056102564102564104, 0.10551282051282052, 0.14928205128205127, 0.2906923076923077, 0.44387179487179484, 0.6532051282051282, 0.7451538461538462, 0.6807179487179488, 0.24546153846153845]"
Virtual_2D_response_surface,,22.55051788579434,21.385976799547947,20.735494100022812,,0.3458342251950948,39.770935897435905,0.6045384615384616,0.21152135947775064,0.23159598777002036,0.7923981081767613,15.142324371710611,11.998749185542353,"[0.04094871794871795, 0.07517948717948718, 0.10476923076923077, 0.20984615384615385, 0.33466666666666667, 0.5231538461538462, 0.6045384615384616, 0.5362051282051282, 0.1802051282051282]"
Virtual_2D_response_surface,,37.40250574291244,13.036315469263458,20.508997879387014,,0.327080602006689,37.61426923076923,0.557025641025641,0.1950155674968361,0.5137508521624475,0.6001699566994376,13.203662508031035,7.924441555718975,"[0.03571794871794872, 0.07266666666666667, 0.10243589743589744, 0.20607692307692307, 0.30735897435897436, 0.46735897435897433, 0.557025641025641, 0.5018461538461538, 0.18153846153846154]"
Virtual_2D_response_surface,,39.822762338677606,9.871855807812794,25.437229881384535,,0.35927714604236344,41.316871794871794,0.5963846153846154,0.16596365447819247,0.6237288423199246,0.4635796119487348,12.342778262430981,5.721860357267033,"[0.04812820512820513, 0.08664102564102565, 0.12305128205128205, 0.2383846153846154, 0.3465641025641026, 0.5140256410256411, 0.5963846153846154, 0.5377692307692308, 0.2107948717948718]"
Virtual_2D_response_surface,,40.48565158736551,8.418943957088247,29.338725794400396,,0.383529988851728,44.10594871794872,0.6315384615384615,0.15195562618095437,0.6750370549943745,0.3830346946838933,12.063864700333728,4.6208787322001275,"[0.05094871794871795, 0.09776923076923077, 0.13953846153846153, 0.256, 0.3728205128205128, 0.5506410256410257, 0.6315384615384615, 0.5693846153846154, 0.22846153846153847]"
Virtual_2D_response_surface,,35.41070760553372,11.233979894045895,25.138059651794848,,0.37103021181716833,42.66847435897436,0.6145897435897436,0.17356908580843106,0.5761212699003132,0.49571859103933746,13.33067055718979,6.608261226219703,"[0.04830769230769231, 0.085, 0.12225641025641025, 0.2478974358974359, 0.35794871794871796, 0.5289230769230769, 0.6145897435897436, 0.5587435897435897, 0.21535897435897436]"
Virtual_2D_response_surface,,50.303418881184896,6.539851306161115,30.397272932659327,,0.35697647714604236,41.05229487179487,0.583,0.1358624622314606,0.7423841104343099,0.3350592334020717,10.039438550761226,3.3638065846052623,"[0.05212820512820513, 0.09428205128205128, 0.12994871794871796, 0.23625641025641025, 0.3467692307692308, 0.4998205128205128, 0.583, 0.520051282051282, 0.22528205128205128]"
Virtual_2D_response_surface,,40.16351838063767,10.119175529361192,24.604985874834615,,0.354105685618729,40.72215384615384,0.5932307692307692,0.17098274327806667,0.6150515262498515,0.4803312398837936,12.533014038252343,6.01999817247474,"[0.045717948717948716, 0.08282051282051282, 0.11905128205128206, 0.23425641025641025, 0.33394871794871794, 0.5069230769230769, 0.5932307692307692, 0.5302820512820513, 0.20864102564102563]"
Virtual_2D_response_surface,,20.096091311927154,18.879356838173777,26.357317582565557,,0.40923322185061317,47.06182051282052,0.7025384615384616,0.19092373400123755,0.3153292218099635,0.6685010798784796,16.173393302166716,10.81193088779782,"[0.0488974358974359, 0.0953076923076923, 0.1331025641025641, 0.2681794871794872, 0.4123076923076923, 0.6087435897435898, 0.7025384615384616, 0.6272564102564102, 0.21728205128205128]"
Virtual_2D_response_surface,,19.862931897251997,18.97118655858768,26.537631036146394,,0.41530824972129327,47.76044871794873,0.7076410256410256,0.19101368613129602,0.3122487694824839,0.6693077953082714,16.42121884962021,10.990849784513932,"[0.0471025641025641, 0.09566666666666666, 0.1357948717948718, 0.2648974358974359, 0.41, 0.6177435897435898, 0.7076410256410256, 0.6352307692307693, 0.2251794871794872]"
Virtual_2D_response_surface,,41.059847172124705,10.076660608160081,24.169409506492507,,0.34933143812709033,40.173115384615386,0.5818974358974359,0.17072098308864334,0.6165420847760704,0.4857584104435402,12.345108753951076,5.9967404050719075,"[0.04297435897435897, 0.08338461538461539, 0.11830769230769231, 0.22835897435897437, 0.33607692307692305, 0.5001794871794871, 0.5818974358974359, 0.5207179487179487, 0.2081025641025641]"
Virtual_2D_response_surface,,28.921279847874718,15.646195319161716,22.09905713555589,,0.3593946488294314,41.33038461538461,0.6208717948717949,0.2026822890767142,0.42448935233102103,0.6347377149501946,15.078486532080897,9.570884086280312,"[0.04012820512820513, 0.08233333333333333, 0.11205128205128205, 0.21946153846153846, 0.33453846153846156, 0.5307435897435897, 0.6208717948717949, 0.5558717948717948, 0.19241025641025641]"
Virtual_2D_response_surface,,43.16716336190356,9.121465788116913,25.396967053808957,,0.3452319955406912,39.70167948717949,0.5805384615384616,0.16160426513138865,0.650154360801876,0.4492932314221012,11.548729328413623,5.188765918782149,"[0.04874358974358974, 0.08715384615384615, 0.12623076923076923, 0.23102564102564102, 0.33394871794871794, 0.5004615384615385, 0.5805384615384616, 0.5215384615384615, 0.1934871794871795]"
Virtual_2D_response_surface,,44.24729118445006,6.718276108858623,33.63995940517335,,0.3971043478260869,45.666999999999994,0.625948717948718,0.13211733048100774,0.735933600194478,0.30132098896375653,10.860123835937124,3.2723832545134393,"[0.06143589743589743, 0.10733333333333334, 0.14633333333333334, 0.27394871794871795, 0.39615384615384613, 0.5561794871794872, 0.625948717948718, 0.5715128205128205, 0.25771794871794873]"
Virtual_2D_response_surface,,23.787127264668264,13.334115967555997,31.527807921674047,,0.45628684503901895,52.47298717948718,0.7544615384615385,0.1696145019130937,0.5035064161826945,0.46338827876572386,16.020323251813565,7.423630016928392,"[0.05733333333333333, 0.11005128205128205, 0.1566923076923077, 0.31533333333333335, 0.4564102564102564, 0.6524102564102564, 0.7544615384615385, 0.6896923076923077, 0.25684615384615384]"
Virtual_2D_response_surface,,38.50012133473539,7.834210635665267,33.154513356527836,,0.4119733556298773,47.37693589743589,0.6608205128205128,0.14089435276352444,0.6958628770954086,0.3269672234729113,12.01525689453879,3.928595186121103,"[0.0602051282051282, 0.108, 0.15374358974358973, 0.2842820512820513, 0.40497435897435896, 0.5932051282051282, 0.6608205128205128, 0.6038461538461538, 0.2531794871794872]"
Virtual_2D_response_surface,,28.88867132421491,13.83435064593374,25.021517955323482,,0.38515607580824973,44.29294871794872,0.6483846153846153,0.18499889333481298,0.48633422902065643,0.5545296076254015,14.749463691641045,8.179014313610814,"[0.0471025641025641, 0.08825641025641026, 0.12217948717948718, 0.25056410256410255, 0.377974358974359, 0.561923076923077, 0.6483846153846153, 0.5916666666666667, 0.2083846153846154]"
Virtual_2D_response_surface,,33.052469759214546,12.084230882854115,25.0366990551773,,0.3761894091415831,43.261782051282054,0.6348461538461538,0.18061180052556752,0.5466159780003707,0.5152396292631283,14.064459030408118,7.246566656613935,"[0.048102564102564103, 0.08884615384615385, 0.12833333333333333, 0.24707692307692308, 0.3634102564102564, 0.5481282051282051, 0.6348461538461538, 0.5721794871794872, 0.20876923076923076]"
Virtual_2D_response_surface,,39.31462245803167,8.997689639151645,28.269288742912206,,0.3844846153846154,44.215730769230774,0.6308205128205128,0.15762385729456493,0.6545280039765844,0.407971865452598,12.545017266499444,5.11801409634883,"[0.05194871794871795, 0.09443589743589743, 0.13712820512820512, 0.2564871794871795, 0.37035897435897436, 0.546025641025641, 0.6308205128205128, 0.5718461538461539, 0.23015384615384615]"
Virtual_2D_response_surface,,49.195647503464585,9.436769221289145,21.54021255708976,,0.3110921962095875,35.77560256410256,0.5154615384615384,0.169615734642813,0.6390323235777793,0.5132603551663056,10.922589200159207,5.606132012209368,"[0.039205128205128205, 0.07087179487179487, 0.101, 0.19471794871794873, 0.2885897435897436, 0.4465128205128205, 0.5154615384615384, 0.4695641025641026, 0.18276923076923077]"
Virtual_2D_response_surface,,40.63067815158023,10.081261066397515,24.413557435539147,,0.34994771460423635,40.24398717948718,0.5851025641025641,0.16988942431375767,0.6163807725242894,0.48232033139045094,12.306650065223979,5.935747537765144,"[0.044487179487179486, 0.0848974358974359, 0.11515384615384615, 0.23105128205128206, 0.33902564102564103, 0.5011794871794871, 0.5851025641025641, 0.5220769230769231, 0.20712820512820512]"
Virtual_2D_response_surface,,48.117743429871446,7.440974036076115,27.92961561741567,,0.35739877369007805,41.10085897435898,0.571923076923077,0.14462092180432995,0.7099319403719544,0.3826006575677617,10.699279401278813,4.093551334430481,"[0.05035897435897436, 0.09074358974358974, 0.12512820512820513, 0.23338461538461538, 0.3427948717948718, 0.5001538461538462, 0.571923076923077, 0.518051282051282, 0.23235897435897435]"
Virtual_2D_response_surface,,38.85625305010385,10.174465617507854,25.29458000313199,,0.36194492753623186,41.623666666666665,0.6005897435897436,0.16820654060705958,0.6131137472385859,0.4716794566495382,12.602471359286483,5.944326843189615,"[0.04543589743589744, 0.08656410256410256, 0.12397435897435898, 0.24269230769230768, 0.3384615384615385, 0.5156410256410257, 0.6005897435897436, 0.5421282051282051, 0.21384615384615385]"
Virtual_2D_response_surface,,27.817548376782277,14.84239133532112,24.220174621361014,,0.38148327759197326,43.870576923076925,0.6410769230769231,0.1894313051112424,0.45186059959263825,0.588432050587193,14.958829156538906,8.802254514965679,"[0.044897435897435896, 0.08492307692307692, 0.11923076923076924, 0.2473846153846154, 0.37235897435897436, 0.544923076923077, 0.6410769230769231, 0.5922564102564103, 0.20207692307692307]"
Virtual_2D_response_surface,,38.45999859558606,10.590307608737378,24.55173348280243,,0.35800668896321064,41.170769230769224,0.6003589743589743,0.17360161696326962,0.5985634318468217,0.49062394642152685,12.865161798149698,6.311956452759671,"[0.04376923076923077, 0.08207692307692308, 0.1202051282051282, 0.232, 0.3474871794871795, 0.5100769230769231, 0.6003589743589743, 0.5389487179487179, 0.20751282051282052]"
Virtual_2D_response_surface,,46.11776778396177,7.332632414739017,29.571394664760334,,0.3726829431438127,42.85853846153846,0.5918717948717949,0.1414602151801109,0.7138176182904941,0.35958399903219157,10.913000531533722,3.9241403725693282,"[0.049435897435897436, 0.0961025641025641, 0.1351025641025641, 0.24166666666666667, 0.3474102564102564, 0.5267692307692308, 0.5918717948717949, 0.5442307692307692, 0.23912820512820512]"
Virtual_2D_response_surface,,39.02663584316432,8.664009983345242,29.574672215751175,,0.38743779264214045,44.55534615384615,0.6352307692307693,0.15162276245575265,0.6663405277538651,0.38485646846090055,12.160088398833206,4.679888677347314,"[0.05348717948717949, 0.09574358974358975, 0.13766666666666666, 0.26976923076923076, 0.38635897435897437, 0.5585128205128205, 0.6352307692307693, 0.5733333333333334, 0.23066666666666666]"
Virtual_2D_response_surface,,33.83113248143568,11.72260771797242,25.215015069164792,,0.3743045707915273,43.04502564102564,0.6287179487179487,0.17731777456939957,0.559146307263319,0.5050209245730243,13.738766675308936,6.938364648857574,"[0.04587179487179487, 0.08946153846153847, 0.12828205128205128, 0.24971794871794872, 0.3647435897435897, 0.5397435897435897, 0.6287179487179487, 0.5702307692307692, 0.2067179487179487]"
Virtual_2D_response_surface,,36.81638599676371,10.527617775299863,25.8005364892368,,0.3747989966555183,43.101884615384606,0.6272820512820513,0.1725284432336742,0.600754288832874,0.4718776920916334,13.385341895633564,6.316244241569016,"[0.04484615384615385, 0.08482051282051283, 0.12484615384615384, 0.24497435897435899, 0.3546923076923077, 0.5287435897435897, 0.6272820512820513, 0.5593589743589743, 0.22484615384615383]"
Virtual_2D_response_surface,,34.361977713300874,13.21554390772326,22.020988303091514,,0.3420136008918617,39.3315641025641,0.5882307692307692,0.19139006359429475,0.5075833812693777,0.5818163340346132,13.549806998735084,7.883499034880591,"[0.04071794871794872, 0.07646153846153846, 0.10451282051282051, 0.2184102564102564, 0.3225128205128205, 0.5011025641025642, 0.5882307692307692, 0.5309487179487179, 0.18023076923076922]"
Virtual_2D_response_surface,,17.80875650008449,21.828219557140525,25.72456802763357,,0.3928953177257526,45.18296153846155,0.6904871794871795,0.19243347747551104,0.3513204129607142,0.6453829309221948,15.650485940679161,10.10055648675212,"[0.048025641025641025, 0.0932051282051282, 0.12997435897435897, 0.25133333333333335, 0.3923589743589744, 0.5962564102564103, 0.6904871794871795, 0.5963333333333334, 0.21225641025641026]"
Virtual_2D_response_surface,,43.83282446023408,9.149313740101144,24.935152203084535,,0.344809364548495,39.653076923076924,0.5801282051282052,0.16462024131159558,0.649170944404931,0.4564195579135381,11.749858365283535,5.362865160629399,"[0.04651282051282051, 0.0876923076923077, 0.12082051282051282, 0.23107692307692307, 0.326025641025641, 0.49633333333333335, 0.5801282051282052, 0.516974358974359, 0.1997179487179487]"
Virtual_2D_response_surface,,15.0,29.429822940154118,22.652758326896528,,0.32774559643255297,37.69074358974359,0.5821538461538461,0.18330504987104693,0.4464856964292731,0.6125798157095987,12.436026540110625,7.618058846100645,"[0.04258974358974359, 0.08082051282051282, 0.11041025641025641, 0.2094102564102564, 0.3143076923076923, 0.47633333333333333, 0.5821538461538461, 0.4867692307692308, 0.19164102564102564]"
Virtual_2D_response_surface,,42.128481095897904,10.95164077671411,21.674296421421946,,0.3309284280936455,38.05676923076923,0.539,0.1768050868462535,0.5859536237648187,0.5404357220402803,12.111534700081167,6.545506000654275,"[0.040435897435897435, 0.07574358974358975, 0.1058974358974359, 0.21461538461538462, 0.31646153846153846, 0.4702051282051282, 0.539, 0.5035384615384615, 0.18964102564102564]"
Virtual_2D_response_surface,,33.79899587408452,9.805689955485562,30.17296886601465,,0.41046131549609816,47.20305128205129,0.6706923076923077,0.15699664910127273,0.626052935332929,0.4003961001926353,13.33929758154766,5.341002730960734,"[0.054051282051282054, 0.10302564102564103, 0.14612820512820512, 0.2826666666666667, 0.4064871794871795, 0.5880512820512821, 0.6706923076923077, 0.6112307692307692, 0.24166666666666667]"
Virtual_2D_response_surface,,22.86354651982653,18.059224441620763,24.21906132444881,,0.3838071348940914,44.13782051282051,0.6736410256410257,0.20036902994717526,0.3428871865327683,0.668722244695781,15.918934104245483,10.645345347355262,"[0.04671794871794872, 0.08961538461538461, 0.12266666666666666, 0.2454102564102564, 0.3797948717948718, 0.5829230769230769, 0.6736410256410257, 0.5904871794871794, 0.1998974358974359]"
Virtual_2D_response_surface,,18.779308346182727,21.836787057239817,24.38550018289024,,0.3766265328874025,43.312051282051286,0.6671025641025641,0.19661598911400519,0.318686548744303,0.6862203006055804,15.328515246078654,10.518738340001315,"[0.046384615384615385, 0.08738461538461538, 0.12392307692307693, 0.24087179487179486, 0.3753076923076923, 0.5749487179487179, 0.6671025641025641, 0.5737435897435897, 0.20046153846153847]"
Virtual_2D_response_surface,,25.362306423247126,19.552019734299286,20.165993727773426,,0.334528762541806,38.470807692307694,0.605948717948718,0.21908150444104427,0.29278809117528876,0.7511924416168672,15.170836367327162,11.396217612142454,"[0.0408974358974359, 0.0751025641025641, 0.1064102564102564, 0.2088205128205128, 0.32774358974358975, 0.5178974358974359, 0.605948717948718, 0.5178461538461538, 0.16853846153846153]"
Virtual_2D_response_surface,,48.32620898313014,8.982449066353025,23.03681894719231,,0.321675585284281,36.99269230769231,0.5381025641025641,0.16531328138741047,0.6550668313124623,0.48132556888861194,11.00769003493098,5.298282668212658,"[0.04212820512820513, 0.07566666666666666, 0.1102051282051282, 0.20856410256410257, 0.3047948717948718, 0.4574615384615385, 0.5381025641025641, 0.48084615384615387, 0.19094871794871796]"
Virtual_2D_response_surface,,40.74337484677253,10.26581768608816,23.908341648085166,,0.35217748049052394,40.500410256410255,0.5835384615384616,0.173252613455809,0.6099137403248988,0.49333543965859844,12.630243461319953,6.2309467109854175,"[0.04230769230769231, 0.08294871794871794, 0.11556410256410256, 0.22802564102564102, 0.332, 0.49433333333333335, 0.5835384615384616, 0.5296923076923077, 0.20812820512820512]"
Virtual_2D_response_surface,,35.19211545045679,14.137652878436292,20.09913244675945,,0.32372853957636566,37.22878205128205,0.569974358974359,0.20486344098172848,0.47594373244790966,0.6290659243464044,13.728269510252018,8.635986549143245,"[0.03605128205128205, 0.06874358974358974, 0.1018974358974359, 0.20605128205128206, 0.3100769230769231, 0.4724102564102564, 0.569974358974359, 0.5057435897435898, 0.16507692307692307]"
Virtual_2D_response_surface,,38.32041243043712,12.636196012260868,20.651588907197052,,0.32469230769230767,37.339615384615385,0.5677179487179487,0.19770888590636335,0.5275411971415688,0.5898473488208561,13.288272764155945,7.838052460345773,"[0.03874358974358974, 0.07258974358974359, 0.09956410256410256, 0.20497435897435898, 0.30438461538461536, 0.4752051282051282, 0.5677179487179487, 0.5011794871794871, 0.17356410256410257]"
Virtual_2D_response_surface,,27.315053207358975,16.71743042488224,21.899208816937414,,0.3580915273132665,41.180525641025646,0.6192564102564102,0.20419462266087038,0.38816266770547997,0.6623997974737341,15.135915409641953,10.026027301926401,"[0.04046153846153846, 0.07694871794871795, 0.10894871794871795, 0.2205128205128205, 0.34507692307692306, 0.527051282051282, 0.6192564102564102, 0.556923076923077, 0.18733333333333332]"
Virtual_2D_response_surface,,22.689317230738602,19.090654219672313,23.086482137898773,,0.3724871794871795,42.83602564102564,0.6574615384615384,0.20586138748307062,0.30824272891711263,0.7083517943581141,15.87291061089947,11.24360471291659,"[0.041666666666666664, 0.08348717948717949, 0.11605128205128205, 0.2408205128205128, 0.37038461538461537, 0.5681025641025641, 0.6574615384615384, 0.5738205128205128, 0.19279487179487179]"
Virtual_2D_response_surface,,31.2511789514892,12.533559255255339,25.530491496899664,,0.38154738015607575,43.87794871794871,0.6432564102564102,0.1793523596785421,0.5310835699312507,0.5184108870044714,14.165304552752694,7.343448097881001,"[0.0471025641025641, 0.08702564102564103, 0.12297435897435897, 0.255, 0.3778205128205128, 0.5504102564102564, 0.6432564102564102, 0.584, 0.20776923076923076]"
Virtual_2D_response_surface,,42.12684658940346,9.181420783561203,25.854203170436556,,0.3584975473801561,41.22721794871795,0.5881538461538461,0.1607966578132815,0.6480373920775923,0.4440439323490861,11.93255794276844,5.298579951890219,"[0.04805128205128205, 0.08697435897435897, 0.12528205128205128, 0.23656410256410257, 0.34597435897435896, 0.5097692307692308, 0.5881538461538461, 0.5317435897435897, 0.21682051282051282]"
Virtual_2D_response_surface,,38.547152187968315,10.185682831925057,25.46933189445255,,0.3657473801560758,42.06094871794871,0.6082307692307692,0.1692424386795892,0.6127207043821796,0.46946471220584335,12.813295561565008,6.015390113218526,"[0.04741025641025641, 0.08515384615384615, 0.1218974358974359, 0.24423076923076922, 0.3497179487179487, 0.5290769230769231, 0.6082307692307692, 0.5473846153846154, 0.215]"
Virtual_2D_response_surface,,42.3903705646307,8.131710077901293,29.010211878112532,,0.3831352285395763,44.06055128205128,0.6124615384615385,0.14903326138156248,0.685253495214204,0.38165222674374427,11.819677780500635,4.511006344321625,"[0.053564102564102566, 0.09846153846153846, 0.13592307692307692, 0.25564102564102564, 0.3608205128205128, 0.5351538461538462, 0.6124615384615385, 0.5642051282051282, 0.23953846153846153]"
Virtual_2D_response_surface,,41.382443964859924,9.462902434284082,25.53638997328836,,0.3598828316610925,41.386525641025635,0.5853333333333334,0.16206884024071017,0.6381117152869535,0.45403965728114537,12.07343918202019,5.481820188409199,"[0.048256410256410254, 0.08905128205128206, 0.1255897435897436, 0.23243589743589743, 0.3415128205128205, 0.5132564102564102, 0.5853333333333334, 0.5343076923076923, 0.21897435897435896]"
Virtual_2D_response_surface,,19.505747588136273,25.374657206761423,20.203993311330663,,0.326660646599777,37.56597435897436,0.5824358974358974,0.20877826896659396,0.2943369574498495,0.7496500262976771,14.117326377678218,10.583054090279367,"[0.03958974358974359, 0.07358974358974359, 0.10184615384615385, 0.2062051282051282, 0.31174358974358973, 0.4969487179487179, 0.5824358974358974, 0.4968974358974359, 0.17776923076923076]"
Virtual_2D_response_surface,,33.78468451800894,11.01793282301357,26.864577329711835,,0.38808361204013375,44.629615384615384,0.6477179487179487,0.1709850130499242,0.5836434194835709,0.4677901348145733,13.735791664112808,6.425467834340223,"[0.05130769230769231, 0.09002564102564102, 0.13256410256410256, 0.25566666666666665, 0.3867948717948718, 0.556974358974359, 0.6477179487179487, 0.5874358974358974, 0.21864102564102564]"
Virtual_2D_response_surface,,48.18165931800325,8.231187572225073,25.214812845833887,,0.3372958751393534,38.78902564102564,0.5514871794871795,0.1544244886399434,0.6817123122393898,0.4347875364930826,10.781955809022667,4.687860004782247,"[0.044717948717948715, 0.08207692307692308, 0.11556410256410256, 0.2163846153846154, 0.3208974358974359, 0.48007692307692307, 0.5514871794871795, 0.49874358974358973, 0.2076923076923077]"
Virtual_2D_response_surface,,18.672285368912338,20.805336174318132,25.741140577028723,,0.39468907469342246,45.389243589743586,0.7030512820512821,0.19625569570631246,0.322279281609417,0.6689999770658207,16.03421564091914,10.726889896043328,"[0.04674358974358974, 0.09130769230769231, 0.12692307692307692, 0.2561025641025641, 0.3901025641025641, 0.6013076923076923, 0.7030512820512821, 0.588974358974359, 0.22371794871794873]"
Virtual_2D_response_surface,,36.22694872928604,10.708473662684007,25.777492589205842,,0.37383199554069124,42.99067948717949,0.6226410256410256,0.171319820268267,0.5944363353116815,0.4759353272819442,13.257279869317674,6.309607833472038,"[0.0478974358974359, 0.08956410256410256, 0.12625641025641027, 0.2351025641025641, 0.3656153846153846, 0.5426153846153846, 0.6226410256410256, 0.5546153846153846, 0.2248974358974359]"
Virtual_2D_response_surface,,54.13878022211907,6.398915624061809,28.86590312288427,,0.3496340022296544,40.20791025641026,0.5526666666666666,0.1356421862309873,0.7474885039826735,0.35151563417783416,9.816999931725885,3.4508289567243793,"[0.052974358974358975, 0.09035897435897436, 0.12394871794871795, 0.22997435897435897, 0.33315384615384613, 0.4774102564102564, 0.5526666666666666, 0.5030256410256411, 0.2333076923076923]"
Virtual_2D_response_surface,,27.03588626790531,16.425440304367662,22.51865093909137,,0.36398996655518395,41.85884615384615,0.6255641025641026,0.2000837863620789,0.398047868337406,0.6477032302937266,15.075497576176707,9.764448478374899,"[0.04015384615384615, 0.07638461538461538, 0.11187179487179487, 0.2258974358974359, 0.3585128205128205, 0.5432307692307692, 0.6255641025641026, 0.5621025641025641, 0.19325641025641024]"
Virtual_2D_response_surface,,29.847054903443492,14.89861717647614,22.488089162969974,,0.3617094760312151,41.59658974358974,0.6195897435897436,0.19821334035122753,0.44994268301457596,0.6124546108806891,14.84099820053376,9.08943777798891,"[0.04148717948717949, 0.07841025641025641, 0.114, 0.23166666666666666, 0.34387179487179487, 0.5202564102564102, 0.6195897435897436, 0.5555897435897436, 0.19812820512820511]"
Virtual_2D_response_surface,,38.96347117100594,9.870307747842025,26.002294088976072,,0.3668826086956521,42.19149999999999,0.6149230769230769,0.16749072559317713,0.6237832054986121,0.455698759300572,12.720032907956156,5.796503214418068,"[0.04533333333333334, 0.08928205128205129, 0.127025641025641, 0.24464102564102563, 0.3496153846153846, 0.5251025641025641, 0.6149230769230769, 0.5490512820512821, 0.215]"
Virtual_2D_response_surface,,49.067319374479666,8.347315611827305,24.415230744643505,,0.33241649944258644,38.22789743589744,0.5420512820512821,0.1568018317921288,0.6775823478455628,0.4486105874147004,10.789567818318616,4.840314356926662,"[0.04441025641025641, 0.08133333333333333, 0.11464102564102564, 0.21276923076923077, 0.31015384615384617, 0.4735128205128205, 0.5420512820512821, 0.4896153846153846, 0.2077948717948718]"
Virtual_2D_response_surface,,48.05951006754789,7.581194121014505,27.446251819715222,,0.35425685618729097,40.73953846153846,0.5683846153846154,0.14622211992329193,0.7049090939072135,0.3916227845859458,10.722639021376754,4.199229751661485,"[0.05005128205128205, 0.09107692307692308, 0.12517948717948718, 0.23082051282051283, 0.3375897435897436, 0.4918717948717949, 0.5683846153846154, 0.5163846153846153, 0.22748717948717948]"
Virtual_2D_response_surface,,39.87163319055322,10.288906866003444,24.376241208906535,,0.35556978818283164,40.89052564102564,0.5862307692307692,0.17051940254757542,0.6091052647337651,0.48702545083285187,12.550730403895209,6.112525133238645,"[0.04387179487179487, 0.08548717948717949, 0.1188974358974359, 0.2325897435897436, 0.33015384615384613, 0.5017435897435898, 0.5862307692307692, 0.5378461538461539, 0.2067948717948718]"
Virtual_2D_response_surface,,32.972251383169386,13.517715978349692,22.436136858594207,,0.35338127090301,40.63884615384615,0.6093846153846154,0.19502200454582425,0.4971985681744086,0.5824445741063196,14.265844630834385,8.30906380027326,"[0.04051282051282051, 0.07889743589743589, 0.10953846153846154, 0.2258974358974359, 0.3385641025641026, 0.5131794871794871, 0.6093846153846154, 0.5435897435897435, 0.19112820512820514]"
Virtual_2D_response_surface,,38.227507100789246,9.8712301589028,26.500419219899648,,0.37427302118171685,43.04139743589744,0.6117179487179487,0.1632661829424256,0.6237508131413284,0.44890786289833856,12.648968402160381,5.678221373282429,"[0.048769230769230766, 0.09058974358974359, 0.12912820512820514, 0.24615384615384617, 0.3605897435897436, 0.539025641025641, 0.6117179487179487, 0.5617692307692308, 0.2191025641025641]"
Virtual_2D_response_surface,,30.744480910129177,10.376388122639995,31.346324654644004,,0.43179453734671125,49.656371794871795,0.701,0.15797550607061886,0.6060432563907948,0.3983187507243661,14.120082835066217,5.624293754988141,"[0.05787179487179487, 0.10756410256410256, 0.15266666666666667, 0.2927692307692308, 0.4255128205128205, 0.6127948717948718, 0.701, 0.6497179487179487, 0.24920512820512822]"
Virtual_2D_response_surface,,33.16133153681429,13.888935251166583,21.711962795831546,,0.3447292084726867,39.64385897435897,0.592025641025641,0.19588805992973743,0.48446310450500707,0.600689865796108,13.97836552070752,8.396662508682743,"[0.03858974358974359, 0.07507692307692308, 0.10930769230769231, 0.22153846153846155, 0.32876923076923076, 0.5032307692307693, 0.592025641025641, 0.5322820512820513, 0.1843846153846154]"
Virtual_2D_response_surface,,23.825112959687665,17.49621343906463,23.98948714160087,,0.3809265328874025,43.80655128205129,0.6667179487179488,0.2001846737047978,0.36185521224332784,0.6566391320987203,15.784920314153874,10.364996375333458,"[0.04379487179487179, 0.08374358974358974, 0.11897435897435897, 0.24156410256410257, 0.3749487179487179, 0.5754615384615385, 0.6667179487179488, 0.5892307692307692, 0.19723076923076924]"
Virtual_2D_response_surface,,39.820535833906526,11.269141870254025,22.284456883564893,,0.33624381270903003,38.66803846153845,0.560923076923077,0.17916057921500037,0.5748980104496212,0.5375327143626357,12.470018702178853,6.703043001135031,"[0.04094871794871795, 0.07912820512820513, 0.11048717948717948, 0.21428205128205127, 0.3188205128205128, 0.48628205128205126, 0.560923076923077, 0.5095384615384615, 0.19243589743589742]"
Virtual_2D_response_surface,,33.34295145290454,12.09086285438272,24.80496764423735,,0.37220702341137124,42.80380769230769,0.6258205128205129,0.1796181725564313,0.5463864295471554,0.5185547621475306,13.839015089068607,7.176287177868058,"[0.04507692307692308, 0.08697435897435897, 0.12602564102564104, 0.24528205128205127, 0.36030769230769233, 0.5431538461538462, 0.6258205128205129, 0.5726666666666667, 0.19974358974358974]"
Virtual_2D_response_surface,,17.912432501886308,23.122315359956218,24.144271884691054,,0.3727675585284281,42.86826923076923,0.649051282051282,0.1927622126536576,0.3478286673065994,0.6656941553514716,14.874088373200411,9.901593696220791,"[0.043333333333333335, 0.08494871794871794, 0.11753846153846154, 0.24066666666666667, 0.3677435897435897, 0.5578974358974359, 0.649051282051282, 0.5685384615384615, 0.20176923076923076]"
Virtual_2D_response_surface,,43.15211282491816,8.985407388887337,25.790523823122168,,0.3481959866220735,40.042538461538456,0.576974358974359,0.15803731287254247,0.6549622352477256,0.44109898157665556,11.390787322302543,5.024464687223931,"[0.04894871794871795, 0.0882051282051282, 0.1238974358974359, 0.22753846153846155, 0.3392051282051282, 0.5068974358974359, 0.576974358974359, 0.5258205128205128, 0.19702564102564102]"
Virtual_2D_response_surface,,22.961415352573912,14.971541859816131,29.089403540866186,,0.43648060200668903,50.19526923076924,0.7287692307692307,0.17823857564538834,0.44745590658290324,0.532221394800015,16.104119925292373,8.570957168665819,"[0.052717948717948715, 0.10402564102564102, 0.14676923076923076, 0.2897692307692308, 0.4360769230769231, 0.644948717948718, 0.7287692307692307, 0.6577692307692308, 0.24674358974358973]"
Virtual_2D_response_surface,,15.0,26.69579680577383,24.972720294397746,,0.3717416945373467,42.75029487179487,0.6340769230769231,0.18087958161694656,0.4464856964292731,0.5825928354881632,13.918779810740434,8.108981396474668,"[0.04628205128205128, 0.09197435897435897, 0.12148717948717949, 0.24476923076923077, 0.36123076923076924, 0.5431025641025641, 0.6340769230769231, 0.5511025641025641, 0.22071794871794873]"
Virtual_2D_response_surface,,33.773126348159224,11.407529879981217,25.955961436781443,,0.3780134894091416,43.47155128205128,0.6356666666666667,0.17388867465267985,0.5700862261288528,0.4882200772567213,13.606578787557426,6.643004946860952,"[0.04651282051282051, 0.0904102564102564, 0.12905128205128205, 0.25664102564102564, 0.36525641025641026, 0.5404358974358975, 0.6356666666666667, 0.5741538461538461, 0.21105128205128204]"
Virtual_2D_response_surface,,45.15373664985423,8.260079293315869,26.81156026229974,,0.35598171683389074,40.93789743589743,0.5782307692307692,0.1522450075100179,0.6806844159080618,0.41300057326519646,11.218662904630584,4.633314210881426,"[0.047435897435897434, 0.09038461538461538, 0.12605128205128205, 0.2417948717948718, 0.3361025641025641, 0.504948717948718, 0.5782307692307692, 0.5282564102564102, 0.21556410256410258]"
Virtual_2D_response_surface,,25.937273816066075,13.198723493954104,29.210819587297976,,0.431515050167224,49.62423076923076,0.713076923076923,0.1732839012328065,0.5081619403415527,0.48711678825488425,15.478344546064886,7.539761482781631,"[0.053974358974358976, 0.09992307692307692, 0.14394871794871794, 0.2868974358974359, 0.429, 0.6281282051282051, 0.713076923076923, 0.6582307692307693, 0.23797435897435898]"
Virtual_2D_response_surface,,19.146122068219356,21.0874499507492,24.768237970921547,,0.3847578595317726,44.24715384615385,0.6758974358974359,0.19606426677925623,0.30638334382333887,0.6923239945434143,15.615514396647184,10.810995303936972,"[0.046564102564102566, 0.08623076923076924, 0.1254871794871795, 0.24505128205128204, 0.379974358974359, 0.5811282051282052, 0.6758974358974359, 0.5838205128205128, 0.21007692307692308]"
Virtual_2D_response_surface,,42.34681126369557,9.326367257428887,25.320179106984618,,0.3550273132664437,40.828141025641024,0.5823846153846154,0.16265484680827963,0.6429235491389728,0.45439466506086634,11.953611043186461,5.431657086236585,"[0.0451025641025641, 0.08671794871794872, 0.124, 0.22874358974358974, 0.3348974358974359, 0.5076153846153846, 0.5823846153846154, 0.5290769230769231, 0.21366666666666667]"
Virtual_2D_response_surface,,22.51971413507881,16.70123883458479,26.588169580056764,,0.41066499442586396,47.22647435897436,0.7064615384615385,0.19024888597309478,0.3887105113826035,0.6060559531546171,16.172611443417235,9.801507443339501,"[0.049435897435897436, 0.09266666666666666, 0.13343589743589743, 0.2705897435897436, 0.41207692307692306, 0.611, 0.7064615384615385, 0.6264102564102564, 0.2216153846153846]"
Virtual_2D_response_surface,,34.4181067742909,11.695062105396989,24.84336900061514,,0.3662265328874024,42.11605128205128,0.6161282051282051,0.17628115282065776,0.5601018848595622,0.5095452410051722,13.363678930057093,6.809399001131683,"[0.044153846153846155, 0.08451282051282051, 0.12046153846153847, 0.24115384615384616, 0.35835897435897435, 0.5366410256410257, 0.6161282051282051, 0.5551282051282052, 0.2054102564102564]"
Virtual_2D_response_surface,,15.295622000442624,27.398607853411857,23.86186372449381,,0.35308606465997777,40.60489743589744,0.6096666666666667,0.18212906628483552,0.4364147503984371,0.6037530879171746,13.311597701864725,8.036918217611994,"[0.04561538461538461, 0.08612820512820513, 0.12087179487179488, 0.22938461538461538, 0.34607692307692306, 0.5345641025641026, 0.6096666666666667, 0.524051282051282, 0.20512820512820512]"
Virtual_2D_response_surface,,18.582038741925825,18.057415932982316,29.802386119451935,,0.4470547380156075,51.411294871794865,0.7524102564102564,0.17975103961458874,0.34294804973959325,0.6094256826425196,16.634220662047145,10.137321282194385,"[0.05656410256410256, 0.10892307692307693, 0.15915384615384615, 0.2914871794871795, 0.4532051282051282, 0.6575384615384615, 0.7524102564102564, 0.6803076923076923, 0.24312820512820513]"
Virtual_2D_response_surface,,33.411362345736215,11.919768836102678,25.109495248339776,,0.37184771460423627,42.762487179487174,0.6268974358974359,0.17756842427670777,0.5523112773421367,0.5106961059288859,13.667881439906019,6.980133827657698,"[0.044717948717948715, 0.0876923076923077, 0.1272051282051282, 0.24869230769230768, 0.36212820512820515, 0.5463589743589744, 0.6268974358974359, 0.5692564102564103, 0.201]"
Virtual_2D_response_surface,,40.32718799641344,8.967601995034519,27.65194823785124,,0.37142608695652174,42.714,0.6104102564102564,0.15588670006625244,0.6555918101708684,0.4154456248557796,11.985380111933832,4.979273729736385,"[0.051743589743589745, 0.09343589743589743, 0.1341794871794872, 0.24653846153846154, 0.3571025641025641, 0.5334102564102564, 0.6104102564102564, 0.5494358974358975, 0.2244871794871795]"
Virtual_2D_response_surface,,53.69225800563856,8.018782783475661,23.226292034476305,,0.31722251950947605,36.480589743589746,0.5062051282051282,0.15387212960839444,0.6892772965044986,0.4603691594550429,10.104022859789351,4.651580511075763,"[0.041256410256410254, 0.07902564102564102, 0.1061025641025641, 0.2032820512820513, 0.2897948717948718, 0.4403846153846154, 0.5062051282051282, 0.4702051282051282, 0.1991025641025641]"
Virtual_2D_response_surface,,38.04328659916645,10.395060695941439,25.28686217594356,,0.3659064659977704,42.07924358974359,0.6123846153846154,0.17180067833927595,0.6053899214932577,0.4762736803486505,13.01263666689884,6.197576356383707,"[0.04464102564102564, 0.08369230769230769, 0.12271794871794872, 0.24776923076923077, 0.3508717948717949, 0.5155128205128205, 0.6123846153846154, 0.5514871794871795, 0.21156410256410257]"
Virtual_2D_response_surface,,26.6626909810233,15.102758633146133,24.833603285740153,,0.39018651059085846,44.871448717948724,0.6584358974358975,0.18979403513466117,0.4429834628870187,0.5868166890578184,15.329399966131515,8.995547733368328,"[0.04651282051282051, 0.09084615384615384, 0.12235897435897436, 0.25261538461538463, 0.38543589743589746, 0.5638461538461539, 0.6584358974358975, 0.6002307692307692, 0.2104102564102564]"
Virtual_2D_response_surface,,27.977870235818536,13.46370181072643,26.547330952064733,,0.3995927536231884,45.95316666666667,0.6763076923076923,0.18154490673916793,0.4990536742021409,0.5262638516438846,15.016614042364992,7.902701144584644,"[0.04705128205128205, 0.09176923076923077, 0.13012820512820514, 0.2701282051282051, 0.39184615384615384, 0.5883333333333334, 0.6763076923076923, 0.611051282051282, 0.2165897435897436]"
Virtual_2D_response_surface,,38.30345770966992,9.820322470894615,26.58497589482091,,0.37329598662207364,42.92903846153847,0.6280769230769231,0.1673136193971043,0.6255388674220854,0.44673194944507943,12.928703044027497,5.775664714654936,"[0.04748717948717949, 0.09097435897435897, 0.1294871794871795, 0.2478974358974359, 0.35884615384615387, 0.5367179487179488, 0.6280769230769231, 0.5593846153846154, 0.21684615384615386]"
Virtual_2D_response_surface,,37.8477685432422,8.68313330801155,30.428689757017104,,0.4004634336677815,46.05329487179487,0.6543589743589744,0.15180582915019109,0.6656626667710389,0.37476382315590706,12.584085503599912,4.716059994249931,"[0.05351282051282051, 0.10364102564102565, 0.1438974358974359, 0.26992307692307693, 0.38443589743589746, 0.5831794871794872, 0.6543589743589744, 0.5955641025641025, 0.23756410256410257]"
Virtual_2D_response_surface,,32.29322695122859,12.064355002852906,25.667551796957927,,0.38338851727982165,44.08967948717949,0.6387948717948718,0.17695305050785634,0.5473039834665233,0.506268730917113,14.043245906106124,7.10965628284129,"[0.04625641025641026, 0.08884615384615385, 0.12692307692307692, 0.2536923076923077, 0.37566666666666665, 0.5602051282051282, 0.6387948717948718, 0.584974358974359, 0.2114871794871795]"
Virtual_2D_response_surface,,34.82494369939437,10.87246977243644,26.41078854502128,,0.3846170568561873,44.23096153846154,0.6344871794871795,0.17032579869832049,0.5887139551763662,0.47076739422920455,13.560612932219682,6.3838944142519125,"[0.04846153846153846, 0.09210256410256411, 0.13382051282051283, 0.25474358974358974, 0.37043589743589744, 0.5487435897435897, 0.6344871794871795, 0.5804358974358974, 0.22135897435897436]"
Virtual_2D_response_surface,,42.450237056065,9.172770621794882,25.68143852188303,,0.3561565217391305,40.958000000000006,0.5774358974358974,0.1588607354722832,0.6483427613233632,0.44628974042503006,11.711912406252797,5.22690634766725,"[0.04641025641025641, 0.08982051282051282, 0.1254871794871795, 0.2302051282051282, 0.3364871794871795, 0.5166153846153846, 0.5774358974358974, 0.5286410256410257, 0.21605128205128205]"
Virtual_2D_response_surface,,27.37541501443718,13.150330204934692,27.77810595009804,,0.4110683389074693,47.27285897435897,0.6969487179487179,0.17852758750539327,0.509826777980601,0.5034782210269079,15.191117040914975,7.648396583171416,"[0.04974358974358974, 0.09720512820512821, 0.13484615384615384, 0.2714102564102564, 0.4094615384615385, 0.6002820512820513, 0.6969487179487179, 0.6305897435897436, 0.22030769230769232]"
Virtual_2D_response_surface,,39.7947896330628,10.016197950715034,25.088279989097863,,0.3622024526198439,41.65328205128205,0.5997692307692307,0.16943507704825458,0.618662663685443,0.47138866134350443,12.703548696608976,5.988308814406526,"[0.045641025641025644, 0.08541025641025642, 0.11897435897435897, 0.23853846153846153, 0.35092307692307695, 0.5117179487179487, 0.5997692307692307, 0.5455128205128205, 0.21076923076923076]"
Virtual_2D_response_surface,,18.857455467713976,21.744250540681602,24.38779107062761,,0.380778149386845,43.789487179487175,0.6684102564102564,0.19703280992212222,0.316064061146457,0.6883258414460852,15.530338267241588,10.689933155741404,"[0.04412820512820513, 0.08933333333333333, 0.12464102564102564, 0.24164102564102563, 0.372974358974359, 0.5778461538461539, 0.6684102564102564, 0.579, 0.20646153846153847]"
Virtual_2D_response_surface,,30.78786671907318,12.954255451156504,25.073094949639447,,0.3745044593088072,43.06801282051283,0.6421538461538462,0.18261287382229108,0.5165766306040438,0.5338757316657353,14.156592463744422,7.557861159475188,"[0.046974358974358976, 0.08725641025641026, 0.12312820512820513, 0.24358974358974358, 0.3647435897435897, 0.5533076923076923, 0.6421538461538462, 0.5737692307692308, 0.20153846153846153]"
Virtual_2D_response_surface,,22.806436062815166,18.609435621112684,23.561849298436957,,0.37814180602006686,43.48630769230769,0.6605384615384615,0.20218059209498052,0.32438979122072553,0.6904931896691867,15.825757387059495,10.927577697121405,"[0.04261538461538462, 0.08241025641025641, 0.12187179487179488, 0.24207692307692308, 0.3718205128205128, 0.5717948717948718, 0.6605384615384615, 0.5834871794871795, 0.19697435897435897]"
Virtual_2D_response_surface,,44.2947716386372,7.013049727764789,32.19145559882508,,0.3923807134894091,45.12378205128205,0.6173846153846154,0.13585699207457264,0.7253043421328949,0.3225985202416734,11.034686340928385,3.5597734849145026,"[0.05738461538461539, 0.10507692307692308, 0.14515384615384616, 0.2693589743589744, 0.3722051282051282, 0.5498974358974359, 0.6173846153846154, 0.5706410256410256, 0.25164102564102564]"
Virtual_2D_response_surface,,26.10871787686368,14.838587141897376,25.81201465966481,,0.39812898550724635,45.78483333333333,0.6788717948717948,0.1880849655506492,0.4519903825561145,0.5681845359032485,15.500589840435989,8.807195444714731,"[0.048, 0.08974358974358974, 0.12915384615384615, 0.2623846153846154, 0.3881025641025641, 0.5825128205128205, 0.6788717948717948, 0.6118205128205129, 0.21361538461538462]"
Virtual_2D_response_surface,,32.902095534988845,11.473478003372517,26.489963115313458,,0.3877802675585284,44.594730769230765,0.6433333333333333,0.1723233224273953,0.5677946597691005,0.48248834399932305,13.83248190403627,6.674011287279063,"[0.048025641025641025, 0.09174358974358975, 0.13215384615384615, 0.2578205128205128, 0.3738974358974359, 0.561025641025641, 0.6433333333333333, 0.5902051282051282, 0.2165897435897436]"
Virtual_2D_response_surface,,32.320169909917475,10.355574350773736,29.878044765064896,,0.4199610925306578,48.29552564102564,0.6844871794871795,0.16197899760637074,0.6067716090814376,0.41543035638141984,14.081149497970998,5.849736954202142,"[0.054948717948717946, 0.10248717948717949, 0.14994871794871795, 0.28287179487179487, 0.4095641025641026, 0.6014102564102564, 0.6844871794871795, 0.6227948717948718, 0.25251282051282053]"
Virtual_2D_response_surface,,27.9157384278018,17.081133684876423,20.9717266313122,,0.34515830546265325,39.69320512820512,0.6016923076923076,0.20763215084390688,0.37586636402334767,0.6825316045260257,14.834853998383725,10.12525670242617,"[0.03758974358974359, 0.07074358974358974, 0.10323076923076924, 0.21561538461538463, 0.32871794871794874, 0.5103076923076924, 0.6016923076923076, 0.535974358974359, 0.1814871794871795]"
Virtual_2D_response_surface,,33.59227985151448,11.156129374627454,26.68375707853316,,0.3885439241917503,44.682551282051286,0.6444615384615384,0.17129988746961156,0.5788306054571078,0.473123345164286,13.777408811646959,6.518413744662319,"[0.047282051282051284, 0.09151282051282052, 0.13284615384615384, 0.2642051282051282, 0.3842564102564103, 0.5639487179487179, 0.6444615384615384, 0.590025641025641, 0.21612820512820513]"
Virtual_2D_response_surface,,21.712633399963472,18.32411863824369,25.134161733630396,,0.396081828316611,45.54941025641026,0.689974358974359,0.19739302025125255,0.3339770049852738,0.6658179604162491,16.184044190117163,10.775627293950254,"[0.04792307692307692, 0.08961538461538461, 0.13228205128205128, 0.25994871794871793, 0.39384615384615385, 0.5904358974358974, 0.689974358974359, 0.6111538461538462, 0.20492307692307693]"
Virtual_2D_response_surface,,40.88525626834305,8.233073670716328,29.70785354133442,,0.3863002229654404,44.424525641025646,0.6232564102564102,0.14810569885463293,0.6816452014833819,0.3748551189063827,11.843145749429393,4.439463808127976,"[0.05574358974358974, 0.1007948717948718, 0.14087179487179488, 0.2583076923076923, 0.3739487179487179, 0.5596410256410257, 0.6232564102564102, 0.5694358974358974, 0.2353846153846154]"
Virtual_2D_response_surface,,41.12271092752186,7.9074351833275465,30.752655445424537,,0.39196800445930885,45.076320512820516,0.6347948717948718,0.14575759099808344,0.6932488643115404,0.355932219226686,11.82638860021118,4.209392739910346,"[0.05641025641025641, 0.10379487179487179, 0.1443846153846154, 0.26592307692307693, 0.37223076923076925, 0.5624871794871795, 0.6347948717948718, 0.5752564102564103, 0.24217948717948717]"
Virtual_2D_response_surface,,36.06241775526436,11.634537942955433,23.833949766891237,,0.3572549609810479,41.08432051282051,0.5976666666666667,0.17842180006736172,0.5622020754217352,0.5224286102294267,13.194609156795364,6.89324132430507,"[0.04435897435897436, 0.08207692307692308, 0.11582051282051282, 0.2332820512820513, 0.34025641025641024, 0.5048461538461538, 0.5976666666666667, 0.5432307692307692, 0.20297435897435898]"
Virtual_2D_response_surface,,31.87498169078239,12.320501130344287,25.463710208147877,,0.3812246376811594,43.84083333333333,0.6422307692307693,0.17955386348091107,0.5384435683595253,0.5146081030933622,14.169223805800875,7.291597385008499,"[0.04651282051282051, 0.08835897435897436, 0.123, 0.2520512820512821, 0.37015384615384617, 0.5549487179487179, 0.6422307692307693, 0.5823846153846154, 0.20964102564102563]"
Virtual_2D_response_surface,,32.25106249303125,13.794839670268743,22.47705022041255,,0.3492230769230769,40.16065384615384,0.6016923076923076,0.19184907105903495,0.4876889630039535,0.5879285495393098,13.868611440314535,8.153752608228404,"[0.04033333333333333, 0.07661538461538461, 0.11012820512820513, 0.22343589743589742, 0.3386923076923077, 0.5172051282051282, 0.6016923076923076, 0.541025641025641, 0.18284615384615385]"
Virtual_2D_response_surface,,44.78729759757363,8.977567526745258,24.87061135803144,,0.3406266443701227,39.17206410256411,0.5685641025641026,0.16162127513214294,0.6552394311454912,0.4540146737589738,11.395870109666015,5.173892250039657,"[0.04625641025641026, 0.08528205128205128, 0.12015384615384615, 0.22984615384615384, 0.3343333333333333, 0.4933076923076923, 0.5685641025641026, 0.5110256410256411, 0.1952051282051282]"
Virtual_2D_response_surface,,25.817988644278856,17.104908017438063,22.64419319183325,,0.3664294314381271,42.13938461538462,0.6372307692307693,0.20306342924803242,0.3750632225896388,0.6626389980243926,15.402542303523205,10.206325199034938,"[0.03935897435897436, 0.07915384615384616, 0.11294871794871796, 0.2246923076923077, 0.3515128205128205, 0.5524615384615384, 0.6372307692307693, 0.5646410256410257, 0.19574358974358974]"
Virtual_2D_response_surface,,35.55690246397128,12.109670053836826,23.224360770957297,,0.3550744704570792,40.833564102564104,0.5946666666666667,0.18256579994307834,0.5457355157915116,0.5411110774083161,13.41866213084085,7.260986722997464,"[0.04182051282051282, 0.0795128205128205, 0.11551282051282051, 0.23451282051282052, 0.3254102564102564, 0.5111794871794871, 0.5946666666666667, 0.5444102564102564, 0.1975897435897436]"
Virtual_2D_response_surface,,40.43944873385043,11.308744303910805,21.866556101882185,,0.33144682274247494,38.11638461538462,0.5555128205128205,0.18098856549787642,0.5735205964535043,0.5446210700536656,12.417533592306821,6.762850432469478,"[0.03907692307692308, 0.07684615384615384, 0.10856410256410257, 0.21056410256410257, 0.31474358974358974, 0.490025641025641, 0.5555128205128205, 0.501051282051282, 0.18971794871794873]"
Virtual_2D_response_surface,,51.88077553299668,7.460477186265494,25.836098634785024,,0.33404013377926417,38.41461538461538,0.5412820512820513,0.14790369654110552,0.7092329018587009,0.4115303308548761,10.226994509860987,4.208718434294093,"[0.04543589743589744, 0.08256410256410257, 0.11751282051282051, 0.21533333333333332, 0.32746153846153847, 0.4684358974358974, 0.5412820512820513, 0.49448717948717946, 0.20435897435897435]"
Virtual_2D_response_surface,,34.8269072737688,11.421697859171388,25.139371907941385,,0.3739497212931996,43.00421794871795,0.6182564102564102,0.17468050767329985,0.5695938375911203,0.4996575466429369,13.521597522075513,6.756168244573465,"[0.046615384615384614, 0.0828974358974359, 0.12535897435897436, 0.2453076923076923, 0.3558974358974359, 0.5361025641025641, 0.6182564102564102, 0.5698205128205128, 0.21107692307692308]"
Virtual_2D_response_surface,,26.433278255974287,13.093953496691055,28.892038048904435,,0.42374214046822745,48.730346153846156,0.7060512820512821,0.17348466140927418,0.511766808217476,0.48848391861628015,15.21714168514211,7.433329000497363,"[0.052153846153846155, 0.10158974358974358, 0.14151282051282052, 0.2854871794871795, 0.4195128205128205, 0.6163589743589744, 0.7060512820512821, 0.645948717948718, 0.23276923076923076]"
Virtual_2D_response_surface,,19.501660427369277,19.579096178914664,26.19001638909531,,0.41174994425864,47.351243589743596,0.7022051282051283,0.1921942665897916,0.2944737789839214,0.6881868151054071,16.381147560921615,11.273289767722355,"[0.05, 0.09623076923076923, 0.13582051282051283, 0.2684615384615385, 0.4085128205128205, 0.6190769230769231, 0.7022051282051283, 0.6313846153846154, 0.21905128205128205]"
Virtual_2D_response_surface,,31.44711663560765,13.343785678926233,23.830881692208653,,0.3640207357859532,41.86238461538461,0.6324358974358975,0.18999156121212524,0.5031740471474331,0.5593260019941909,14.316299656450877,8.007478650193478,"[0.04335897435897436, 0.0823076923076923, 0.11415384615384615, 0.23374358974358975, 0.3628461538461539, 0.5367692307692308, 0.6324358974358975, 0.559025641025641, 0.1936153846153846]"
Virtual_2D_response_surface,,44.549158155129234,9.807197582476586,22.88840731450196,,0.3258321070234114,37.47069230769231,0.552025641025641,0.1710432416429628,0.6259999669980395,0.4994418540279668,11.536395622044704,5.761758818274127,"[0.042897435897435894, 0.07835897435897436, 0.11274358974358975, 0.2135128205128205, 0.3119230769230769, 0.46792307692307694, 0.552025641025641, 0.4911025641025641, 0.1863076923076923]"
Virtual_2D_response_surface,,26.21472238780981,16.161190695300178,23.603770443167203,,0.37638840579710153,43.28466666666667,0.650051282051282,0.19811702554459762,0.40700444666535346,0.6278240275562429,15.435772941040911,9.690949136287978,"[0.04466666666666667, 0.08533333333333333, 0.11653846153846154, 0.24025641025641026, 0.370948717948718, 0.5667435897435897, 0.650051282051282, 0.577076923076923, 0.20141025641025642]"
Virtual_2D_response_surface,,25.854518940291705,18.104642119539275,21.363558491930338,,0.3535061315496098,40.65320512820513,0.6281282051282051,0.21360299065899258,0.3413588463946433,0.7023230582267133,15.630563151464598,10.97770491434239,"[0.04197435897435897, 0.08076923076923077, 0.10902564102564102, 0.22371794871794873, 0.3437179487179487, 0.523948717948718, 0.6281282051282051, 0.5533589743589744, 0.17605128205128204]"
Virtual_2D_response_surface,,40.14305477204218,8.937550612681445,27.8721883298272,,0.37849264214046824,43.52665384615385,0.6189230769230769,0.1568336980240254,0.6566545924105126,0.41195749387755387,12.287602953547157,5.061970118505716,"[0.049179487179487176, 0.08935897435897436, 0.13441025641025642, 0.25056410256410255, 0.3677692307692308, 0.5384871794871795, 0.6189230769230769, 0.5645897435897436, 0.22533333333333333]"
Virtual_2D_response_surface,,30.482610958000084,13.436717766261514,24.414882674268068,,0.37389420289855074,42.99783333333333,0.639102564102564,0.18709599335323612,0.49998063209607035,0.5535055413605141,14.4805002111664,8.015037108552697,"[0.04246153846153846, 0.08605128205128205, 0.12230769230769231, 0.2481025641025641, 0.3675128205128205, 0.548974358974359, 0.639102564102564, 0.576, 0.19774358974358974]"
Virtual_2D_response_surface,,40.028873663720375,10.983223829568415,22.74556848227536,,0.3445710144927536,39.62566666666667,0.5717179487179487,0.17888217509007256,0.584852865215267,0.5248818451727923,12.758985796909533,6.696960007615326,"[0.04156410256410256, 0.07717948717948718, 0.11123076923076923, 0.21582051282051282, 0.320025641025641, 0.48753846153846153, 0.5717179487179487, 0.5259230769230769, 0.197]"
Virtual_2D_response_surface,,25.427047866599477,15.982681930213085,24.606758259656264,,0.3867409141583055,44.47520512820513,0.6665897435897435,0.19444383945505037,0.4130606462646331,0.6110989513410272,15.566273362222473,9.512533327941918,"[0.045743589743589746, 0.08482051282051283, 0.12476923076923077, 0.24584615384615385, 0.38582051282051283, 0.5733589743589743, 0.6665897435897435, 0.5956923076923077, 0.20435897435897435]"
Virtual_2D_response_surface,,25.58687388420234,16.126885411759357,24.234399972584985,,0.3879060200668896,44.609192307692304,0.6735384615384615,0.20018938249273402,0.408167946384348,0.6192176750557314,16.074515990837778,9.953624419492746,"[0.04451282051282051, 0.08525641025641026, 0.11917948717948718, 0.24746153846153846, 0.38143589743589745, 0.5663846153846154, 0.6735384615384615, 0.600051282051282, 0.20394871794871794]"
Virtual_2D_response_surface,,27.814045027749756,14.81084247094844,24.274823665030194,,0.379609364548495,43.65507692307692,0.6517948717948718,0.19250708630887212,0.4529369836090183,0.5869847626618167,15.127040989892198,8.879342565227443,"[0.04461538461538461, 0.08302564102564103, 0.12612820512820513, 0.24502564102564103, 0.374025641025641, 0.5542820512820513, 0.6517948717948718, 0.5851025641025641, 0.20135897435897435]"
Virtual_2D_response_surface,,42.437881576454544,10.644026889574032,22.138099773176194,,0.33402452619843925,38.41282051282052,0.5558461538461539,0.17866990353958842,0.5966868126842328,0.5272600761356526,12.353786884276497,6.5136586131672525,"[0.04023076923076923, 0.07864102564102564, 0.11015384615384616, 0.21528205128205127, 0.32069230769230767, 0.4654615384615385, 0.5558461538461539, 0.5015128205128205, 0.1975897435897436]"
Virtual_2D_response_surface,,53.75936963458459,6.668055561754047,27.896301126487625,,0.3463234113712374,39.8271923076923,0.5463076923076923,0.13855109561521234,0.7377479036273055,0.3689048827552433,9.932582033115347,3.664178010383253,"[0.048282051282051285, 0.09061538461538461, 0.12282051282051282, 0.21817948717948718, 0.3231282051282051, 0.47174358974358976, 0.5463076923076923, 0.5041282051282051, 0.22733333333333333]"
Virtual_2D_response_surface,,22.986414086788628,17.437642287567968,24.948302979838715,,0.3910988851727983,44.9763717948718,0.6808205128205128,0.19606730671809586,0.3638308941815107,0.6441520764654709,15.873112950790043,10.224698667222365,"[0.044307692307692305, 0.08861538461538461, 0.1238974358974359, 0.25025641025641027, 0.3857948717948718, 0.5951025641025641, 0.6808205128205128, 0.6036153846153847, 0.2031025641025641]"
Virtual_2D_response_surface,,53.06174128649698,6.877351398972156,27.402948024715215,,0.3436839464882943,39.52365384615385,0.5457179487179488,0.1407794970811881,0.7301933115515191,0.37925387608573047,10.015416200290508,3.7983854145719937,"[0.051512820512820516, 0.08976923076923077, 0.1201025641025641, 0.22476923076923078, 0.32797435897435895, 0.4705384615384615, 0.5457179487179488, 0.503, 0.21964102564102564]"
Virtual_2D_response_surface,,28.06908783147874,14.305009584633202,24.904828038795674,,0.3868335562987737,44.485858974358976,0.6508461538461539,0.18674980123396728,0.47021716035985883,0.5669773368437788,14.95390557813091,8.47852556010199,"[0.04725641025641026, 0.0848974358974359, 0.123, 0.2529230769230769, 0.37535897435897436, 0.5656923076923077, 0.6508461538461539, 0.5949230769230769, 0.2093846153846154]"
Virtual_2D_response_surface,,57.05051342907646,6.170484431810845,28.406725973219565,,0.342903121516165,39.43385897435897,0.5330769230769231,0.13314836172317712,0.7557796362453587,0.3533549316704568,9.450996693945665,3.3395562910068834,"[0.04930769230769231, 0.0871025641025641, 0.12264102564102564, 0.21676923076923077, 0.3178974358974359, 0.45382051282051283, 0.5330769230769231, 0.49446153846153845, 0.23323076923076924]"
Virtual_2D_response_surface,,35.31973281595093,11.404261583067242,24.826495562206,,0.3705274247491639,42.610653846153845,0.6141025641025641,0.17578060385985678,0.5701998174526446,0.5036236171628381,13.482227635092453,6.789968248998038,"[0.046153846153846156, 0.08448717948717949, 0.12217948717948718, 0.24384615384615385, 0.3551025641025641, 0.5256923076923077, 0.6141025641025641, 0.561, 0.213]"
Virtual_2D_response_surface,,47.18387699697659,8.84401370288612,23.96387083850449,,0.33444760312151617,38.46147435897436,0.5511282051282052,0.16263625054077513,0.6599642343429237,0.4647184285784084,11.259413964024754,5.232457164075371,"[0.04256410256410256, 0.07989743589743589, 0.11523076923076923, 0.21382051282051281, 0.3158974358974359, 0.4736153846153846, 0.5511282051282052, 0.5037692307692307, 0.1961025641025641]"
Virtual_2D_response_surface,,30.326231551942627,11.900009824936184,27.709853735456832,,0.3998738015607581,45.98548717948718,0.6774871794871795,0.17357482829072027,0.5529959032643084,0.4759270860133233,14.36746147388029,6.8378640726725335,"[0.05005128205128205, 0.09738461538461539, 0.13743589743589743, 0.2703846153846154, 0.39494871794871794, 0.5844102564102565, 0.6774871794871795, 0.6113333333333333, 0.21512820512820513]"
Virtual_2D_response_surface,,19.810435434872744,21.349347531677743,23.64402291945792,,0.3740940914158305,43.02082051282051,0.6645384615384615,0.20277354787542357,0.2841427561365529,0.7221435604001124,15.702271934213544,11.339294560943728,"[0.04476923076923077, 0.08520512820512821, 0.1204102564102564, 0.2342051282051282, 0.372025641025641, 0.5649487179487179, 0.6645384615384615, 0.5671538461538461, 0.20392307692307693]"
Virtual_2D_response_surface,,18.342927987299444,22.601356631606187,24.121084538318048,,0.36823355629877375,42.34685897435898,0.6524615384615384,0.19411692413965193,0.3333446586947694,0.6773239806818185,14.796435619940725,10.021980674000503,"[0.04238461538461538, 0.08446153846153846, 0.12102564102564102, 0.2326153846153846, 0.36205128205128206, 0.5654871794871795, 0.6524615384615384, 0.5555897435897436, 0.20294871794871794]"
Virtual_2D_response_surface,,40.22153088847815,9.924722785458687,25.050881843456143,,0.3572410256410257,41.082717948717956,0.592948717948718,0.16764859213202313,0.6218726815959746,0.4700822159284213,12.397427685107212,5.827810278027557,"[0.045743589743589746, 0.08735897435897436, 0.12192307692307693, 0.23064102564102565, 0.3405128205128205, 0.5001025641025642, 0.592948717948718, 0.5344871794871795, 0.21261538461538462]"
Virtual_2D_response_surface,,39.66465071259843,9.769414333685217,25.806424493695815,,0.36680200668896323,42.18223076923077,0.6022820512820513,0.16516454986625648,0.627327604835177,0.45637740390117754,12.540616483238198,5.723253993940563,"[0.04771794871794872, 0.08684615384615385, 0.124, 0.23684615384615385, 0.3547948717948718, 0.5107692307692308, 0.6022820512820513, 0.552923076923077, 0.21464102564102563]"
Virtual_2D_response_surface,,22.970367317145094,14.349028563446552,30.33957968246831,,0.44859331103678923,51.58823076923076,0.7434102564102564,0.17398690497587987,0.4687117118970231,0.5020532301557006,16.156217888495846,8.111281378018651,"[0.056282051282051285, 0.10402564102564102, 0.15143589743589744, 0.30238461538461536, 0.45164102564102565, 0.6544615384615384, 0.7434102564102564, 0.6793333333333333, 0.25074358974358973]"
Virtual_2D_response_surface,,40.06520919310646,10.156008866291241,24.57590468460979,,0.3556973244147157,40.9051923076923,0.5872820512820512,0.1693616921755932,0.613760525820211,0.4814873559892063,12.469990658397887,6.0041428313221,"[0.04458974358974359, 0.08051282051282051, 0.11871794871794872, 0.2336153846153846, 0.33992307692307694, 0.5087692307692308, 0.5872820512820512, 0.5339487179487179, 0.2094871794871795]"
Virtual_2D_response_surface,,33.06968655048647,11.491902158852646,26.313462652975684,,0.39038506131549605,44.89428205128205,0.6455641025641026,0.1742222820976528,0.5671546247713881,0.485232781470723,14.078851689798093,6.831520365354518,"[0.04912820512820513, 0.0896923076923077, 0.13271794871794873, 0.26061538461538464, 0.3735897435897436, 0.5578717948717948, 0.6455641025641026, 0.5922820512820512, 0.22184615384615386]"
Virtual_2D_response_surface,,34.69371695152018,10.969630250348274,26.275874555448357,,0.38262051282051285,44.00135897435898,0.6330769230769231,0.1708555148619491,0.5853266120747451,0.4746251702970879,13.532174715941188,6.4227107290435335,"[0.04851282051282051, 0.0896923076923077, 0.1255128205128205, 0.24979487179487178, 0.374025641025641, 0.5532564102564103, 0.6330769230769231, 0.578025641025641, 0.21915384615384614]"
Virtual_2D_response_surface,,34.126472639555935,13.352268366098606,21.945907587453405,,0.34350156075808247,39.502679487179485,0.5897948717948718,0.19270342167266544,0.5028824926910235,0.5858127743260333,13.702142704352578,8.026890231848,"[0.041256410256410254, 0.07553846153846154, 0.10874358974358975, 0.22366666666666668, 0.3365641025641026, 0.5025384615384615, 0.5897948717948718, 0.5378717948717948, 0.17335897435897435]"
Virtual_2D_response_surface,,35.598251163196764,10.995114437589189,25.54886333653931,,0.37405741360089184,43.01660256410256,0.6250769230769231,0.17370236343779724,0.5844385025680282,0.48504619534575055,13.449753958408243,6.523751985862367,"[0.04815384615384615, 0.08830769230769231, 0.12346153846153846, 0.245974358974359, 0.3548974358974359, 0.534051282051282, 0.6250769230769231, 0.564923076923077, 0.21556410256410258]"
Virtual_2D_response_surface,,40.40372209155841,8.299998714750346,29.81951665105814,,0.3885190635451505,44.67969230769231,0.6356666666666667,0.15047793999968107,0.679264611969428,0.3747620138480049,12.101954504906043,4.535352841755524,"[0.05369230769230769, 0.0998974358974359, 0.14302564102564103, 0.26656410256410257, 0.3803846153846154, 0.5593076923076923, 0.6356666666666667, 0.5737948717948718, 0.23335897435897435]"
Virtual_2D_response_surface,,49.915948052625545,8.281459564928761,24.19099825929011,,0.3320406911928651,38.18467948717949,0.5357179487179488,0.15639650324752077,0.6799239271857535,0.45068673621003685,10.749510628959973,4.844661861221071,"[0.04276923076923077, 0.08117948717948718, 0.11417948717948719, 0.21417948717948718, 0.3071025641025641, 0.46187179487179486, 0.5357179487179488, 0.4886666666666667, 0.21043589743589744]"
Virtual_2D_response_surface,,40.520064711506194,9.316766679485367,26.488944304015604,,0.3670101449275363,42.206166666666675,0.6073076923076923,0.1621079697012426,0.6432620876331178,0.43795735658951845,12.315520776970075,5.393672924505107,"[0.04815384615384615, 0.08956410256410256, 0.1265128205128205, 0.24225641025641026, 0.35215384615384615, 0.5206666666666667, 0.6073076923076923, 0.5455641025641026, 0.22056410256410255]"
Virtual_2D_response_surface,,58.20922797043118,7.184606418253564,23.911409592631795,,0.3129396878483835,35.9880641025641,0.4955897435897436,0.14634053606309938,0.7191334181148674,0.43465598293579466,9.479722666756347,4.120418173677712,"[0.04215384615384615, 0.07492307692307693, 0.107, 0.19582051282051283, 0.2794102564102564, 0.43, 0.4955897435897436, 0.45156410256410257, 0.21264102564102563]"
Virtual_2D_response_surface,,41.841060764221005,8.224787618335819,29.058461798614655,,0.38041828316610926,43.74810256410257,0.6128461538461538,0.14888016449017694,0.6819400423964691,0.3828231416359948,11.723804470578099,4.488143659352828,"[0.051743589743589745, 0.10007692307692308, 0.1407179487179487, 0.25653846153846155, 0.367, 0.5355641025641026, 0.6128461538461538, 0.5604358974358974, 0.23387179487179488]"
Virtual_2D_response_surface,,39.19551200233209,10.876016082057914,23.458153132640586,,0.34676153846153845,39.87757692307692,0.579025641025641,0.17537575928599067,0.5885902809016443,0.512208226706547,12.588408596466207,6.447886444253408,"[0.041846153846153845, 0.07994871794871795, 0.115, 0.22584615384615384, 0.33087179487179486, 0.5006666666666667, 0.579025641025641, 0.5241538461538462, 0.1991025641025641]"
Virtual_2D_response_surface,,37.480126848045956,8.669120010692891,30.776833341987906,,0.4066895206243033,46.76929487179488,0.6502820512820513,0.14915273065187776,0.6661593829233116,0.37030467644613196,12.556382473423925,4.649687149155128,"[0.05682051282051282, 0.10284615384615385, 0.14335897435897435, 0.2682307692307692, 0.38884615384615384, 0.5761794871794872, 0.6502820512820513, 0.5980769230769231, 0.254025641025641]"
Virtual_2D_response_surface,,35.70276100886549,10.07066067153595,27.812513199650702,,0.3917658862876254,45.053076923076915,0.6444615384615384,0.1639218605607281,0.6167524768323884,0.43554265813969656,13.29333154778947,5.789812957856512,"[0.05153846153846154, 0.09515384615384616, 0.13697435897435897, 0.25964102564102565, 0.38251282051282054, 0.5641538461538461, 0.6444615384615384, 0.5806410256410256, 0.23558974358974358]"
Virtual_2D_response_surface,,24.165898493128793,17.22126511739858,24.028795450060258,,0.38187380156075806,43.91548717948718,0.6618205128205128,0.19813882866412072,0.37113357491640825,0.6491361908679333,15.662453741924041,10.16706556167778,"[0.04223076923076923, 0.083, 0.11707692307692308, 0.24328205128205127, 0.38066666666666665, 0.5746153846153846, 0.6618205128205128, 0.5897179487179487, 0.1995897435897436]"
Virtual_2D_response_surface,,27.629872504346885,13.655713793342219,26.503712578446763,,0.3978559643255295,45.75343589743589,0.6658717948717948,0.17879144247617404,0.4924614237313984,0.5312981768258815,14.724581044218706,7.823143063318334,"[0.048205128205128206, 0.09312820512820513, 0.13276923076923078, 0.265, 0.397, 0.5769487179487179, 0.6658717948717948, 0.6075641025641025, 0.2174102564102564]"
Virtual_2D_response_surface,,27.827849869524968,13.052488704863634,27.531319235554754,,0.40730356744704566,46.83991025641025,0.6924615384615385,0.17901022757104057,0.5131940669003024,0.5042866778703898,15.09268138993281,7.611038158285474,"[0.04948717948717949, 0.09317948717948718, 0.13615384615384615, 0.27225641025641023, 0.39184615384615384, 0.5998205128205129, 0.6924615384615385, 0.6221282051282051, 0.2222051282051282]"
Virtual_2D_response_surface,,46.6306200971288,6.2454748817645225,34.33707864631191,,0.3980735785953178,45.77846153846154,0.6194615384615385,0.12847750256531,0.7530553091680364,0.28566802321357326,10.586704337538547,3.0242829004511984,"[0.05861538461538462, 0.10715384615384616, 0.14576923076923076, 0.26035897435897437, 0.37761538461538463, 0.5411794871794872, 0.6194615384615385, 0.5695897435897436, 0.2702051282051282]"
Virtual_2D_response_surface,,37.60706254163674,12.321685499749004,21.58044858903729,,0.33083957636566325,38.046551282051276,0.5713589743589743,0.18948789364710525,0.5384026300690347,0.5695023836434836,12.976849553350442,7.390346752815953,"[0.03743589743589744, 0.07235897435897436, 0.10517948717948718, 0.2154102564102564, 0.31635897435897437, 0.4774358974358974, 0.5713589743589743, 0.5101794871794871, 0.1772820512820513]"
Virtual_2D_response_surface,,38.52345580498926,10.102452872741988,25.694958914073432,,0.3669889632107023,42.203730769230766,0.6094615384615385,0.16802026715810317,0.6156377630614237,0.4646398627793921,12.763947814046663,5.930638960841963,"[0.04748717948717949, 0.08746153846153847, 0.125, 0.23676923076923076, 0.3434871794871795, 0.5235641025641026, 0.6094615384615385, 0.5545897435897436, 0.21243589743589744]"
Virtual_2D_response_surface,,35.69254471292997,11.842975458712235,23.65710832141377,,0.35820490523968784,41.1935641025641,0.5962307692307692,0.17941025507355587,0.5549725287113705,0.5293198723923471,13.302986117453822,7.041534914127822,"[0.04461538461538461, 0.08382051282051282, 0.11705128205128205, 0.22792307692307692, 0.33812820512820513, 0.5145641025641026, 0.5962307692307692, 0.545, 0.20353846153846153]"
Virtual_2D_response_surface,,54.951858431490884,7.102819177394394,25.620456100138252,,0.33008127090301004,37.959346153846155,0.5202307692307693,0.14343958662843878,0.7220739492476961,0.4080346778460426,9.800771257788318,3.99905454281441,"[0.04466666666666667, 0.08476923076923076, 0.11369230769230769, 0.20653846153846153, 0.30412820512820515, 0.45266666666666666, 0.5202307692307693, 0.4818717948717949, 0.2163076923076923]"
Virtual_2D_response_surface,,21.37422961718578,18.606018802947418,25.145256720424417,,0.3974792642140468,45.71011538461538,0.6935384615384615,0.19845400119359155,0.32450454284724595,0.6734259407683448,16.328439527575803,10.995994750136763,"[0.046538461538461535, 0.08971794871794872, 0.12376923076923077, 0.25046153846153846, 0.3982307692307692, 0.5975128205128205, 0.6935384615384615, 0.6105641025641025, 0.20997435897435898]"
Virtual_2D_response_surface,,39.03863773995069,8.374810743235987,30.586539463409178,,0.39697569676700106,45.652205128205125,0.6363846153846154,0.14689597453254982,0.676605128887776,0.36686257106133024,12.07102529136161,4.428407373735263,"[0.0577948717948718, 0.104, 0.14597435897435898, 0.2658974358974359, 0.38194871794871793, 0.5736923076923077, 0.6363846153846154, 0.5892307692307692, 0.23823076923076922]"
Virtual_2D_response_surface,,28.420556622812384,13.744578853652643,25.59976528058081,,0.3925929765886288,45.14819230769231,0.6736923076923077,0.18821078882776085,0.4894126768499046,0.544939700123252,15.295278399080788,8.335004424096738,"[0.04582051282051282, 0.08641025641025642, 0.1264102564102564, 0.2552051282051282, 0.38253846153846155, 0.5744102564102564, 0.6736923076923077, 0.6013333333333334, 0.21317948717948718]"
Virtual_2D_response_surface,,54.547391891145054,8.130605742035593,22.547744626537618,,0.308879375696767,35.52112820512821,0.5019743589743589,0.15724664689449966,0.6852928248392722,0.47297590672222956,10.054040947498885,4.755319133365709,"[0.04023076923076923, 0.07574358974358975, 0.10402564102564102, 0.1956153846153846, 0.27976923076923077, 0.42443589743589744, 0.5019743589743589, 0.46105128205128204, 0.19028205128205128]"
Virtual_2D_response_surface,,31.051371266597652,13.12437191323281,24.538086175758732,,0.3752231884057971,43.150666666666666,0.6368717948717949,0.1853269063036596,0.5107199793663442,0.5448541231944145,14.394563204892806,7.842937113768452,"[0.04453846153846154, 0.08756410256410256, 0.12051282051282051, 0.24920512820512822, 0.36464102564102563, 0.5508974358974359, 0.6368717948717949, 0.5788717948717949, 0.19876923076923078]"
Virtual_2D_response_surface,,22.4250926548885,18.27192533388552,24.405147793120346,,0.3862152731326644,44.41475641025641,0.6768974358974359,0.19972230376958244,0.3357319117357036,0.6723227284521293,15.967111448918232,10.735051934835937,"[0.0471025641025641, 0.08915384615384615, 0.12835897435897436, 0.24517948717948718, 0.382051282051282, 0.5844871794871795, 0.6768974358974359, 0.5988205128205129, 0.19623076923076924]"
Virtual_2D_response_surface,,21.08329570120416,19.95126165114167,23.773391141581232,,0.3784881828316611,43.526141025641024,0.6729487179487179,0.20443713944037226,0.279434655915337,0.7247785881453709,16.017047571888508,11.608813125410594,"[0.044743589743589746, 0.0886923076923077, 0.12330769230769231, 0.2372051282051282, 0.38261538461538463, 0.5712820512820512, 0.6729487179487179, 0.5773076923076923, 0.20097435897435897]"
Virtual_2D_response_surface,,26.360474920277476,15.731061638000948,24.115081658288947,,0.3842319955406912,44.18667948717949,0.6602820512820513,0.19681136605104224,0.42160528335315195,0.6110112403602063,15.653593352036452,9.564521490122072,"[0.04592307692307692, 0.08517948717948717, 0.12525641025641027, 0.24076923076923076, 0.38251282051282054, 0.5644615384615385, 0.6602820512820513, 0.5886923076923077, 0.20764102564102563]"
Virtual_2D_response_surface,,25.161966116507163,16.50770584742063,24.075133569329488,,0.3804538461538462,43.75219230769231,0.6587948717948718,0.19667797908925966,0.39526157849093646,0.6305942976696265,15.489166974842835,9.76738036998859,"[0.04287179487179487, 0.08648717948717949, 0.12066666666666667, 0.24094871794871794, 0.37223076923076925, 0.559076923076923, 0.6587948717948718, 0.5893076923076923, 0.19876923076923078]"
Virtual_2D_response_surface,,39.79278025869785,8.637734456837329,29.093493086189806,,0.38680824972129324,44.48294871794872,0.6325641025641026,0.1534999239880616,0.6672720888169998,0.39036928375682417,12.290632644545948,4.797885462369643,"[0.04971794871794872, 0.09828205128205128, 0.13646153846153847, 0.257025641025641, 0.37166666666666665, 0.5467435897435897, 0.6325641025641026, 0.5768974358974359, 0.23056410256410256]"
Virtual_2D_response_surface,,36.269421084246225,11.692389362026669,23.58066818914885,,0.3565139353400223,40.999102564102564,0.5917435897435898,0.17856326089839486,0.5601946128075114,0.5272536611985639,13.177680205957014,6.947980134694681,"[0.042666666666666665, 0.08174358974358974, 0.11733333333333333, 0.23376923076923076, 0.33815384615384614, 0.5170769230769231, 0.5917435897435898, 0.5381282051282051, 0.20607692307692307]"
Virtual_2D_response_surface,,42.33537133550678,10.335755284980873,22.853588770310715,,0.33769353400222973,38.83475641025642,0.5628461538461539,0.17495164888067877,0.6074652508208488,0.5103373312373563,12.229568402136966,6.241205300531278,"[0.04194871794871795, 0.08041025641025641, 0.11158974358974359, 0.21256410256410257, 0.3178717948717949, 0.47902564102564105, 0.5628461538461539, 0.5055897435897436, 0.20164102564102565]"
Virtual_2D_response_surface,,43.972713785571344,10.227885666016892,22.234679125935248,,0.32580925306577485,37.46806410256411,0.5530512820512821,0.17684537976869166,0.611242226521227,0.5176089384573025,11.926897245748139,6.1734686224610185,"[0.04174358974358974, 0.08033333333333334, 0.112, 0.21469230769230768, 0.3081282051282051, 0.4625641025641026, 0.5530512820512821, 0.4968717948717949, 0.18069230769230768]"
Virtual_2D_response_surface,,35.18934741284308,11.726872105928132,24.232967416391375,,0.3629244147157191,41.7363076923077,0.613897435897436,0.18042791714783585,0.5589983867818968,0.518728364382321,13.5547111194557,7.031213128670114,"[0.04402564102564103, 0.08166666666666667, 0.11751282051282051, 0.23423076923076924, 0.348, 0.5196923076923077, 0.613897435897436, 0.554974358974359, 0.2013076923076923]"
Virtual_2D_response_surface,,33.266897374704705,13.16916225176224,22.82598634368162,,0.3550548494983277,40.83130769230769,0.6057435897435898,0.18998315275628866,0.5091788620863827,0.5694047202383328,13.963069019784088,7.95063740887869,"[0.04230769230769231, 0.07935897435897436, 0.1135897435897436, 0.22648717948717947, 0.33794871794871795, 0.5143589743589744, 0.6057435897435898, 0.5475641025641026, 0.19143589743589742]"
Virtual_2D_response_surface,,31.096724771791727,13.817048832241268,23.2739478935816,,0.36372954292084725,41.82889743589743,0.6155128205128205,0.18925254904661204,0.4869274320591432,0.5774563913026929,14.249205834395191,8.228294980059124,"[0.041692307692307695, 0.08171794871794871, 0.11494871794871794, 0.22933333333333333, 0.34723076923076923, 0.5350769230769231, 0.6155128205128205, 0.5638974358974359, 0.19302564102564101]"
Virtual_2D_response_surface,,52.08436487180559,7.644576054748498,25.11534924067215,,0.3241559643255295,37.277935897435896,0.5413589743589744,0.15216274932305127,0.7026409220691755,0.425248554234771,10.210163787436162,4.3418573891074415,"[0.046564102564102566, 0.08551282051282051, 0.11566666666666667, 0.21123076923076922, 0.3067948717948718, 0.4560769230769231, 0.5413589743589744, 0.47417948717948716, 0.20248717948717948]"
Virtual_2D_response_surface,,48.35823343738376,6.262878385996478,33.018367277931596,,0.38579542920847265,44.36647435897436,0.5986153846153847,0.12904556962665184,0.7524234063367353,0.30005319756970983,10.30553452076416,3.0922085856203134,"[0.057025641025641026, 0.10266666666666667, 0.13692307692307693, 0.25366666666666665, 0.37038461538461537, 0.5299230769230769, 0.5986153846153847, 0.5524358974358974, 0.26082051282051283]"
Measured_50cm_transect,1.0,50.0,7.0,28.571428571428573,185.333,0.3600882943143813,41.41015384615385,0.5683846153846154,0.1406367060761174,0.7257741951954417,0.36612744439057704,10.482817743051013,3.838047270275464,"[0.048025641025641025, 0.09115384615384615, 0.12925641025641027, 0.23756410256410257, 0.3385128205128205, 0.49623076923076925, 0.5683846153846154, 0.5201538461538462, 0.23866666666666667]"
Measured_50cm_transect,2.0,50.0,8.0,25.0,190.222,0.33933846153846153,39.023923076923076,0.5430769230769231,0.1533614003221675,0.6899469604632611,0.43353739062305047,10.772574280454645,4.670313743841292,"[0.04364102564102564, 0.08056410256410257, 0.1138974358974359, 0.21317948717948718, 0.31374358974358973, 0.4755897435897436, 0.5430769230769231, 0.49625641025641026, 0.22012820512820513]"
Measured_50cm_transect,3.0,50.0,9.0,22.22222222222222,177.112,0.31960590858416943,36.75467948717949,0.5231025641025641,0.1666702357139683,0.6544463274141034,0.49426318718720247,11.02663996869521,5.450062214893089,"[0.04161538461538462, 0.07558974358974359, 0.10597435897435897, 0.19923076923076924, 0.29174358974358977, 0.4464102564102564, 0.5231025641025641, 0.4798205128205128, 0.1931025641025641]"
Measured_50cm_transect,4.0,50.0,10.0,20.0,150.222,0.29717547380156073,34.175179487179484,0.49356410256410255,0.1753361130420466,0.6192309229898428,0.5487614381954425,10.785857640833402,5.918862751155041,"[0.036564102564102564, 0.0661025641025641, 0.09543589743589743, 0.18917948717948718, 0.2864871794871795, 0.4278717948717949, 0.49356410256410255, 0.4474871794871795, 0.17376923076923076]"
Measured_50cm_transect,5.0,50.0,11.0,18.181818181818183,148.444,0.28484960981047935,32.757705128205124,0.4877692307692308,0.192318419848289,0.584268260284399,0.5976584377303467,11.339838158602687,6.777349957985453,"[0.03197435897435898, 0.06235897435897436, 0.08961538461538461, 0.17810256410256411, 0.26187179487179485, 0.4034871794871795, 0.4877692307692308, 0.43438461538461537, 0.16215384615384615]"
